# -*- coding: utf-8 -*-

# Resource object code
#
# Created by: The Resource Compiler for PyQt5 (Qt v5.15.2)
#
# WARNING! All changes made in this file will be lost!

from PyQt5 import QtCore

qt_resource_data = b"\
\x00\x00\x11\xbe\
\x3c\
\x3f\x78\x6d\x6c\x20\x76\x65\x72\x73\x69\x6f\x6e\x3d\x22\x31\x2e\
\x30\x22\x20\x73\x74\x61\x6e\x64\x61\x6c\x6f\x6e\x65\x3d\x22\x6e\
\x6f\x22\x3f\x3e\x3c\x21\x44\x4f\x43\x54\x59\x50\x45\x20\x73\x76\
\x67\x20\x50\x55\x42\x4c\x49\x43\x20\x22\x2d\x2f\x2f\x57\x33\x43\
\x2f\x2f\x44\x54\x44\x20\x53\x56\x47\x20\x31\x2e\x31\x2f\x2f\x45\
\x4e\x22\x20\x22\x68\x74\x74\x70\x3a\x2f\x2f\x77\x77\x77\x2e\x77\
\x33\x2e\x6f\x72\x67\x2f\x47\x72\x61\x70\x68\x69\x63\x73\x2f\x53\
\x56\x47\x2f\x31\x2e\x31\x2f\x44\x54\x44\x2f\x73\x76\x67\x31\x31\
\x2e\x64\x74\x64\x22\x3e\x3c\x73\x76\x67\x20\x74\x3d\x22\x31\x37\
\x36\x34\x30\x37\x34\x34\x31\x37\x33\x36\x30\x22\x20\x63\x6c\x61\
\x73\x73\x3d\x22\x69\x63\x6f\x6e\x22\x20\x76\x69\x65\x77\x42\x6f\
\x78\x3d\x22\x30\x20\x30\x20\x31\x30\x32\x34\x20\x31\x30\x32\x34\
\x22\x20\x76\x65\x72\x73\x69\x6f\x6e\x3d\x22\x31\x2e\x31\x22\x20\
\x78\x6d\x6c\x6e\x73\x3d\x22\x68\x74\x74\x70\x3a\x2f\x2f\x77\x77\
\x77\x2e\x77\x33\x2e\x6f\x72\x67\x2f\x32\x30\x30\x30\x2f\x73\x76\
\x67\x22\x20\x70\x2d\x69\x64\x3d\x22\x36\x38\x37\x39\x22\x20\x78\
\x6d\x6c\x6e\x73\x3a\x78\x6c\x69\x6e\x6b\x3d\x22\x68\x74\x74\x70\
\x3a\x2f\x2f\x77\x77\x77\x2e\x77\x33\x2e\x6f\x72\x67\x2f\x31\x39\
\x39\x39\x2f\x78\x6c\x69\x6e\x6b\x22\x20\x77\x69\x64\x74\x68\x3d\
\x22\x32\x30\x30\x22\x20\x68\x65\x69\x67\x68\x74\x3d\x22\x32\x30\
\x30\x22\x3e\x3c\x70\x61\x74\x68\x20\x64\x3d\x22\x4d\x39\x36\x39\
\x2e\x34\x38\x35\x20\x33\x33\x37\x2e\x35\x36\x32\x61\x32\x34\x38\
\x2e\x32\x37\x20\x32\x34\x38\x2e\x32\x37\x20\x30\x20\x30\x20\x31\
\x2d\x31\x30\x2e\x39\x35\x36\x20\x37\x33\x2e\x34\x37\x32\x63\x2d\
\x31\x2e\x37\x39\x32\x20\x35\x2e\x36\x33\x32\x2d\x31\x2e\x32\x38\
\x20\x39\x2e\x34\x32\x20\x32\x2e\x38\x31\x36\x20\x31\x34\x2e\x30\
\x38\x61\x32\x35\x31\x2e\x39\x30\x34\x20\x32\x35\x31\x2e\x39\x30\
\x34\x20\x30\x20\x30\x20\x31\x20\x35\x39\x2e\x31\x38\x37\x20\x31\
\x32\x36\x2e\x39\x37\x36\x63\x32\x2e\x34\x35\x37\x20\x31\x33\x2e\
\x37\x32\x31\x20\x33\x2e\x36\x33\x35\x20\x32\x37\x2e\x36\x34\x38\
\x20\x33\x2e\x35\x38\x34\x20\x34\x31\x2e\x36\x32\x35\x41\x32\x35\
\x39\x2e\x31\x32\x33\x20\x32\x35\x39\x2e\x31\x32\x33\x20\x30\x20\
\x30\x20\x31\x20\x39\x37\x36\x2e\x35\x20\x37\x34\x30\x2e\x31\x34\
\x37\x61\x32\x35\x35\x2e\x38\x34\x36\x20\x32\x35\x35\x2e\x38\x34\
\x36\x20\x30\x20\x30\x20\x31\x2d\x39\x38\x2e\x31\x20\x38\x33\x2e\
\x37\x36\x33\x20\x32\x34\x30\x2e\x35\x33\x38\x20\x32\x34\x30\x2e\
\x35\x33\x38\x20\x30\x20\x30\x20\x31\x2d\x35\x36\x2e\x33\x32\x20\
\x31\x39\x2e\x37\x36\x34\x20\x31\x30\x2e\x34\x39\x36\x20\x31\x30\
\x2e\x34\x39\x36\x20\x30\x20\x30\x20\x30\x2d\x38\x2e\x37\x30\x33\
\x20\x37\x2e\x36\x38\x63\x2d\x32\x38\x2e\x30\x35\x38\x20\x37\x35\
\x2e\x33\x31\x35\x2d\x37\x39\x2e\x38\x37\x32\x20\x31\x32\x37\x2e\
\x34\x38\x38\x2d\x31\x35\x35\x2e\x36\x34\x38\x20\x31\x35\x36\x2e\
\x35\x31\x38\x61\x32\x34\x38\x2e\x31\x31\x35\x20\x32\x34\x38\x2e\
\x31\x31\x35\x20\x30\x20\x30\x20\x31\x2d\x37\x37\x2e\x31\x30\x38\
\x20\x31\x35\x2e\x37\x37\x63\x2d\x36\x37\x2e\x35\x38\x34\x20\x33\
\x2e\x32\x37\x36\x2d\x31\x32\x37\x2e\x36\x39\x32\x2d\x31\x36\x2e\
\x30\x32\x36\x2d\x31\x38\x30\x2e\x32\x32\x34\x2d\x35\x38\x2e\x30\
\x31\x61\x33\x31\x35\x2e\x32\x33\x38\x20\x33\x31\x35\x2e\x32\x33\
\x38\x20\x30\x20\x30\x20\x31\x2d\x32\x34\x2e\x33\x32\x2d\x32\x32\
\x2e\x36\x33\x20\x31\x31\x2e\x31\x36\x32\x20\x31\x31\x2e\x31\x36\
\x32\x20\x30\x20\x30\x20\x30\x2d\x31\x31\x2e\x32\x36\x34\x2d\x33\
\x2e\x35\x38\x34\x63\x2d\x36\x31\x2e\x39\x35\x32\x20\x31\x30\x2e\
\x39\x30\x35\x2d\x31\x32\x31\x2e\x30\x33\x36\x20\x32\x2e\x34\x35\
\x37\x2d\x31\x37\x35\x2e\x38\x37\x32\x2d\x32\x38\x2e\x33\x36\x35\
\x43\x31\x31\x37\x2e\x34\x31\x35\x20\x38\x37\x30\x2e\x38\x36\x20\
\x37\x34\x2e\x33\x35\x36\x20\x38\x30\x39\x2e\x38\x33\x20\x35\x38\
\x2e\x34\x38\x34\x20\x37\x33\x30\x2e\x35\x32\x32\x61\x32\x33\x39\
\x2e\x39\x37\x34\x20\x32\x33\x39\x2e\x39\x37\x34\x20\x30\x20\x30\
\x20\x31\x20\x36\x2e\x37\x30\x37\x2d\x31\x31\x37\x2e\x35\x35\x36\
\x6c\x31\x2e\x31\x32\x36\x2d\x33\x2e\x35\x38\x34\x61\x37\x2e\x31\
\x36\x38\x20\x37\x2e\x31\x36\x38\x20\x30\x20\x30\x20\x30\x2d\x31\
\x2e\x37\x34\x2d\x38\x2e\x30\x39\x41\x32\x35\x35\x2e\x33\x33\x34\
\x20\x32\x35\x35\x2e\x33\x33\x34\x20\x30\x20\x30\x20\x31\x20\x30\
\x2e\x37\x33\x20\x34\x34\x38\x2e\x36\x31\x35\x61\x32\x34\x39\x2e\
\x31\x39\x20\x32\x34\x39\x2e\x31\x39\x20\x30\x20\x30\x20\x31\x20\
\x32\x38\x2e\x36\x37\x32\x2d\x31\x33\x34\x2e\x39\x31\x32\x20\x32\
\x35\x35\x2e\x32\x38\x33\x20\x32\x35\x35\x2e\x32\x38\x33\x20\x30\
\x20\x30\x20\x31\x20\x31\x31\x38\x2e\x30\x31\x36\x2d\x31\x31\x34\
\x2e\x35\x38\x35\x20\x32\x34\x32\x2e\x37\x39\x20\x32\x34\x32\x2e\
\x37\x39\x20\x30\x20\x30\x20\x31\x20\x35\x34\x2e\x34\x37\x37\x2d\
\x31\x38\x2e\x38\x34\x32\x63\x34\x2e\x32\x35\x2d\x30\x2e\x35\x36\
\x33\x20\x37\x2e\x36\x38\x2d\x33\x2e\x35\x38\x34\x20\x38\x2e\x37\
\x35\x35\x2d\x37\x2e\x36\x38\x61\x32\x35\x30\x2e\x33\x36\x38\x20\
\x32\x35\x30\x2e\x33\x36\x38\x20\x30\x20\x30\x20\x31\x20\x36\x38\
\x2e\x35\x35\x37\x2d\x31\x30\x33\x2e\x35\x37\x37\x20\x32\x36\x36\
\x2e\x31\x33\x38\x20\x32\x36\x36\x2e\x31\x33\x38\x20\x30\x20\x30\
\x20\x31\x20\x33\x30\x32\x2e\x33\x33\x36\x2d\x33\x38\x2e\x36\x30\
\x35\x63\x32\x34\x2e\x33\x37\x31\x20\x31\x32\x2e\x36\x39\x37\x20\
\x34\x36\x2e\x32\x38\x35\x20\x32\x39\x2e\x33\x33\x37\x20\x36\x34\
\x2e\x39\x32\x32\x20\x34\x39\x2e\x33\x30\x35\x20\x34\x2e\x33\x35\
\x32\x20\x34\x2e\x36\x36\x20\x38\x2e\x34\x34\x38\x20\x35\x2e\x36\
\x33\x32\x20\x31\x34\x2e\x36\x34\x33\x20\x34\x2e\x36\x30\x38\x61\
\x32\x36\x31\x2e\x30\x31\x38\x20\x32\x36\x31\x2e\x30\x31\x38\x20\
\x30\x20\x30\x20\x31\x20\x31\x34\x38\x2e\x36\x38\x35\x20\x31\x36\
\x2e\x32\x38\x32\x20\x32\x35\x33\x2e\x39\x33\x31\x20\x32\x35\x33\
\x2e\x39\x33\x31\x20\x30\x20\x30\x20\x31\x20\x38\x38\x2e\x34\x32\
\x32\x20\x36\x31\x2e\x30\x33\x20\x32\x35\x37\x2e\x32\x32\x39\x20\
\x32\x35\x37\x2e\x32\x32\x39\x20\x30\x20\x30\x20\x31\x20\x37\x31\
\x2e\x32\x37\x20\x31\x37\x35\x2e\x39\x32\x34\x7a\x4d\x35\x38\x31\
\x2e\x39\x30\x31\x20\x31\x31\x31\x2e\x31\x30\x34\x63\x2d\x31\x2e\
\x36\x39\x2d\x31\x2e\x36\x33\x38\x2d\x32\x2e\x38\x31\x36\x2d\x32\
\x2e\x38\x36\x37\x2d\x34\x2e\x30\x39\x36\x2d\x33\x2e\x38\x39\x31\
\x61\x31\x39\x34\x2e\x31\x20\x31\x39\x34\x2e\x31\x20\x30\x20\x30\
\x20\x30\x2d\x31\x34\x30\x2e\x34\x39\x32\x2d\x33\x39\x2e\x39\x33\
\x36\x20\x31\x38\x37\x2e\x33\x39\x32\x20\x31\x38\x37\x2e\x33\x39\
\x32\x20\x30\x20\x30\x20\x30\x2d\x31\x30\x37\x2e\x38\x32\x38\x20\
\x34\x36\x2e\x35\x39\x32\x63\x2d\x34\x33\x2e\x33\x36\x36\x20\x33\
\x37\x2e\x39\x33\x39\x2d\x36\x36\x2e\x32\x30\x31\x20\x38\x35\x2e\
\x38\x31\x31\x2d\x36\x36\x2e\x37\x31\x33\x20\x31\x34\x33\x2e\x30\
\x35\x33\x2d\x30\x2e\x36\x36\x36\x20\x37\x38\x2e\x30\x38\x2d\x30\
\x2e\x31\x30\x33\x20\x31\x35\x36\x2e\x31\x36\x2d\x30\x2e\x32\x35\
\x36\x20\x32\x33\x34\x2e\x32\x39\x2d\x30\x2e\x34\x36\x31\x20\x34\
\x2e\x34\x35\x35\x20\x32\x2e\x30\x34\x38\x20\x38\x2e\x37\x30\x35\
\x20\x36\x2e\x31\x34\x34\x20\x31\x30\x2e\x35\x34\x38\x20\x32\x36\
\x2e\x31\x31\x32\x20\x31\x34\x2e\x36\x34\x33\x20\x35\x32\x2e\x30\
\x31\x39\x20\x32\x39\x2e\x35\x34\x32\x20\x37\x38\x2e\x30\x32\x39\
\x20\x34\x34\x2e\x33\x34\x20\x31\x2e\x35\x33\x36\x20\x30\x2e\x39\
\x32\x20\x33\x2e\x32\x37\x36\x20\x31\x2e\x35\x33\x35\x20\x35\x2e\
\x37\x33\x34\x20\x32\x2e\x36\x36\x32\x56\x32\x36\x32\x2e\x38\x36\
\x63\x30\x2d\x31\x33\x2e\x39\x37\x38\x20\x35\x2e\x38\x38\x38\x2d\
\x32\x34\x2e\x32\x31\x38\x20\x31\x38\x2e\x31\x32\x35\x2d\x33\x31\
\x2e\x32\x33\x32\x4c\x35\x37\x35\x2e\x30\x34\x20\x31\x31\x35\x2e\
\x32\x6c\x36\x2e\x38\x36\x2d\x34\x2e\x31\x34\x37\x7a\x4d\x31\x39\
\x35\x2e\x31\x38\x38\x20\x32\x35\x31\x2e\x37\x35\x63\x2d\x32\x2e\
\x32\x35\x33\x20\x30\x2e\x36\x36\x36\x2d\x33\x2e\x37\x39\x20\x31\
\x2e\x30\x32\x34\x2d\x35\x2e\x33\x37\x36\x20\x31\x2e\x36\x33\x39\
\x61\x31\x38\x31\x2e\x31\x39\x37\x20\x31\x38\x31\x2e\x31\x39\x37\
\x20\x30\x20\x30\x20\x30\x2d\x35\x39\x2e\x39\x30\x34\x20\x33\x37\
\x2e\x35\x33\x63\x2d\x34\x37\x2e\x31\x30\x34\x20\x34\x34\x2e\x38\
\x2d\x36\x38\x2e\x32\x35\x20\x39\x39\x2e\x33\x37\x39\x2d\x36\x30\
\x2e\x35\x31\x39\x20\x31\x36\x33\x2e\x35\x33\x32\x20\x37\x2e\x36\
\x38\x20\x36\x32\x2e\x38\x37\x34\x20\x33\x39\x2e\x38\x38\x35\x20\
\x31\x31\x31\x2e\x31\x30\x34\x20\x39\x35\x2e\x30\x37\x39\x20\x31\
\x34\x33\x2e\x33\x30\x39\x20\x36\x38\x2e\x31\x34\x37\x20\x33\x39\
\x2e\x36\x38\x20\x31\x33\x37\x2e\x30\x31\x20\x37\x38\x2e\x32\x33\
\x34\x20\x32\x30\x35\x2e\x34\x36\x35\x20\x31\x31\x37\x2e\x34\x30\
\x32\x61\x39\x2e\x36\x37\x37\x20\x39\x2e\x36\x37\x37\x20\x30\x20\
\x30\x20\x30\x20\x31\x31\x2e\x31\x31\x2d\x30\x2e\x31\x30\x33\x63\
\x32\x35\x2e\x37\x35\x34\x2d\x31\x34\x2e\x38\x34\x38\x20\x35\x31\
\x2e\x35\x36\x2d\x32\x39\x2e\x34\x39\x31\x20\x37\x37\x2e\x34\x31\
\x35\x2d\x34\x34\x2e\x31\x38\x35\x20\x31\x2e\x38\x39\x35\x2d\x31\
\x2e\x30\x32\x34\x20\x33\x2e\x35\x33\x33\x2d\x32\x2e\x32\x30\x32\
\x20\x35\x2e\x37\x33\x35\x2d\x33\x2e\x36\x38\x37\x2d\x31\x2e\x38\
\x39\x35\x2d\x31\x2e\x33\x33\x31\x2d\x33\x2e\x32\x37\x37\x2d\x32\
\x2e\x33\x35\x35\x2d\x34\x2e\x37\x31\x2d\x33\x2e\x31\x37\x34\x4c\
\x32\x38\x31\x2e\x37\x31\x35\x20\x35\x36\x32\x2e\x36\x33\x37\x6c\
\x2d\x36\x39\x2e\x36\x33\x32\x2d\x33\x39\x2e\x36\x38\x61\x32\x39\
\x2e\x35\x34\x32\x20\x32\x39\x2e\x35\x34\x32\x20\x30\x20\x30\x20\
\x31\x2d\x31\x34\x2e\x34\x39\x2d\x31\x37\x2e\x31\x35\x32\x20\x35\
\x37\x2e\x36\x35\x31\x20\x35\x37\x2e\x36\x35\x31\x20\x30\x20\x30\
\x20\x31\x2d\x32\x2e\x33\x35\x35\x2d\x31\x36\x2e\x31\x38\x20\x35\
\x36\x33\x37\x37\x2e\x38\x31\x20\x35\x36\x33\x37\x37\x2e\x38\x31\
\x20\x30\x20\x30\x20\x31\x20\x30\x2d\x32\x32\x37\x2e\x39\x34\x32\
\x76\x2d\x39\x2e\x39\x33\x33\x7a\x20\x6d\x37\x30\x33\x2e\x37\x34\
\x34\x20\x31\x31\x39\x2e\x32\x39\x36\x61\x31\x37\x35\x2e\x31\x30\
\x34\x20\x31\x37\x35\x2e\x31\x30\x34\x20\x30\x20\x30\x20\x30\x2d\
\x30\x2e\x33\x35\x39\x2d\x36\x37\x2e\x38\x34\x63\x2d\x31\x33\x2e\
\x38\x32\x34\x2d\x36\x35\x2e\x38\x39\x34\x2d\x35\x31\x2e\x35\x35\
\x38\x2d\x31\x31\x33\x2e\x39\x37\x2d\x31\x31\x34\x2e\x32\x37\x38\
\x2d\x31\x34\x30\x2e\x36\x39\x37\x2d\x36\x30\x2e\x38\x37\x37\x2d\
\x32\x35\x2e\x39\x35\x39\x2d\x31\x32\x30\x2e\x38\x33\x32\x2d\x32\
\x31\x2e\x30\x34\x33\x2d\x31\x37\x38\x2e\x34\x33\x32\x20\x31\x31\
\x2e\x37\x37\x36\x61\x31\x31\x34\x30\x36\x34\x2e\x32\x38\x32\x20\
\x31\x31\x34\x30\x36\x34\x2e\x32\x38\x32\x20\x30\x20\x30\x20\x31\
\x2d\x32\x30\x31\x2e\x37\x32\x38\x20\x31\x31\x34\x2e\x38\x39\x33\
\x20\x38\x2e\x31\x34\x20\x38\x2e\x31\x34\x20\x30\x20\x30\x20\x30\
\x2d\x34\x2e\x38\x36\x34\x20\x37\x2e\x39\x38\x37\x63\x30\x2e\x32\
\x30\x35\x20\x33\x30\x2e\x35\x31\x35\x20\x30\x2e\x31\x30\x32\x20\
\x36\x30\x2e\x39\x32\x38\x20\x30\x2e\x31\x30\x32\x20\x39\x31\x2e\
\x34\x34\x33\x20\x30\x20\x31\x2e\x34\x33\x34\x20\x30\x2e\x32\x35\
\x36\x20\x32\x2e\x38\x31\x36\x20\x30\x2e\x35\x31\x32\x20\x35\x2e\
\x31\x32\x6c\x31\x31\x2e\x31\x31\x2d\x36\x2e\x32\x39\x38\x4c\x35\
\x38\x39\x2e\x38\x39\x20\x32\x38\x35\x2e\x35\x34\x32\x6c\x36\x30\
\x2e\x37\x32\x33\x2d\x33\x34\x2e\x36\x31\x61\x33\x36\x2e\x32\x35\
\x20\x33\x36\x2e\x32\x35\x20\x30\x20\x30\x20\x31\x20\x32\x31\x2e\
\x35\x30\x34\x2d\x35\x2e\x31\x32\x20\x34\x30\x2e\x33\x34\x36\x20\
\x34\x30\x2e\x33\x34\x36\x20\x30\x20\x30\x20\x31\x20\x31\x36\x2e\
\x37\x39\x33\x20\x35\x2e\x39\x39\x63\x33\x35\x2e\x30\x37\x32\x20\
\x32\x30\x2e\x30\x37\x20\x37\x30\x2e\x31\x34\x34\x20\x34\x30\x2e\
\x30\x39\x20\x31\x30\x35\x2e\x32\x36\x38\x20\x36\x30\x2e\x30\x35\
\x37\x6c\x31\x30\x30\x2e\x33\x20\x35\x37\x2e\x31\x34\x61\x34\x31\
\x2e\x33\x31\x38\x20\x34\x31\x2e\x33\x31\x38\x20\x30\x20\x30\x20\
\x30\x20\x34\x2e\x34\x35\x35\x20\x32\x2e\x30\x34\x37\x7a\x4d\x31\
\x32\x34\x2e\x32\x37\x36\x20\x36\x35\x31\x2e\x39\x33\x63\x2d\x30\
\x2e\x38\x32\x20\x31\x30\x2e\x38\x35\x34\x2d\x31\x2e\x37\x39\x32\
\x20\x32\x30\x2e\x30\x37\x2d\x32\x2e\x30\x34\x38\x20\x32\x39\x2e\
\x33\x33\x37\x61\x31\x37\x37\x2e\x32\x30\x33\x20\x31\x37\x37\x2e\
\x32\x30\x33\x20\x30\x20\x30\x20\x30\x20\x32\x35\x2e\x30\x38\x38\
\x20\x39\x38\x2e\x33\x30\x34\x63\x34\x31\x2e\x32\x31\x36\x20\x36\
\x38\x2e\x31\x39\x39\x20\x31\x30\x32\x2e\x39\x31\x32\x20\x31\x30\
\x30\x2e\x32\x35\x20\x31\x38\x32\x2e\x39\x33\x37\x20\x39\x37\x2e\
\x32\x38\x20\x33\x31\x2e\x33\x33\x35\x2d\x31\x2e\x30\x37\x35\x20\
\x36\x30\x2e\x34\x31\x36\x2d\x31\x31\x2e\x33\x36\x36\x20\x38\x37\
\x2e\x35\x30\x31\x2d\x32\x37\x2e\x30\x33\x33\x20\x32\x39\x2e\x33\
\x38\x39\x2d\x31\x36\x2e\x39\x39\x39\x20\x35\x38\x2e\x39\x38\x33\
\x2d\x33\x33\x2e\x37\x34\x31\x20\x38\x38\x2e\x35\x32\x35\x2d\x35\
\x30\x2e\x35\x33\x35\x61\x34\x30\x34\x35\x31\x2e\x32\x37\x20\x34\
\x30\x34\x35\x31\x2e\x32\x37\x20\x30\x20\x30\x20\x31\x20\x31\x31\
\x33\x2e\x31\x35\x32\x2d\x36\x34\x2e\x33\x35\x38\x20\x38\x2e\x39\
\x36\x20\x38\x2e\x39\x36\x20\x30\x20\x30\x20\x30\x20\x35\x2e\x31\
\x32\x2d\x39\x2e\x30\x36\x33\x63\x2d\x30\x2e\x31\x35\x34\x2d\x32\
\x39\x2e\x36\x34\x34\x2d\x30\x2e\x30\x35\x31\x2d\x35\x39\x2e\x32\
\x39\x2d\x30\x2e\x31\x30\x32\x2d\x38\x38\x2e\x38\x38\x33\x20\x30\
\x2d\x32\x2e\x30\x34\x38\x2d\x30\x2e\x32\x30\x35\x2d\x33\x2e\x39\
\x39\x33\x2d\x30\x2e\x33\x35\x39\x2d\x36\x2e\x36\x35\x36\x2d\x32\
\x2e\x34\x30\x36\x20\x31\x2e\x32\x32\x39\x2d\x34\x2e\x30\x39\x36\
\x20\x31\x2e\x39\x39\x37\x2d\x35\x2e\x37\x33\x34\x20\x32\x2e\x39\
\x31\x39\x61\x32\x30\x39\x38\x39\x2e\x32\x38\x32\x20\x32\x30\x39\
\x38\x39\x2e\x32\x38\x32\x20\x30\x20\x30\x20\x30\x2d\x37\x39\x2e\
\x36\x31\x36\x20\x34\x35\x2e\x34\x31\x34\x6c\x2d\x31\x31\x33\x2e\
\x36\x36\x34\x20\x36\x34\x2e\x37\x36\x38\x2d\x35\x32\x2e\x39\x34\
\x31\x20\x33\x30\x2e\x31\x35\x37\x61\x33\x32\x2e\x38\x32\x20\x33\
\x32\x2e\x38\x32\x20\x30\x20\x30\x20\x31\x2d\x33\x34\x2e\x32\x30\
\x32\x20\x30\x6c\x2d\x35\x2e\x30\x36\x38\x2d\x32\x2e\x38\x31\x36\
\x4c\x31\x34\x36\x2e\x38\x30\x34\x20\x36\x36\x34\x2e\x37\x33\x63\
\x2d\x37\x2e\x30\x31\x35\x2d\x34\x2e\x30\x39\x36\x2d\x31\x34\x2e\
\x30\x33\x2d\x37\x2e\x39\x38\x38\x2d\x32\x32\x2e\x35\x32\x38\x2d\
\x31\x32\x2e\x38\x7a\x20\x6d\x34\x33\x35\x2e\x30\x34\x36\x2d\x32\
\x39\x35\x2e\x33\x37\x33\x63\x32\x2e\x30\x34\x38\x20\x31\x2e\x33\
\x33\x31\x20\x33\x2e\x30\x32\x20\x32\x2e\x31\x35\x20\x34\x2e\x30\
\x39\x36\x20\x32\x2e\x37\x31\x33\x20\x35\x32\x2e\x37\x33\x36\x20\
\x33\x30\x2e\x31\x35\x37\x20\x31\x30\x35\x2e\x34\x37\x32\x20\x36\
\x30\x2e\x32\x31\x32\x20\x31\x35\x38\x2e\x31\x35\x37\x20\x39\x30\
\x2e\x32\x31\x35\x6c\x39\x30\x2e\x32\x31\x34\x20\x35\x31\x2e\x34\
\x30\x35\x63\x37\x2e\x36\x33\x20\x34\x2e\x30\x39\x36\x20\x31\x33\
\x2e\x32\x31\x20\x31\x31\x2e\x31\x36\x31\x20\x31\x35\x2e\x33\x36\
\x20\x31\x39\x2e\x34\x35\x36\x61\x34\x35\x2e\x31\x34\x32\x20\x34\
\x35\x2e\x31\x34\x32\x20\x30\x20\x30\x20\x31\x20\x31\x2e\x36\x33\
\x39\x20\x31\x32\x2e\x35\x34\x34\x63\x30\x2e\x31\x30\x32\x20\x37\
\x37\x2e\x36\x31\x39\x20\x30\x2e\x31\x30\x32\x20\x31\x35\x35\x2e\
\x32\x39\x20\x30\x20\x32\x33\x32\x2e\x39\x36\x76\x36\x2e\x35\x35\
\x33\x63\x33\x2e\x36\x33\x35\x2d\x31\x2e\x33\x33\x31\x20\x36\x2e\
\x36\x35\x36\x2d\x32\x2e\x33\x35\x35\x20\x39\x2e\x35\x37\x34\x2d\
\x33\x2e\x35\x38\x34\x20\x32\x32\x2e\x38\x33\x35\x2d\x39\x2e\x34\
\x37\x32\x20\x34\x33\x2e\x35\x32\x2d\x32\x33\x2e\x32\x39\x36\x20\
\x36\x30\x2e\x38\x32\x36\x2d\x34\x30\x2e\x37\x35\x35\x20\x34\x30\
\x2e\x33\x34\x35\x2d\x34\x30\x2e\x37\x35\x35\x20\x36\x30\x2e\x32\
\x31\x2d\x38\x39\x2e\x36\x20\x35\x36\x2e\x35\x32\x35\x2d\x31\x34\
\x36\x2e\x35\x38\x36\x2d\x34\x2e\x34\x35\x35\x2d\x36\x37\x2e\x37\
\x38\x38\x2d\x33\x36\x2e\x38\x36\x34\x2d\x31\x31\x39\x2e\x35\x2d\
\x39\x35\x2e\x34\x38\x38\x2d\x31\x35\x34\x2e\x39\x38\x32\x2d\x31\
\x39\x2e\x33\x35\x34\x2d\x31\x31\x2e\x37\x32\x35\x2d\x33\x39\x2e\
\x32\x37\x2d\x32\x32\x2e\x36\x33\x2d\x35\x38\x2e\x39\x38\x33\x2d\
\x33\x33\x2e\x37\x34\x4c\x36\x35\x33\x2e\x37\x33\x35\x20\x33\x30\
\x38\x2e\x35\x33\x61\x39\x2e\x32\x31\x36\x20\x39\x2e\x32\x31\x36\
\x20\x30\x20\x30\x20\x30\x2d\x31\x30\x2e\x35\x34\x37\x20\x30\x2e\
\x31\x35\x34\x63\x2d\x31\x37\x2e\x35\x36\x32\x20\x31\x30\x2e\x32\
\x34\x2d\x33\x35\x2e\x32\x37\x37\x20\x32\x30\x2e\x31\x37\x33\x2d\
\x35\x32\x2e\x38\x39\x20\x33\x30\x2e\x31\x35\x37\x6c\x2d\x33\x30\
\x2e\x39\x37\x36\x20\x31\x37\x2e\x37\x31\x35\x7a\x20\x6d\x31\x31\
\x32\x2e\x32\x33\x20\x31\x31\x38\x2e\x35\x32\x38\x56\x37\x35\x39\
\x2e\x39\x31\x63\x30\x20\x31\x34\x2e\x31\x38\x33\x2d\x35\x2e\x33\
\x32\x34\x20\x32\x34\x2e\x39\x38\x36\x2d\x31\x37\x2e\x39\x32\x20\
\x33\x32\x2e\x30\x35\x32\x6c\x2d\x31\x30\x33\x2e\x31\x31\x36\x20\
\x35\x38\x2e\x37\x32\x36\x2d\x31\x30\x33\x2e\x35\x37\x38\x20\x35\
\x39\x2e\x30\x38\x35\x63\x2d\x31\x2e\x35\x33\x36\x20\x30\x2e\x38\
\x37\x2d\x32\x2e\x39\x37\x20\x32\x2e\x30\x34\x38\x2d\x34\x2e\x39\
\x36\x36\x20\x33\x2e\x34\x33\x20\x32\x2e\x33\x35\x35\x20\x31\x2e\
\x38\x39\x35\x20\x34\x2e\x30\x39\x36\x20\x33\x2e\x34\x38\x32\x20\
\x35\x2e\x39\x33\x39\x20\x34\x2e\x38\x36\x34\x20\x35\x36\x2e\x38\
\x33\x32\x20\x34\x30\x2e\x38\x30\x37\x20\x31\x31\x38\x2e\x37\x38\
\x34\x20\x35\x30\x2e\x38\x34\x32\x20\x31\x38\x35\x2e\x30\x38\x38\
\x20\x32\x37\x2e\x37\x41\x31\x39\x30\x2e\x38\x32\x32\x20\x31\x39\
\x30\x2e\x38\x32\x32\x20\x30\x20\x30\x20\x30\x20\x37\x36\x31\x2e\
\x31\x20\x37\x36\x38\x2e\x34\x36\x63\x30\x2e\x34\x31\x2d\x37\x38\
\x2e\x39\x35\x20\x30\x2d\x31\x35\x37\x2e\x39\x30\x31\x20\x30\x2e\
\x31\x35\x34\x2d\x32\x33\x36\x2e\x38\x61\x39\x2e\x31\x31\x34\x20\
\x39\x2e\x31\x31\x34\x20\x30\x20\x30\x20\x30\x2d\x35\x2e\x32\x32\
\x32\x2d\x39\x2e\x31\x36\x35\x63\x2d\x32\x36\x2e\x34\x37\x2d\x31\
\x34\x2e\x38\x34\x38\x2d\x35\x32\x2e\x37\x33\x36\x2d\x32\x39\x2e\
\x39\x35\x32\x2d\x37\x39\x2e\x31\x35\x36\x2d\x34\x35\x2e\x30\x30\
\x35\x2d\x31\x2e\x31\x37\x37\x2d\x30\x2e\x37\x31\x37\x2d\x32\x2e\
\x35\x36\x2d\x31\x2e\x31\x32\x36\x2d\x35\x2e\x33\x32\x34\x2d\x32\
\x2e\x34\x30\x36\x7a\x20\x6d\x2d\x32\x37\x32\x2e\x31\x37\x39\x20\
\x31\x30\x31\x2e\x31\x32\x6c\x31\x31\x32\x2e\x36\x34\x20\x36\x34\
\x2e\x31\x35\x33\x20\x31\x31\x32\x2e\x30\x32\x36\x2d\x36\x33\x2e\
\x38\x34\x36\x61\x31\x32\x2e\x38\x20\x31\x32\x2e\x38\x20\x30\x20\
\x30\x20\x30\x20\x30\x2e\x34\x31\x2d\x31\x2e\x38\x39\x34\x63\x30\
\x2d\x34\x31\x2e\x30\x31\x32\x20\x30\x2d\x38\x32\x2e\x30\x37\x34\
\x20\x30\x2e\x31\x35\x33\x2d\x31\x32\x33\x2e\x31\x33\x36\x20\x30\
\x2d\x33\x2e\x33\x38\x2d\x31\x2e\x36\x39\x2d\x34\x2e\x37\x36\x32\
\x2d\x34\x2e\x33\x2d\x36\x2e\x32\x34\x37\x61\x34\x31\x35\x35\x32\
\x2e\x33\x38\x34\x20\x34\x31\x35\x35\x32\x2e\x33\x38\x34\x20\x30\
\x20\x30\x20\x31\x2d\x39\x38\x2e\x36\x31\x32\x2d\x35\x36\x2e\x31\
\x31\x35\x6c\x2d\x39\x2e\x37\x32\x38\x2d\x35\x2e\x33\x37\x36\x2d\
\x33\x2e\x39\x34\x32\x20\x32\x2e\x31\x35\x2d\x31\x30\x34\x2e\x32\
\x34\x33\x20\x35\x39\x2e\x31\x38\x38\x61\x37\x2e\x39\x33\x36\x20\
\x37\x2e\x39\x33\x36\x20\x30\x20\x30\x20\x30\x2d\x34\x2e\x35\x30\
\x36\x20\x38\x2e\x30\x39\x63\x30\x2e\x31\x35\x34\x20\x32\x38\x2e\
\x39\x37\x38\x20\x30\x20\x35\x37\x2e\x39\x35\x38\x20\x30\x20\x38\
\x36\x2e\x39\x38\x38\x6c\x30\x2e\x30\x35\x31\x20\x33\x36\x2e\x30\
\x34\x35\x7a\x22\x20\x66\x69\x6c\x6c\x3d\x22\x23\x33\x33\x33\x33\
\x33\x33\x22\x20\x70\x2d\x69\x64\x3d\x22\x36\x38\x38\x30\x22\x3e\
\x3c\x2f\x70\x61\x74\x68\x3e\x3c\x2f\x73\x76\x67\x3e\
\x00\x00\x04\x0f\
\x3c\
\x3f\x78\x6d\x6c\x20\x76\x65\x72\x73\x69\x6f\x6e\x3d\x22\x31\x2e\
\x30\x22\x20\x73\x74\x61\x6e\x64\x61\x6c\x6f\x6e\x65\x3d\x22\x6e\
\x6f\x22\x3f\x3e\x3c\x21\x44\x4f\x43\x54\x59\x50\x45\x20\x73\x76\
\x67\x20\x50\x55\x42\x4c\x49\x43\x20\x22\x2d\x2f\x2f\x57\x33\x43\
\x2f\x2f\x44\x54\x44\x20\x53\x56\x47\x20\x31\x2e\x31\x2f\x2f\x45\
\x4e\x22\x20\x22\x68\x74\x74\x70\x3a\x2f\x2f\x77\x77\x77\x2e\x77\
\x33\x2e\x6f\x72\x67\x2f\x47\x72\x61\x70\x68\x69\x63\x73\x2f\x53\
\x56\x47\x2f\x31\x2e\x31\x2f\x44\x54\x44\x2f\x73\x76\x67\x31\x31\
\x2e\x64\x74\x64\x22\x3e\x3c\x73\x76\x67\x20\x74\x3d\x22\x31\x37\
\x36\x36\x35\x35\x38\x32\x34\x31\x35\x34\x33\x22\x20\x63\x6c\x61\
\x73\x73\x3d\x22\x69\x63\x6f\x6e\x22\x20\x76\x69\x65\x77\x42\x6f\
\x78\x3d\x22\x30\x20\x30\x20\x31\x30\x32\x34\x20\x31\x30\x32\x34\
\x22\x20\x76\x65\x72\x73\x69\x6f\x6e\x3d\x22\x31\x2e\x31\x22\x20\
\x78\x6d\x6c\x6e\x73\x3d\x22\x68\x74\x74\x70\x3a\x2f\x2f\x77\x77\
\x77\x2e\x77\x33\x2e\x6f\x72\x67\x2f\x32\x30\x30\x30\x2f\x73\x76\
\x67\x22\x20\x70\x2d\x69\x64\x3d\x22\x39\x31\x32\x35\x22\x20\x64\
\x61\x74\x61\x2d\x73\x70\x6d\x2d\x61\x6e\x63\x68\x6f\x72\x2d\x69\
\x64\x3d\x22\x61\x33\x31\x33\x78\x2e\x73\x65\x61\x72\x63\x68\x5f\
\x69\x6e\x64\x65\x78\x2e\x30\x2e\x69\x30\x2e\x31\x39\x37\x66\x33\
\x61\x38\x31\x62\x68\x43\x42\x31\x70\x22\x20\x78\x6d\x6c\x6e\x73\
\x3a\x78\x6c\x69\x6e\x6b\x3d\x22\x68\x74\x74\x70\x3a\x2f\x2f\x77\
\x77\x77\x2e\x77\x33\x2e\x6f\x72\x67\x2f\x31\x39\x39\x39\x2f\x78\
\x6c\x69\x6e\x6b\x22\x20\x77\x69\x64\x74\x68\x3d\x22\x32\x30\x30\
\x22\x20\x68\x65\x69\x67\x68\x74\x3d\x22\x32\x30\x30\x22\x3e\x3c\
\x70\x61\x74\x68\x20\x64\x3d\x22\x4d\x38\x31\x39\x2e\x35\x20\x31\
\x30\x37\x48\x31\x39\x39\x2e\x33\x43\x31\x34\x30\x2e\x37\x20\x31\
\x30\x37\x20\x39\x33\x20\x31\x35\x34\x2e\x37\x20\x39\x33\x20\x32\
\x31\x33\x2e\x33\x76\x33\x35\x36\x63\x30\x20\x31\x37\x2e\x36\x20\
\x31\x34\x2e\x33\x20\x33\x31\x2e\x39\x20\x33\x31\x2e\x39\x20\x33\
\x31\x2e\x39\x73\x33\x31\x2e\x39\x2d\x31\x34\x2e\x33\x20\x33\x31\
\x2e\x39\x2d\x33\x31\x2e\x39\x76\x2d\x33\x35\x36\x63\x30\x2d\x32\
\x33\x2e\x34\x20\x31\x39\x2e\x31\x2d\x34\x32\x2e\x35\x20\x34\x32\
\x2e\x35\x2d\x34\x32\x2e\x35\x68\x36\x32\x30\x2e\x32\x63\x32\x33\
\x2e\x34\x20\x30\x20\x34\x32\x2e\x35\x20\x31\x39\x2e\x31\x20\x34\
\x32\x2e\x35\x20\x34\x32\x2e\x35\x76\x35\x38\x34\x2e\x35\x63\x30\
\x20\x32\x33\x2e\x34\x2d\x31\x39\x2e\x31\x20\x34\x32\x2e\x35\x2d\
\x34\x32\x2e\x35\x20\x34\x32\x2e\x35\x68\x2d\x34\x31\x33\x63\x2d\
\x31\x37\x2e\x36\x20\x30\x2d\x33\x31\x2e\x39\x20\x31\x34\x2e\x33\
\x2d\x33\x31\x2e\x39\x20\x33\x31\x2e\x39\x73\x31\x34\x2e\x33\x20\
\x33\x31\x2e\x39\x20\x33\x31\x2e\x39\x20\x33\x31\x2e\x39\x68\x34\
\x31\x33\x63\x35\x38\x2e\x36\x20\x30\x20\x31\x30\x36\x2e\x33\x2d\
\x34\x37\x2e\x37\x20\x31\x30\x36\x2e\x33\x2d\x31\x30\x36\x2e\x33\
\x56\x32\x31\x33\x2e\x33\x63\x30\x2d\x35\x38\x2e\x36\x2d\x34\x37\
\x2e\x37\x2d\x31\x30\x36\x2e\x33\x2d\x31\x30\x36\x2e\x33\x2d\x31\
\x30\x36\x2e\x33\x7a\x22\x20\x70\x2d\x69\x64\x3d\x22\x39\x31\x32\
\x36\x22\x20\x66\x69\x6c\x6c\x3d\x22\x23\x33\x33\x33\x33\x33\x33\
\x22\x3e\x3c\x2f\x70\x61\x74\x68\x3e\x3c\x70\x61\x74\x68\x20\x64\
\x3d\x22\x4d\x35\x33\x31\x2e\x32\x20\x36\x37\x31\x2e\x39\x76\x36\
\x31\x2e\x34\x63\x2d\x30\x2e\x31\x20\x31\x39\x2e\x33\x20\x32\x32\
\x2e\x33\x20\x33\x30\x20\x33\x37\x2e\x33\x20\x31\x37\x2e\x39\x6c\
\x32\x32\x39\x2e\x31\x2d\x31\x38\x35\x2e\x33\x63\x31\x31\x2e\x34\
\x2d\x39\x2e\x32\x20\x31\x31\x2e\x33\x2d\x32\x36\x2e\x35\x2d\x30\
\x2e\x31\x2d\x33\x35\x2e\x37\x6c\x2d\x32\x32\x38\x2d\x32\x30\x35\
\x2e\x31\x63\x2d\x31\x35\x2d\x31\x32\x2d\x33\x38\x2e\x33\x2d\x31\
\x2e\x34\x2d\x33\x38\x2e\x34\x20\x31\x37\x2e\x38\x56\x34\x30\x35\
\x63\x30\x20\x31\x31\x2e\x37\x2d\x38\x20\x32\x30\x2e\x31\x2d\x31\
\x39\x2e\x34\x20\x32\x32\x2e\x37\x43\x32\x30\x37\x2e\x35\x20\x34\
\x39\x37\x20\x31\x33\x30\x2e\x36\x20\x38\x35\x33\x2e\x36\x20\x31\
\x33\x33\x2e\x32\x20\x38\x37\x38\x2e\x31\x63\x39\x39\x2d\x39\x33\
\x2e\x37\x20\x31\x39\x39\x2d\x32\x33\x38\x2e\x36\x20\x33\x37\x35\
\x2e\x37\x2d\x32\x32\x39\x2e\x32\x20\x31\x32\x2e\x36\x20\x30\x2e\
\x37\x20\x32\x32\x2e\x34\x20\x31\x30\x2e\x35\x20\x32\x32\x2e\x33\
\x20\x32\x33\x7a\x22\x20\x70\x2d\x69\x64\x3d\x22\x39\x31\x32\x37\
\x22\x20\x66\x69\x6c\x6c\x3d\x22\x23\x33\x33\x33\x33\x33\x33\x22\
\x3e\x3c\x2f\x70\x61\x74\x68\x3e\x3c\x2f\x73\x76\x67\x3e\
\x00\x00\x03\x70\
\x3c\
\x73\x76\x67\x20\x78\x6d\x6c\x6e\x73\x3d\x22\x68\x74\x74\x70\x3a\
\x2f\x2f\x77\x77\x77\x2e\x77\x33\x2e\x6f\x72\x67\x2f\x32\x30\x30\
\x30\x2f\x73\x76\x67\x22\x20\x76\x69\x65\x77\x42\x6f\x78\x3d\x22\
\x30\x20\x30\x20\x32\x35\x36\x20\x32\x35\x36\x22\x20\x77\x69\x64\
\x74\x68\x3d\x22\x35\x31\x32\x22\x20\x68\x65\x69\x67\x68\x74\x3d\
\x22\x35\x31\x32\x22\x3e\x0d\x0a\x20\x20\x3c\x21\x2d\x2d\x20\xe7\
\xb4\xab\xe8\x89\xb2\xe8\xa7\x92\xe8\x89\xb2\x20\x2d\x2d\x3e\x0d\
\x0a\x20\x20\x3c\x70\x61\x74\x68\x20\x64\x3d\x22\x4d\x20\x35\x30\
\x20\x32\x35\x36\x20\x56\x20\x32\x31\x35\x20\x43\x20\x35\x30\x20\
\x31\x37\x35\x20\x38\x35\x20\x31\x35\x32\x20\x31\x32\x38\x20\x31\
\x35\x32\x20\x43\x20\x31\x37\x31\x20\x31\x35\x32\x20\x32\x30\x36\
\x20\x31\x37\x35\x20\x32\x30\x36\x20\x32\x31\x35\x20\x56\x20\x32\
\x35\x36\x20\x5a\x22\x20\x66\x69\x6c\x6c\x3d\x22\x23\x61\x38\x35\
\x35\x66\x37\x22\x2f\x3e\x0d\x0a\x20\x20\x3c\x63\x69\x72\x63\x6c\
\x65\x20\x63\x78\x3d\x22\x31\x32\x38\x22\x20\x63\x79\x3d\x22\x31\
\x31\x35\x22\x20\x72\x3d\x22\x35\x30\x22\x20\x66\x69\x6c\x6c\x3d\
\x22\x23\x61\x38\x35\x35\x66\x37\x22\x2f\x3e\x0d\x0a\x0d\x0a\x20\
\x20\x3c\x21\x2d\x2d\x20\xe5\x86\x99\xe5\xad\x97\xe6\x9d\xbf\xe6\
\x8a\xb1\xe5\x9c\xa8\xe8\x83\xb8\xe5\x89\x8d\x20\x2d\x2d\x3e\x0d\
\x0a\x20\x20\x3c\x72\x65\x63\x74\x20\x78\x3d\x22\x31\x30\x30\x22\
\x20\x79\x3d\x22\x31\x38\x30\x22\x20\x77\x69\x64\x74\x68\x3d\x22\
\x35\x36\x22\x20\x68\x65\x69\x67\x68\x74\x3d\x22\x36\x35\x22\x20\
\x72\x78\x3d\x22\x34\x22\x20\x66\x69\x6c\x6c\x3d\x22\x23\x33\x33\
\x33\x33\x33\x33\x22\x2f\x3e\x0d\x0a\x20\x20\x3c\x72\x65\x63\x74\
\x20\x78\x3d\x22\x31\x31\x38\x22\x20\x79\x3d\x22\x31\x37\x34\x22\
\x20\x77\x69\x64\x74\x68\x3d\x22\x32\x30\x22\x20\x68\x65\x69\x67\
\x68\x74\x3d\x22\x31\x30\x22\x20\x72\x78\x3d\x22\x32\x22\x20\x66\
\x69\x6c\x6c\x3d\x22\x23\x36\x62\x37\x32\x38\x30\x22\x2f\x3e\x0d\
\x0a\x20\x20\x3c\x6c\x69\x6e\x65\x20\x78\x31\x3d\x22\x31\x30\x38\
\x22\x20\x79\x31\x3d\x22\x32\x30\x30\x22\x20\x78\x32\x3d\x22\x31\
\x34\x38\x22\x20\x79\x32\x3d\x22\x32\x30\x30\x22\x20\x73\x74\x72\
\x6f\x6b\x65\x3d\x22\x23\x61\x38\x35\x35\x66\x37\x22\x20\x73\x74\
\x72\x6f\x6b\x65\x2d\x77\x69\x64\x74\x68\x3d\x22\x32\x2e\x35\x22\
\x20\x73\x74\x72\x6f\x6b\x65\x2d\x6c\x69\x6e\x65\x63\x61\x70\x3d\
\x22\x72\x6f\x75\x6e\x64\x22\x2f\x3e\x0d\x0a\x20\x20\x3c\x6c\x69\
\x6e\x65\x20\x78\x31\x3d\x22\x31\x30\x38\x22\x20\x79\x31\x3d\x22\
\x32\x31\x33\x22\x20\x78\x32\x3d\x22\x31\x34\x38\x22\x20\x79\x32\
\x3d\x22\x32\x31\x33\x22\x20\x73\x74\x72\x6f\x6b\x65\x3d\x22\x23\
\x61\x38\x35\x35\x66\x37\x22\x20\x73\x74\x72\x6f\x6b\x65\x2d\x77\
\x69\x64\x74\x68\x3d\x22\x32\x2e\x35\x22\x20\x73\x74\x72\x6f\x6b\
\x65\x2d\x6c\x69\x6e\x65\x63\x61\x70\x3d\x22\x72\x6f\x75\x6e\x64\
\x22\x2f\x3e\x0d\x0a\x20\x20\x3c\x6c\x69\x6e\x65\x20\x78\x31\x3d\
\x22\x31\x30\x38\x22\x20\x79\x31\x3d\x22\x32\x32\x36\x22\x20\x78\
\x32\x3d\x22\x31\x33\x38\x22\x20\x79\x32\x3d\x22\x32\x32\x36\x22\
\x20\x73\x74\x72\x6f\x6b\x65\x3d\x22\x23\x61\x38\x35\x35\x66\x37\
\x22\x20\x73\x74\x72\x6f\x6b\x65\x2d\x77\x69\x64\x74\x68\x3d\x22\
\x32\x2e\x35\x22\x20\x73\x74\x72\x6f\x6b\x65\x2d\x6c\x69\x6e\x65\
\x63\x61\x70\x3d\x22\x72\x6f\x75\x6e\x64\x22\x2f\x3e\x0d\x0a\x20\
\x20\x3c\x6c\x69\x6e\x65\x20\x78\x31\x3d\x22\x31\x30\x38\x22\x20\
\x79\x31\x3d\x22\x32\x33\x39\x22\x20\x78\x32\x3d\x22\x31\x34\x38\
\x22\x20\x79\x32\x3d\x22\x32\x33\x39\x22\x20\x73\x74\x72\x6f\x6b\
\x65\x3d\x22\x23\x61\x38\x35\x35\x66\x37\x22\x20\x73\x74\x72\x6f\
\x6b\x65\x2d\x77\x69\x64\x74\x68\x3d\x22\x32\x2e\x35\x22\x20\x73\
\x74\x72\x6f\x6b\x65\x2d\x6c\x69\x6e\x65\x63\x61\x70\x3d\x22\x72\
\x6f\x75\x6e\x64\x22\x2f\x3e\x0d\x0a\x3c\x2f\x73\x76\x67\x3e\
\x00\x00\x0b\xfd\
\x3c\
\x3f\x78\x6d\x6c\x20\x76\x65\x72\x73\x69\x6f\x6e\x3d\x22\x31\x2e\
\x30\x22\x20\x73\x74\x61\x6e\x64\x61\x6c\x6f\x6e\x65\x3d\x22\x6e\
\x6f\x22\x3f\x3e\x3c\x21\x44\x4f\x43\x54\x59\x50\x45\x20\x73\x76\
\x67\x20\x50\x55\x42\x4c\x49\x43\x20\x22\x2d\x2f\x2f\x57\x33\x43\
\x2f\x2f\x44\x54\x44\x20\x53\x56\x47\x20\x31\x2e\x31\x2f\x2f\x45\
\x4e\x22\x20\x22\x68\x74\x74\x70\x3a\x2f\x2f\x77\x77\x77\x2e\x77\
\x33\x2e\x6f\x72\x67\x2f\x47\x72\x61\x70\x68\x69\x63\x73\x2f\x53\
\x56\x47\x2f\x31\x2e\x31\x2f\x44\x54\x44\x2f\x73\x76\x67\x31\x31\
\x2e\x64\x74\x64\x22\x3e\x3c\x73\x76\x67\x20\x74\x3d\x22\x31\x37\
\x37\x31\x31\x32\x39\x35\x37\x37\x34\x35\x34\x22\x20\x63\x6c\x61\
\x73\x73\x3d\x22\x69\x63\x6f\x6e\x22\x20\x76\x69\x65\x77\x42\x6f\
\x78\x3d\x22\x30\x20\x30\x20\x31\x30\x32\x34\x20\x31\x30\x32\x34\
\x22\x20\x76\x65\x72\x73\x69\x6f\x6e\x3d\x22\x31\x2e\x31\x22\x20\
\x78\x6d\x6c\x6e\x73\x3d\x22\x68\x74\x74\x70\x3a\x2f\x2f\x77\x77\
\x77\x2e\x77\x33\x2e\x6f\x72\x67\x2f\x32\x30\x30\x30\x2f\x73\x76\
\x67\x22\x20\x70\x2d\x69\x64\x3d\x22\x35\x31\x31\x31\x22\x20\x78\
\x6d\x6c\x6e\x73\x3a\x78\x6c\x69\x6e\x6b\x3d\x22\x68\x74\x74\x70\
\x3a\x2f\x2f\x77\x77\x77\x2e\x77\x33\x2e\x6f\x72\x67\x2f\x31\x39\
\x39\x39\x2f\x78\x6c\x69\x6e\x6b\x22\x20\x77\x69\x64\x74\x68\x3d\
\x22\x32\x30\x30\x22\x20\x68\x65\x69\x67\x68\x74\x3d\x22\x32\x30\
\x30\x22\x3e\x3c\x70\x61\x74\x68\x20\x64\x3d\x22\x4d\x38\x38\x35\
\x2e\x30\x33\x34\x36\x36\x37\x20\x37\x33\x38\x2e\x37\x33\x30\x36\
\x36\x37\x63\x2d\x38\x30\x2e\x34\x32\x36\x36\x36\x37\x20\x31\x33\
\x31\x2e\x36\x36\x39\x33\x33\x33\x2d\x32\x31\x39\x2e\x33\x39\x32\
\x20\x32\x31\x32\x2e\x31\x33\x38\x36\x36\x37\x2d\x33\x37\x32\x2e\
\x39\x39\x32\x20\x32\x31\x32\x2e\x31\x33\x38\x36\x36\x36\x2d\x31\
\x35\x33\x2e\x36\x20\x30\x2d\x32\x39\x32\x2e\x35\x36\x35\x33\x33\
\x33\x2d\x38\x30\x2e\x34\x36\x39\x33\x33\x33\x2d\x33\x37\x33\x2e\
\x30\x33\x34\x36\x36\x37\x2d\x32\x30\x34\x2e\x38\x68\x39\x35\x2e\
\x30\x36\x31\x33\x33\x33\x63\x33\x36\x2e\x35\x36\x35\x33\x33\x33\
\x20\x35\x31\x2e\x32\x20\x39\x35\x2e\x31\x30\x34\x20\x38\x37\x2e\
\x37\x36\x35\x33\x33\x33\x20\x31\x35\x33\x2e\x36\x20\x31\x30\x39\
\x2e\x37\x33\x38\x36\x36\x37\x6c\x37\x2e\x33\x33\x38\x36\x36\x37\
\x2d\x37\x2e\x33\x33\x38\x36\x36\x37\x63\x2d\x37\x2e\x33\x33\x38\
\x36\x36\x37\x2d\x32\x39\x2e\x32\x36\x39\x33\x33\x33\x2d\x32\x31\
\x2e\x39\x33\x30\x36\x36\x37\x2d\x36\x35\x2e\x38\x33\x34\x36\x36\
\x37\x2d\x32\x39\x2e\x32\x36\x39\x33\x33\x33\x2d\x31\x30\x32\x2e\
\x34\x68\x37\x33\x2e\x31\x33\x30\x36\x36\x36\x63\x32\x31\x2e\x39\
\x33\x30\x36\x36\x37\x20\x37\x33\x2e\x31\x33\x30\x36\x36\x37\x20\
\x35\x31\x2e\x32\x20\x31\x33\x31\x2e\x36\x32\x36\x36\x36\x37\x20\
\x37\x33\x2e\x31\x37\x33\x33\x33\x34\x20\x31\x33\x31\x2e\x36\x32\
\x36\x36\x36\x37\x20\x32\x31\x2e\x39\x33\x30\x36\x36\x37\x20\x30\
\x20\x35\x31\x2e\x32\x2d\x35\x38\x2e\x35\x33\x38\x36\x36\x37\x20\
\x37\x33\x2e\x31\x33\x30\x36\x36\x36\x2d\x31\x33\x31\x2e\x36\x36\
\x39\x33\x33\x33\x68\x37\x33\x2e\x31\x37\x33\x33\x33\x34\x63\x2d\
\x37\x2e\x33\x33\x38\x36\x36\x37\x20\x33\x36\x2e\x36\x30\x38\x2d\
\x31\x34\x2e\x36\x37\x37\x33\x33\x33\x20\x37\x33\x2e\x31\x37\x33\
\x33\x33\x33\x2d\x32\x39\x2e\x33\x31\x32\x20\x31\x30\x32\x2e\x34\
\x6c\x37\x2e\x33\x33\x38\x36\x36\x36\x20\x37\x2e\x33\x38\x31\x33\
\x33\x33\x63\x35\x38\x2e\x35\x33\x38\x36\x36\x37\x2d\x32\x31\x2e\
\x39\x37\x33\x33\x33\x33\x20\x31\x31\x37\x2e\x30\x33\x34\x36\x36\
\x37\x2d\x36\x35\x2e\x38\x33\x34\x36\x36\x37\x20\x31\x36\x30\x2e\
\x38\x39\x36\x2d\x31\x31\x37\x2e\x30\x37\x37\x33\x33\x33\x68\x38\
\x37\x2e\x37\x36\x35\x33\x33\x34\x7a\x4d\x35\x38\x34\x2e\x30\x32\
\x31\x33\x33\x33\x20\x33\x37\x31\x2e\x33\x37\x30\x36\x36\x37\x63\
\x31\x34\x2e\x30\x33\x37\x33\x33\x33\x20\x30\x20\x32\x38\x2e\x31\
\x36\x20\x31\x2e\x33\x36\x35\x33\x33\x33\x20\x34\x32\x2e\x34\x39\
\x36\x20\x34\x2e\x31\x33\x38\x36\x36\x36\x20\x31\x34\x2e\x32\x39\
\x33\x33\x33\x33\x20\x32\x2e\x37\x33\x30\x36\x36\x37\x20\x32\x36\
\x2e\x30\x36\x39\x33\x33\x33\x20\x36\x2e\x32\x37\x32\x20\x33\x35\
\x2e\x33\x37\x30\x36\x36\x37\x20\x31\x30\x2e\x35\x33\x38\x36\x36\
\x37\x76\x34\x36\x2e\x36\x33\x34\x36\x36\x37\x63\x2d\x32\x35\x2e\
\x33\x34\x34\x2d\x39\x2e\x33\x30\x31\x33\x33\x33\x2d\x34\x38\x2e\
\x38\x39\x36\x2d\x31\x33\x2e\x39\x35\x32\x2d\x37\x30\x2e\x37\x34\
\x31\x33\x33\x33\x2d\x31\x33\x2e\x39\x35\x32\x2d\x32\x36\x2e\x30\
\x32\x36\x36\x36\x37\x20\x30\x2d\x34\x37\x2e\x32\x37\x34\x36\x36\
\x37\x20\x37\x2e\x36\x38\x2d\x36\x33\x2e\x35\x37\x33\x33\x33\x34\
\x20\x32\x32\x2e\x39\x35\x34\x36\x36\x36\x2d\x31\x36\x2e\x30\x34\
\x32\x36\x36\x37\x20\x31\x35\x2e\x33\x36\x2d\x32\x34\x2e\x30\x36\
\x34\x20\x33\x38\x2e\x35\x32\x38\x2d\x32\x34\x2e\x30\x36\x34\x20\
\x36\x39\x2e\x35\x38\x39\x33\x33\x34\x20\x30\x20\x31\x36\x2e\x35\
\x35\x34\x36\x36\x37\x20\x34\x2e\x30\x31\x30\x36\x36\x37\x20\x33\
\x31\x2e\x32\x37\x34\x36\x36\x37\x20\x31\x32\x2e\x30\x33\x32\x20\
\x34\x34\x2e\x30\x37\x34\x36\x36\x36\x20\x38\x2e\x30\x32\x31\x33\
\x33\x33\x20\x31\x32\x2e\x35\x30\x31\x33\x33\x33\x20\x31\x38\x2e\
\x35\x36\x20\x32\x32\x2e\x33\x31\x34\x36\x36\x37\x20\x33\x31\x2e\
\x35\x37\x33\x33\x33\x34\x20\x32\x39\x2e\x33\x31\x32\x61\x31\x30\
\x32\x2e\x34\x20\x31\x30\x32\x2e\x34\x20\x30\x20\x30\x20\x30\x20\
\x34\x32\x2e\x31\x39\x37\x33\x33\x33\x20\x31\x32\x2e\x30\x33\x32\
\x6c\x38\x2e\x32\x33\x34\x36\x36\x37\x20\x30\x2e\x34\x32\x36\x36\
\x36\x37\x63\x31\x31\x2e\x35\x32\x20\x30\x20\x32\x32\x2e\x39\x35\
\x34\x36\x36\x37\x2d\x31\x2e\x37\x30\x36\x36\x36\x37\x20\x33\x34\
\x2e\x32\x36\x31\x33\x33\x33\x2d\x34\x2e\x39\x34\x39\x33\x33\x33\
\x20\x31\x31\x2e\x32\x36\x34\x2d\x33\x2e\x32\x34\x32\x36\x36\x37\
\x20\x32\x31\x2e\x32\x39\x30\x36\x36\x37\x2d\x37\x2e\x36\x38\x20\
\x33\x30\x2e\x30\x38\x2d\x31\x33\x2e\x31\x38\x34\x76\x35\x31\x2e\
\x39\x32\x35\x33\x33\x33\x63\x2d\x31\x30\x2e\x37\x39\x34\x36\x36\
\x37\x20\x35\x2e\x30\x33\x34\x36\x36\x37\x2d\x32\x32\x2e\x33\x35\
\x37\x33\x33\x33\x20\x38\x2e\x35\x33\x33\x33\x33\x33\x2d\x33\x34\
\x2e\x36\x34\x35\x33\x33\x33\x20\x31\x30\x2e\x35\x33\x38\x36\x36\
\x37\x2d\x31\x32\x2e\x30\x33\x32\x20\x32\x2e\x30\x30\x35\x33\x33\
\x33\x2d\x32\x35\x2e\x38\x31\x33\x33\x33\x33\x20\x32\x2e\x39\x38\
\x36\x36\x36\x37\x2d\x34\x31\x2e\x33\x38\x36\x36\x36\x37\x20\x32\
\x2e\x39\x38\x36\x36\x36\x36\x2d\x32\x38\x2e\x35\x38\x36\x36\x36\
\x37\x20\x30\x2d\x35\x34\x2e\x30\x35\x38\x36\x36\x37\x2d\x35\x2e\
\x32\x34\x38\x2d\x37\x36\x2e\x33\x37\x33\x33\x33\x33\x2d\x31\x35\
\x2e\x37\x38\x36\x36\x36\x36\x61\x31\x32\x33\x2e\x39\x38\x39\x33\
\x33\x33\x20\x31\x32\x33\x2e\x39\x38\x39\x33\x33\x33\x20\x30\x20\
\x30\x20\x31\x2d\x35\x32\x2e\x32\x36\x36\x36\x36\x37\x2d\x34\x35\
\x2e\x38\x36\x36\x36\x36\x37\x63\x2d\x31\x32\x2e\x35\x34\x34\x2d\
\x32\x30\x2e\x30\x35\x33\x33\x33\x33\x2d\x31\x38\x2e\x37\x37\x33\
\x33\x33\x33\x2d\x34\x33\x2e\x39\x30\x34\x2d\x31\x38\x2e\x37\x37\
\x33\x33\x33\x33\x2d\x37\x31\x2e\x35\x30\x39\x33\x33\x33\x20\x30\
\x2d\x32\x39\x2e\x30\x35\x36\x20\x36\x2e\x31\x30\x31\x33\x33\x33\
\x2d\x35\x34\x2e\x30\x35\x38\x36\x36\x37\x20\x31\x38\x2e\x33\x38\
\x39\x33\x33\x33\x2d\x37\x34\x2e\x38\x38\x20\x31\x32\x2e\x32\x38\
\x38\x2d\x32\x31\x2e\x30\x33\x34\x36\x36\x37\x20\x32\x39\x2e\x34\
\x38\x32\x36\x36\x37\x2d\x33\x37\x2e\x30\x37\x37\x33\x33\x33\x20\
\x35\x31\x2e\x35\x34\x31\x33\x33\x33\x2d\x34\x38\x2e\x30\x38\x35\
\x33\x33\x34\x20\x32\x32\x2e\x30\x35\x38\x36\x36\x37\x2d\x31\x31\
\x2e\x33\x30\x36\x36\x36\x37\x20\x34\x37\x2e\x32\x37\x34\x36\x36\
\x37\x2d\x31\x36\x2e\x39\x33\x38\x36\x36\x37\x20\x37\x35\x2e\x36\
\x34\x38\x2d\x31\x36\x2e\x39\x33\x38\x36\x36\x36\x7a\x4d\x32\x33\
\x32\x2e\x31\x39\x32\x20\x35\x36\x34\x2e\x36\x39\x33\x33\x33\x33\
\x6c\x30\x2e\x37\x36\x38\x20\x33\x2e\x38\x34\x20\x30\x2e\x37\x36\
\x38\x2d\x33\x2e\x38\x34\x20\x33\x35\x2e\x37\x31\x32\x2d\x31\x38\
\x38\x2e\x34\x35\x38\x36\x36\x36\x68\x31\x30\x37\x2e\x39\x34\x36\
\x36\x36\x37\x76\x32\x36\x33\x2e\x33\x33\x38\x36\x36\x36\x68\x2d\
\x35\x39\x2e\x37\x33\x33\x33\x33\x34\x56\x34\x32\x32\x2e\x39\x31\
\x32\x68\x2d\x33\x2e\x30\x37\x32\x4c\x32\x36\x39\x2e\x34\x34\x20\
\x36\x33\x39\x2e\x35\x37\x33\x33\x33\x33\x68\x2d\x37\x32\x2e\x39\
\x36\x6c\x2d\x34\x34\x2e\x38\x2d\x32\x31\x36\x2e\x36\x36\x31\x33\
\x33\x33\x68\x2d\x33\x2e\x33\x32\x38\x76\x32\x31\x36\x2e\x36\x36\
\x31\x33\x33\x33\x48\x38\x38\x2e\x34\x39\x30\x36\x36\x37\x56\x33\
\x37\x36\x2e\x32\x33\x34\x36\x36\x37\x68\x31\x30\x37\x2e\x39\x34\
\x36\x36\x36\x36\x6c\x33\x35\x2e\x37\x35\x34\x36\x36\x37\x20\x31\
\x38\x38\x2e\x34\x35\x38\x36\x36\x36\x7a\x4d\x38\x35\x32\x2e\x36\
\x39\x33\x33\x33\x33\x20\x33\x37\x36\x2e\x32\x33\x34\x36\x36\x37\
\x63\x32\x37\x2e\x36\x30\x35\x33\x33\x33\x20\x30\x20\x34\x39\x2e\
\x32\x38\x20\x37\x2e\x34\x32\x34\x20\x36\x35\x2e\x31\x30\x39\x33\
\x33\x34\x20\x32\x32\x2e\x31\x38\x36\x36\x36\x36\x20\x31\x36\x2e\
\x30\x34\x32\x36\x36\x37\x20\x31\x34\x2e\x38\x34\x38\x20\x32\x34\
\x2e\x30\x32\x31\x33\x33\x33\x20\x33\x35\x2e\x39\x32\x35\x33\x33\
\x33\x20\x32\x34\x2e\x30\x32\x31\x33\x33\x33\x20\x36\x33\x2e\x32\
\x33\x32\x20\x30\x20\x32\x37\x2e\x30\x39\x33\x33\x33\x33\x2d\x37\
\x2e\x39\x37\x38\x36\x36\x37\x20\x34\x38\x2d\x32\x34\x2e\x30\x32\
\x31\x33\x33\x33\x20\x36\x32\x2e\x38\x30\x35\x33\x33\x34\x2d\x31\
\x35\x2e\x37\x38\x36\x36\x36\x37\x20\x31\x34\x2e\x38\x30\x35\x33\
\x33\x33\x2d\x33\x37\x2e\x35\x34\x36\x36\x36\x37\x20\x32\x32\x2e\
\x31\x38\x36\x36\x36\x37\x2d\x36\x35\x2e\x31\x30\x39\x33\x33\x34\
\x20\x32\x32\x2e\x31\x38\x36\x36\x36\x36\x68\x2d\x36\x33\x2e\x39\
\x35\x37\x33\x33\x33\x76\x39\x32\x2e\x39\x32\x38\x68\x2d\x36\x32\
\x2e\x30\x38\x56\x33\x37\x36\x2e\x32\x33\x34\x36\x36\x37\x68\x31\
\x32\x36\x2e\x30\x33\x37\x33\x33\x33\x7a\x20\x6d\x2d\x36\x33\x2e\
\x39\x35\x37\x33\x33\x33\x20\x31\x32\x30\x2e\x37\x34\x36\x36\x36\
\x36\x68\x35\x38\x2e\x32\x38\x32\x36\x36\x37\x63\x31\x32\x2e\x35\
\x34\x34\x20\x30\x20\x32\x32\x2e\x31\x38\x36\x36\x36\x37\x2d\x33\
\x2e\x34\x31\x33\x33\x33\x33\x20\x32\x39\x2e\x30\x31\x33\x33\x33\
\x33\x2d\x31\x30\x2e\x31\x35\x34\x36\x36\x36\x61\x33\x34\x2e\x31\
\x37\x36\x20\x33\x34\x2e\x31\x37\x36\x20\x30\x20\x30\x20\x30\x20\
\x31\x30\x2e\x31\x35\x34\x36\x36\x37\x2d\x32\x35\x2e\x31\x37\x33\
\x33\x33\x34\x63\x30\x2d\x31\x30\x2e\x32\x34\x2d\x33\x2e\x34\x31\
\x33\x33\x33\x33\x2d\x31\x38\x2e\x37\x37\x33\x33\x33\x33\x2d\x31\
\x30\x2e\x31\x39\x37\x33\x33\x34\x2d\x32\x35\x2e\x36\x2d\x36\x2e\
\x37\x38\x34\x2d\x36\x2e\x37\x34\x31\x33\x33\x33\x2d\x31\x36\x2e\
\x34\x32\x36\x36\x36\x37\x2d\x31\x30\x2e\x31\x35\x34\x36\x36\x37\
\x2d\x32\x38\x2e\x39\x32\x38\x2d\x31\x30\x2e\x31\x35\x34\x36\x36\
\x36\x68\x2d\x35\x38\x2e\x33\x32\x35\x33\x33\x33\x76\x37\x31\x2e\
\x30\x38\x32\x36\x36\x36\x7a\x4d\x35\x31\x32\x2e\x30\x34\x32\x36\
\x36\x37\x20\x37\x33\x2e\x31\x33\x30\x36\x36\x37\x63\x31\x35\x33\
\x2e\x36\x20\x30\x20\x32\x39\x32\x2e\x35\x36\x35\x33\x33\x33\x20\
\x38\x30\x2e\x34\x36\x39\x33\x33\x33\x20\x33\x37\x32\x2e\x39\x39\
\x32\x20\x32\x30\x34\x2e\x38\x68\x2d\x39\x35\x2e\x30\x36\x31\x33\
\x33\x34\x63\x2d\x33\x36\x2e\x36\x30\x38\x2d\x35\x31\x2e\x32\x2d\
\x39\x35\x2e\x31\x30\x34\x2d\x38\x37\x2e\x37\x32\x32\x36\x36\x37\
\x2d\x31\x35\x33\x2e\x36\x2d\x31\x30\x39\x2e\x36\x35\x33\x33\x33\
\x34\x6c\x2d\x37\x2e\x33\x33\x38\x36\x36\x36\x20\x37\x2e\x32\x35\
\x33\x33\x33\x34\x63\x37\x2e\x33\x33\x38\x36\x36\x37\x20\x32\x39\
\x2e\x32\x36\x39\x33\x33\x33\x20\x32\x31\x2e\x39\x37\x33\x33\x33\
\x33\x20\x36\x35\x2e\x38\x33\x34\x36\x36\x37\x20\x32\x39\x2e\x33\
\x31\x32\x20\x31\x30\x32\x2e\x34\x68\x2d\x37\x33\x2e\x31\x37\x33\
\x33\x33\x34\x43\x35\x36\x33\x2e\x32\x20\x32\x30\x34\x2e\x38\x38\
\x35\x33\x33\x33\x20\x35\x33\x33\x2e\x39\x37\x33\x33\x33\x33\x20\
\x31\x34\x36\x2e\x33\x34\x36\x36\x36\x37\x20\x35\x31\x32\x20\x31\
\x34\x36\x2e\x33\x34\x36\x36\x36\x37\x73\x2d\x35\x31\x2e\x32\x20\
\x35\x38\x2e\x34\x39\x36\x2d\x37\x33\x2e\x31\x37\x33\x33\x33\x33\
\x20\x31\x33\x31\x2e\x36\x36\x39\x33\x33\x33\x48\x33\x36\x35\x2e\
\x37\x33\x38\x36\x36\x37\x63\x37\x2e\x33\x33\x38\x36\x36\x37\x2d\
\x33\x36\x2e\x36\x30\x38\x20\x31\x34\x2e\x36\x33\x34\x36\x36\x37\
\x2d\x36\x35\x2e\x38\x37\x37\x33\x33\x33\x20\x32\x39\x2e\x32\x36\
\x39\x33\x33\x33\x2d\x31\x30\x32\x2e\x34\x6c\x2d\x37\x2e\x33\x33\
\x38\x36\x36\x37\x2d\x37\x2e\x33\x33\x38\x36\x36\x37\x63\x2d\x35\
\x38\x2e\x34\x39\x36\x20\x32\x31\x2e\x39\x37\x33\x33\x33\x33\x2d\
\x31\x31\x36\x2e\x39\x39\x32\x20\x36\x35\x2e\x38\x33\x34\x36\x36\
\x37\x2d\x31\x36\x30\x2e\x38\x35\x33\x33\x33\x33\x20\x31\x31\x37\
\x2e\x30\x33\x34\x36\x36\x37\x48\x31\x33\x38\x2e\x39\x36\x35\x33\
\x33\x33\x43\x32\x31\x39\x2e\x34\x37\x37\x33\x33\x33\x20\x31\x35\
\x33\x2e\x36\x20\x33\x35\x38\x2e\x34\x20\x37\x33\x2e\x31\x33\x30\
\x36\x36\x37\x20\x35\x31\x32\x20\x37\x33\x2e\x31\x33\x30\x36\x36\
\x37\x7a\x22\x20\x70\x2d\x69\x64\x3d\x22\x35\x31\x31\x32\x22\x20\
\x66\x69\x6c\x6c\x3d\x22\x23\x33\x33\x33\x33\x33\x33\x22\x3e\x3c\
\x2f\x70\x61\x74\x68\x3e\x3c\x2f\x73\x76\x67\x3e\
\x00\x00\x03\xf8\
\x3c\
\x3f\x78\x6d\x6c\x20\x76\x65\x72\x73\x69\x6f\x6e\x3d\x22\x31\x2e\
\x30\x22\x20\x73\x74\x61\x6e\x64\x61\x6c\x6f\x6e\x65\x3d\x22\x6e\
\x6f\x22\x3f\x3e\x3c\x21\x44\x4f\x43\x54\x59\x50\x45\x20\x73\x76\
\x67\x20\x50\x55\x42\x4c\x49\x43\x20\x22\x2d\x2f\x2f\x57\x33\x43\
\x2f\x2f\x44\x54\x44\x20\x53\x56\x47\x20\x31\x2e\x31\x2f\x2f\x45\
\x4e\x22\x20\x22\x68\x74\x74\x70\x3a\x2f\x2f\x77\x77\x77\x2e\x77\
\x33\x2e\x6f\x72\x67\x2f\x47\x72\x61\x70\x68\x69\x63\x73\x2f\x53\
\x56\x47\x2f\x31\x2e\x31\x2f\x44\x54\x44\x2f\x73\x76\x67\x31\x31\
\x2e\x64\x74\x64\x22\x3e\x3c\x73\x76\x67\x20\x74\x3d\x22\x31\x37\
\x37\x39\x31\x30\x35\x31\x37\x34\x35\x32\x33\x22\x20\x63\x6c\x61\
\x73\x73\x3d\x22\x69\x63\x6f\x6e\x22\x20\x76\x69\x65\x77\x42\x6f\
\x78\x3d\x22\x30\x20\x30\x20\x31\x30\x32\x34\x20\x31\x30\x32\x34\
\x22\x20\x76\x65\x72\x73\x69\x6f\x6e\x3d\x22\x31\x2e\x31\x22\x20\
\x78\x6d\x6c\x6e\x73\x3d\x22\x68\x74\x74\x70\x3a\x2f\x2f\x77\x77\
\x77\x2e\x77\x33\x2e\x6f\x72\x67\x2f\x32\x30\x30\x30\x2f\x73\x76\
\x67\x22\x20\x70\x2d\x69\x64\x3d\x22\x36\x35\x31\x36\x22\x20\x78\
\x6d\x6c\x6e\x73\x3a\x78\x6c\x69\x6e\x6b\x3d\x22\x68\x74\x74\x70\
\x3a\x2f\x2f\x77\x77\x77\x2e\x77\x33\x2e\x6f\x72\x67\x2f\x31\x39\
\x39\x39\x2f\x78\x6c\x69\x6e\x6b\x22\x20\x77\x69\x64\x74\x68\x3d\
\x22\x32\x30\x30\x22\x20\x68\x65\x69\x67\x68\x74\x3d\x22\x32\x30\
\x30\x22\x3e\x3c\x70\x61\x74\x68\x20\x64\x3d\x22\x4d\x32\x33\x39\
\x2e\x38\x20\x35\x36\x31\x2e\x35\x76\x32\x36\x32\x2e\x33\x63\x30\
\x2e\x34\x20\x33\x32\x2e\x34\x20\x31\x33\x2e\x35\x20\x34\x35\x2e\
\x36\x20\x34\x39\x2e\x33\x20\x34\x32\x2e\x36\x68\x31\x36\x2e\x31\
\x76\x32\x32\x2e\x34\x48\x39\x38\x2e\x39\x76\x2d\x32\x32\x2e\x34\
\x68\x32\x32\x2e\x38\x63\x32\x39\x2e\x39\x20\x31\x2e\x35\x20\x34\
\x34\x2e\x38\x2d\x31\x32\x2e\x37\x20\x34\x34\x2e\x38\x2d\x34\x32\
\x2e\x36\x56\x35\x36\x31\x2e\x35\x48\x39\x34\x2e\x34\x63\x2d\x33\
\x38\x2e\x39\x20\x30\x2d\x35\x37\x2e\x35\x20\x31\x35\x2d\x36\x30\
\x2e\x35\x20\x36\x37\x2e\x33\x48\x39\x2e\x33\x6c\x31\x31\x2e\x32\
\x2d\x31\x30\x37\x2e\x36\x68\x31\x37\x2e\x39\x63\x33\x20\x34\x2e\
\x35\x20\x36\x2e\x37\x20\x37\x2e\x35\x20\x31\x31\x2e\x32\x20\x39\
\x20\x33\x20\x33\x20\x38\x2e\x32\x20\x33\x2e\x37\x20\x31\x35\x2e\
\x37\x20\x32\x2e\x32\x68\x32\x37\x33\x2e\x35\x63\x31\x30\x2e\x35\
\x20\x31\x2e\x35\x20\x31\x39\x2e\x34\x2d\x32\x2e\x32\x20\x32\x36\
\x2e\x39\x2d\x31\x31\x2e\x32\x68\x32\x30\x2e\x32\x6c\x39\x20\x31\
\x30\x37\x2e\x36\x68\x2d\x32\x32\x2e\x34\x63\x2d\x34\x2e\x35\x2d\
\x35\x32\x2e\x33\x2d\x31\x36\x2d\x36\x37\x2e\x33\x2d\x36\x32\x2e\
\x38\x2d\x36\x37\x2e\x33\x68\x2d\x36\x39\x2e\x39\x7a\x22\x20\x70\
\x2d\x69\x64\x3d\x22\x36\x35\x31\x37\x22\x20\x66\x69\x6c\x6c\x3d\
\x22\x23\x33\x33\x33\x33\x33\x33\x22\x3e\x3c\x2f\x70\x61\x74\x68\
\x3e\x3c\x70\x61\x74\x68\x20\x64\x3d\x22\x4d\x36\x38\x36\x2e\x38\
\x20\x31\x38\x35\x2e\x35\x76\x35\x36\x33\x2e\x36\x63\x30\x2e\x38\
\x20\x36\x39\x2e\x37\x20\x32\x38\x2e\x39\x20\x39\x38\x20\x31\x30\
\x36\x20\x39\x31\x2e\x35\x68\x33\x34\x2e\x35\x76\x34\x38\x2e\x32\
\x48\x33\x38\x34\x2e\x31\x76\x2d\x34\x38\x2e\x32\x68\x34\x39\x63\
\x36\x34\x2e\x32\x20\x33\x2e\x32\x20\x39\x36\x2e\x33\x2d\x32\x37\
\x2e\x33\x20\x39\x36\x2e\x33\x2d\x39\x31\x2e\x35\x56\x31\x38\x35\
\x2e\x35\x48\x33\x37\x34\x2e\x35\x63\x2d\x38\x33\x2e\x36\x20\x30\
\x2d\x31\x32\x33\x2e\x36\x20\x33\x32\x2e\x31\x2d\x31\x33\x30\x2e\
\x31\x20\x31\x34\x34\x2e\x35\x68\x2d\x35\x33\x6c\x32\x34\x2e\x31\
\x2d\x32\x33\x31\x2e\x32\x48\x32\x35\x34\x63\x36\x2e\x34\x20\x39\
\x2e\x36\x20\x31\x34\x2e\x34\x20\x31\x36\x2e\x31\x20\x32\x34\x2e\
\x31\x20\x31\x39\x2e\x33\x20\x36\x2e\x34\x20\x36\x2e\x34\x20\x31\
\x37\x2e\x37\x20\x38\x20\x33\x33\x2e\x37\x20\x34\x2e\x38\x68\x35\
\x38\x37\x2e\x37\x63\x32\x32\x2e\x35\x20\x33\x2e\x32\x20\x34\x31\
\x2e\x37\x2d\x34\x2e\x38\x20\x35\x37\x2e\x38\x2d\x32\x34\x2e\x31\
\x68\x34\x33\x2e\x33\x4c\x31\x30\x32\x30\x20\x33\x33\x30\x68\x2d\
\x34\x38\x2e\x32\x63\x2d\x39\x2e\x36\x2d\x31\x31\x32\x2e\x34\x2d\
\x33\x34\x2e\x34\x2d\x31\x34\x34\x2e\x35\x2d\x31\x33\x34\x2e\x39\
\x2d\x31\x34\x34\x2e\x35\x48\x36\x38\x36\x2e\x38\x7a\x22\x20\x70\
\x2d\x69\x64\x3d\x22\x36\x35\x31\x38\x22\x20\x66\x69\x6c\x6c\x3d\
\x22\x23\x33\x33\x33\x33\x33\x33\x22\x3e\x3c\x2f\x70\x61\x74\x68\
\x3e\x3c\x2f\x73\x76\x67\x3e\
\x00\x00\x0c\xe2\
\x3c\
\x3f\x78\x6d\x6c\x20\x76\x65\x72\x73\x69\x6f\x6e\x3d\x22\x31\x2e\
\x30\x22\x20\x73\x74\x61\x6e\x64\x61\x6c\x6f\x6e\x65\x3d\x22\x6e\
\x6f\x22\x3f\x3e\x3c\x21\x44\x4f\x43\x54\x59\x50\x45\x20\x73\x76\
\x67\x20\x50\x55\x42\x4c\x49\x43\x20\x22\x2d\x2f\x2f\x57\x33\x43\
\x2f\x2f\x44\x54\x44\x20\x53\x56\x47\x20\x31\x2e\x31\x2f\x2f\x45\
\x4e\x22\x20\x22\x68\x74\x74\x70\x3a\x2f\x2f\x77\x77\x77\x2e\x77\
\x33\x2e\x6f\x72\x67\x2f\x47\x72\x61\x70\x68\x69\x63\x73\x2f\x53\
\x56\x47\x2f\x31\x2e\x31\x2f\x44\x54\x44\x2f\x73\x76\x67\x31\x31\
\x2e\x64\x74\x64\x22\x3e\x3c\x73\x76\x67\x20\x74\x3d\x22\x31\x37\
\x37\x39\x31\x39\x38\x34\x31\x35\x36\x37\x30\x22\x20\x63\x6c\x61\
\x73\x73\x3d\x22\x69\x63\x6f\x6e\x22\x20\x76\x69\x65\x77\x42\x6f\
\x78\x3d\x22\x30\x20\x30\x20\x31\x30\x32\x34\x20\x31\x30\x32\x34\
\x22\x20\x76\x65\x72\x73\x69\x6f\x6e\x3d\x22\x31\x2e\x31\x22\x20\
\x78\x6d\x6c\x6e\x73\x3d\x22\x68\x74\x74\x70\x3a\x2f\x2f\x77\x77\
\x77\x2e\x77\x33\x2e\x6f\x72\x67\x2f\x32\x30\x30\x30\x2f\x73\x76\
\x67\x22\x20\x70\x2d\x69\x64\x3d\x22\x35\x39\x32\x38\x22\x20\x78\
\x6d\x6c\x6e\x73\x3a\x78\x6c\x69\x6e\x6b\x3d\x22\x68\x74\x74\x70\
\x3a\x2f\x2f\x77\x77\x77\x2e\x77\x33\x2e\x6f\x72\x67\x2f\x31\x39\
\x39\x39\x2f\x78\x6c\x69\x6e\x6b\x22\x20\x77\x69\x64\x74\x68\x3d\
\x22\x32\x30\x30\x22\x20\x68\x65\x69\x67\x68\x74\x3d\x22\x32\x30\
\x30\x22\x3e\x3c\x70\x61\x74\x68\x20\x64\x3d\x22\x4d\x31\x30\x36\
\x2e\x36\x36\x36\x36\x36\x37\x20\x34\x36\x39\x2e\x33\x33\x33\x33\
\x33\x33\x63\x30\x2d\x31\x30\x30\x2e\x32\x36\x36\x36\x36\x37\x20\
\x34\x36\x2e\x39\x33\x33\x33\x33\x33\x2d\x31\x38\x37\x2e\x37\x33\
\x33\x33\x33\x33\x20\x31\x31\x37\x2e\x33\x33\x33\x33\x33\x33\x2d\
\x32\x34\x37\x2e\x34\x36\x36\x36\x36\x36\x20\x31\x30\x2e\x36\x36\
\x36\x36\x36\x37\x2d\x38\x2e\x35\x33\x33\x33\x33\x33\x20\x31\x32\
\x2e\x38\x2d\x32\x33\x2e\x34\x36\x36\x36\x36\x37\x20\x38\x2e\x35\
\x33\x33\x33\x33\x33\x2d\x33\x36\x2e\x32\x36\x36\x36\x36\x37\x2d\
\x38\x2e\x35\x33\x33\x33\x33\x33\x2d\x31\x39\x2e\x32\x2d\x33\x32\
\x2d\x32\x35\x2e\x36\x2d\x34\x39\x2e\x30\x36\x36\x36\x36\x36\x2d\
\x31\x32\x2e\x38\x43\x39\x38\x2e\x31\x33\x33\x33\x33\x33\x20\x32\
\x34\x33\x2e\x32\x20\x34\x32\x2e\x36\x36\x36\x36\x36\x37\x20\x33\
\x34\x39\x2e\x38\x36\x36\x36\x36\x37\x20\x34\x32\x2e\x36\x36\x36\
\x36\x36\x37\x20\x34\x36\x39\x2e\x33\x33\x33\x33\x33\x33\x63\x30\
\x20\x31\x31\x37\x2e\x33\x33\x33\x33\x33\x33\x20\x35\x31\x2e\x32\
\x20\x32\x31\x39\x2e\x37\x33\x33\x33\x33\x33\x20\x31\x33\x34\x2e\
\x34\x20\x32\x39\x30\x2e\x31\x33\x33\x33\x33\x34\x20\x31\x34\x2e\
\x39\x33\x33\x33\x33\x33\x20\x31\x32\x2e\x38\x20\x34\x30\x2e\x35\
\x33\x33\x33\x33\x33\x20\x38\x2e\x35\x33\x33\x33\x33\x33\x20\x34\
\x39\x2e\x30\x36\x36\x36\x36\x36\x2d\x31\x32\x2e\x38\x20\x36\x2e\
\x34\x2d\x31\x32\x2e\x38\x20\x32\x2e\x31\x33\x33\x33\x33\x33\x2d\
\x32\x37\x2e\x37\x33\x33\x33\x33\x33\x2d\x38\x2e\x35\x33\x33\x33\
\x33\x33\x2d\x33\x36\x2e\x32\x36\x36\x36\x36\x37\x43\x31\x34\x39\
\x2e\x33\x33\x33\x33\x33\x33\x20\x36\x35\x32\x2e\x38\x20\x31\x30\
\x36\x2e\x36\x36\x36\x36\x36\x37\x20\x35\x36\x35\x2e\x33\x33\x33\
\x33\x33\x33\x20\x31\x30\x36\x2e\x36\x36\x36\x36\x36\x37\x20\x34\
\x36\x39\x2e\x33\x33\x33\x33\x33\x33\x7a\x22\x20\x70\x2d\x69\x64\
\x3d\x22\x35\x39\x32\x39\x22\x20\x66\x69\x6c\x6c\x3d\x22\x23\x33\
\x33\x33\x33\x33\x33\x22\x3e\x3c\x2f\x70\x61\x74\x68\x3e\x3c\x70\
\x61\x74\x68\x20\x64\x3d\x22\x4d\x32\x31\x33\x2e\x33\x33\x33\x33\
\x33\x33\x20\x34\x36\x39\x2e\x33\x33\x33\x33\x33\x33\x63\x30\x2d\
\x35\x37\x2e\x36\x20\x32\x31\x2e\x33\x33\x33\x33\x33\x33\x2d\x31\
\x30\x38\x2e\x38\x20\x35\x37\x2e\x36\x2d\x31\x34\x37\x2e\x32\x20\
\x38\x2e\x35\x33\x33\x33\x33\x33\x2d\x38\x2e\x35\x33\x33\x33\x33\
\x33\x20\x31\x30\x2e\x36\x36\x36\x36\x36\x37\x2d\x32\x33\x2e\x34\
\x36\x36\x36\x36\x37\x20\x36\x2e\x34\x2d\x33\x34\x2e\x31\x33\x33\
\x33\x33\x33\x2d\x38\x2e\x35\x33\x33\x33\x33\x33\x2d\x32\x31\x2e\
\x33\x33\x33\x33\x33\x33\x2d\x33\x36\x2e\x32\x36\x36\x36\x36\x37\
\x2d\x32\x35\x2e\x36\x2d\x35\x31\x2e\x32\x2d\x38\x2e\x35\x33\x33\
\x33\x33\x33\x43\x31\x37\x39\x2e\x32\x20\x33\x32\x38\x2e\x35\x33\
\x33\x33\x33\x33\x20\x31\x34\x39\x2e\x33\x33\x33\x33\x33\x33\x20\
\x33\x39\x34\x2e\x36\x36\x36\x36\x36\x37\x20\x31\x34\x39\x2e\x33\
\x33\x33\x33\x33\x33\x20\x34\x36\x39\x2e\x33\x33\x33\x33\x33\x33\
\x63\x30\x20\x37\x30\x2e\x34\x20\x32\x35\x2e\x36\x20\x31\x33\x34\
\x2e\x34\x20\x36\x38\x2e\x32\x36\x36\x36\x36\x37\x20\x31\x38\x33\
\x2e\x34\x36\x36\x36\x36\x37\x20\x31\x34\x2e\x39\x33\x33\x33\x33\
\x33\x20\x31\x37\x2e\x30\x36\x36\x36\x36\x37\x20\x34\x32\x2e\x36\
\x36\x36\x36\x36\x37\x20\x31\x32\x2e\x38\x20\x35\x33\x2e\x33\x33\
\x33\x33\x33\x33\x2d\x38\x2e\x35\x33\x33\x33\x33\x33\x20\x34\x2e\
\x32\x36\x36\x36\x36\x37\x2d\x31\x30\x2e\x36\x36\x36\x36\x36\x37\
\x20\x32\x2e\x31\x33\x33\x33\x33\x33\x2d\x32\x33\x2e\x34\x36\x36\
\x36\x36\x37\x2d\x34\x2e\x32\x36\x36\x36\x36\x36\x2d\x33\x32\x2d\
\x33\x34\x2e\x31\x33\x33\x33\x33\x33\x2d\x34\x30\x2e\x35\x33\x33\
\x33\x33\x33\x2d\x35\x33\x2e\x33\x33\x33\x33\x33\x33\x2d\x38\x39\
\x2e\x36\x2d\x35\x33\x2e\x33\x33\x33\x33\x33\x34\x2d\x31\x34\x32\
\x2e\x39\x33\x33\x33\x33\x34\x7a\x4d\x36\x34\x30\x20\x34\x35\x34\
\x2e\x34\x63\x31\x39\x2e\x32\x2d\x31\x32\x2e\x38\x20\x33\x38\x2e\
\x34\x2d\x32\x33\x2e\x34\x36\x36\x36\x36\x37\x20\x35\x39\x2e\x37\
\x33\x33\x33\x33\x33\x2d\x33\x32\x2d\x38\x2e\x35\x33\x33\x33\x33\
\x33\x2d\x35\x35\x2e\x34\x36\x36\x36\x36\x37\x2d\x33\x34\x2e\x31\
\x33\x33\x33\x33\x33\x2d\x31\x30\x34\x2e\x35\x33\x33\x33\x33\x33\
\x2d\x37\x32\x2e\x35\x33\x33\x33\x33\x33\x2d\x31\x34\x32\x2e\x39\
\x33\x33\x33\x33\x33\x2d\x31\x34\x2e\x39\x33\x33\x33\x33\x33\x2d\
\x31\x37\x2e\x30\x36\x36\x36\x36\x37\x2d\x34\x32\x2e\x36\x36\x36\
\x36\x36\x37\x2d\x31\x30\x2e\x36\x36\x36\x36\x36\x37\x2d\x35\x31\
\x2e\x32\x20\x38\x2e\x35\x33\x33\x33\x33\x33\x2d\x34\x2e\x32\x36\
\x36\x36\x36\x37\x20\x31\x30\x2e\x36\x36\x36\x36\x36\x37\x2d\x32\
\x2e\x31\x33\x33\x33\x33\x33\x20\x32\x35\x2e\x36\x20\x36\x2e\x34\
\x20\x33\x34\x2e\x31\x33\x33\x33\x33\x33\x20\x33\x32\x20\x33\x36\
\x2e\x32\x36\x36\x36\x36\x37\x20\x35\x33\x2e\x33\x33\x33\x33\x33\
\x33\x20\x38\x31\x2e\x30\x36\x36\x36\x36\x37\x20\x35\x37\x2e\x36\
\x20\x31\x33\x32\x2e\x32\x36\x36\x36\x36\x37\x7a\x4d\x37\x34\x30\
\x2e\x32\x36\x36\x36\x36\x37\x20\x34\x30\x39\x2e\x36\x63\x31\x34\
\x2e\x39\x33\x33\x33\x33\x33\x2d\x32\x2e\x31\x33\x33\x33\x33\x33\
\x20\x33\x32\x2d\x34\x2e\x32\x36\x36\x36\x36\x37\x20\x34\x39\x2e\
\x30\x36\x36\x36\x36\x36\x2d\x34\x2e\x32\x36\x36\x36\x36\x37\x68\
\x31\x37\x2e\x30\x36\x36\x36\x36\x37\x63\x2d\x31\x34\x2e\x39\x33\
\x33\x33\x33\x33\x2d\x39\x33\x2e\x38\x36\x36\x36\x36\x37\x2d\x36\
\x36\x2e\x31\x33\x33\x33\x33\x33\x2d\x31\x37\x37\x2e\x30\x36\x36\
\x36\x36\x37\x2d\x31\x33\x36\x2e\x35\x33\x33\x33\x33\x33\x2d\x32\
\x33\x34\x2e\x36\x36\x36\x36\x36\x36\x2d\x31\x37\x2e\x30\x36\x36\
\x36\x36\x37\x2d\x31\x32\x2e\x38\x2d\x34\x30\x2e\x35\x33\x33\x33\
\x33\x33\x2d\x36\x2e\x34\x2d\x34\x39\x2e\x30\x36\x36\x36\x36\x37\
\x20\x31\x32\x2e\x38\x2d\x36\x2e\x34\x20\x31\x32\x2e\x38\x2d\x32\
\x2e\x31\x33\x33\x33\x33\x33\x20\x32\x37\x2e\x37\x33\x33\x33\x33\
\x33\x20\x38\x2e\x35\x33\x33\x33\x33\x33\x20\x33\x36\x2e\x32\x36\
\x36\x36\x36\x36\x20\x35\x37\x2e\x36\x20\x34\x39\x2e\x30\x36\x36\
\x36\x36\x37\x20\x39\x38\x2e\x31\x33\x33\x33\x33\x33\x20\x31\x31\
\x35\x2e\x32\x20\x31\x31\x30\x2e\x39\x33\x33\x33\x33\x34\x20\x31\
\x38\x39\x2e\x38\x36\x36\x36\x36\x37\x7a\x4d\x35\x38\x34\x2e\x35\
\x33\x33\x33\x33\x33\x20\x34\x30\x33\x2e\x32\x63\x2d\x31\x30\x2e\
\x36\x36\x36\x36\x36\x37\x2d\x32\x35\x2e\x36\x2d\x34\x36\x2e\x39\
\x33\x33\x33\x33\x33\x2d\x32\x35\x2e\x36\x2d\x35\x37\x2e\x36\x20\
\x30\x76\x32\x2e\x31\x33\x33\x33\x33\x33\x63\x2d\x34\x2e\x32\x36\
\x36\x36\x36\x37\x20\x38\x2e\x35\x33\x33\x33\x33\x33\x2d\x34\x2e\
\x32\x36\x36\x36\x36\x37\x20\x31\x37\x2e\x30\x36\x36\x36\x36\x37\
\x20\x30\x20\x32\x33\x2e\x34\x36\x36\x36\x36\x37\x20\x36\x2e\x34\
\x20\x31\x32\x2e\x38\x20\x38\x2e\x35\x33\x33\x33\x33\x33\x20\x32\
\x35\x2e\x36\x20\x38\x2e\x35\x33\x33\x33\x33\x34\x20\x34\x30\x2e\
\x35\x33\x33\x33\x33\x33\x20\x30\x20\x31\x30\x2e\x36\x36\x36\x36\
\x36\x37\x2d\x32\x2e\x31\x33\x33\x33\x33\x33\x20\x32\x31\x2e\x33\
\x33\x33\x33\x33\x33\x2d\x34\x2e\x32\x36\x36\x36\x36\x37\x20\x33\
\x32\x2d\x32\x2e\x31\x33\x33\x33\x33\x33\x20\x36\x2e\x34\x2d\x32\
\x2e\x31\x33\x33\x33\x33\x33\x20\x31\x34\x2e\x39\x33\x33\x33\x33\
\x33\x20\x32\x2e\x31\x33\x33\x33\x33\x33\x20\x32\x31\x2e\x33\x33\
\x33\x33\x33\x34\x20\x36\x2e\x34\x20\x31\x34\x2e\x39\x33\x33\x33\
\x33\x33\x20\x31\x39\x2e\x32\x20\x31\x39\x2e\x32\x20\x33\x32\x20\
\x31\x39\x2e\x32\x20\x38\x2e\x35\x33\x33\x33\x33\x33\x2d\x31\x37\
\x2e\x30\x36\x36\x36\x36\x37\x20\x31\x39\x2e\x32\x2d\x33\x34\x2e\
\x31\x33\x33\x33\x33\x33\x20\x33\x32\x2d\x34\x36\x2e\x39\x33\x33\
\x33\x33\x34\x56\x34\x36\x39\x2e\x33\x33\x33\x33\x33\x33\x63\x30\
\x2d\x32\x33\x2e\x34\x36\x36\x36\x36\x37\x2d\x34\x2e\x32\x36\x36\
\x36\x36\x37\x2d\x34\x34\x2e\x38\x2d\x31\x32\x2e\x38\x2d\x36\x36\
\x2e\x31\x33\x33\x33\x33\x33\x7a\x22\x20\x70\x2d\x69\x64\x3d\x22\
\x35\x39\x33\x30\x22\x20\x66\x69\x6c\x6c\x3d\x22\x23\x33\x33\x33\
\x33\x33\x33\x22\x3e\x3c\x2f\x70\x61\x74\x68\x3e\x3c\x70\x61\x74\
\x68\x20\x64\x3d\x22\x4d\x33\x32\x34\x2e\x32\x36\x36\x36\x36\x37\
\x20\x35\x32\x32\x2e\x36\x36\x36\x36\x36\x37\x63\x32\x2e\x31\x33\
\x33\x33\x33\x33\x2d\x36\x2e\x34\x20\x34\x2e\x32\x36\x36\x36\x36\
\x37\x2d\x31\x34\x2e\x39\x33\x33\x33\x33\x33\x20\x32\x2e\x31\x33\
\x33\x33\x33\x33\x2d\x32\x31\x2e\x33\x33\x33\x33\x33\x34\x2d\x34\
\x2e\x32\x36\x36\x36\x36\x37\x2d\x31\x30\x2e\x36\x36\x36\x36\x36\
\x37\x2d\x36\x2e\x34\x2d\x32\x31\x2e\x33\x33\x33\x33\x33\x33\x2d\
\x36\x2e\x34\x2d\x33\x32\x20\x30\x2d\x31\x34\x2e\x39\x33\x33\x33\
\x33\x33\x20\x32\x2e\x31\x33\x33\x33\x33\x33\x2d\x32\x37\x2e\x37\
\x33\x33\x33\x33\x33\x20\x38\x2e\x35\x33\x33\x33\x33\x33\x2d\x34\
\x30\x2e\x35\x33\x33\x33\x33\x33\x20\x34\x2e\x32\x36\x36\x36\x36\
\x37\x2d\x38\x2e\x35\x33\x33\x33\x33\x33\x20\x32\x2e\x31\x33\x33\
\x33\x33\x33\x2d\x31\x37\x2e\x30\x36\x36\x36\x36\x37\x20\x30\x2d\
\x32\x33\x2e\x34\x36\x36\x36\x36\x37\x76\x2d\x32\x2e\x31\x33\x33\
\x33\x33\x33\x63\x2d\x31\x30\x2e\x36\x36\x36\x36\x36\x37\x2d\x32\
\x35\x2e\x36\x2d\x34\x36\x2e\x39\x33\x33\x33\x33\x33\x2d\x32\x35\
\x2e\x36\x2d\x35\x37\x2e\x36\x20\x30\x2d\x38\x2e\x35\x33\x33\x33\
\x33\x33\x20\x31\x39\x2e\x32\x2d\x31\x32\x2e\x38\x20\x34\x32\x2e\
\x36\x36\x36\x36\x36\x37\x2d\x31\x32\x2e\x38\x20\x36\x36\x2e\x31\
\x33\x33\x33\x33\x33\x20\x30\x20\x31\x37\x2e\x30\x36\x36\x36\x36\
\x37\x20\x32\x2e\x31\x33\x33\x33\x33\x33\x20\x33\x34\x2e\x31\x33\
\x33\x33\x33\x33\x20\x38\x2e\x35\x33\x33\x33\x33\x34\x20\x35\x31\
\x2e\x32\x20\x36\x2e\x34\x20\x32\x37\x2e\x37\x33\x33\x33\x33\x33\
\x20\x34\x34\x2e\x38\x20\x32\x39\x2e\x38\x36\x36\x36\x36\x37\x20\
\x35\x37\x2e\x36\x20\x32\x2e\x31\x33\x33\x33\x33\x34\x7a\x4d\x34\
\x36\x32\x2e\x39\x33\x33\x33\x33\x33\x20\x35\x32\x32\x2e\x36\x36\
\x36\x36\x36\x37\x63\x31\x37\x2e\x30\x36\x36\x36\x36\x37\x2d\x31\
\x32\x2e\x38\x20\x32\x37\x2e\x37\x33\x33\x33\x33\x33\x2d\x33\x32\
\x20\x32\x37\x2e\x37\x33\x33\x33\x33\x34\x2d\x35\x33\x2e\x33\x33\
\x33\x33\x33\x34\x20\x30\x2d\x33\x36\x2e\x32\x36\x36\x36\x36\x37\
\x2d\x32\x37\x2e\x37\x33\x33\x33\x33\x33\x2d\x36\x34\x2d\x36\x34\
\x2d\x36\x34\x73\x2d\x36\x34\x20\x32\x37\x2e\x37\x33\x33\x33\x33\
\x33\x2d\x36\x34\x20\x36\x34\x63\x30\x20\x32\x31\x2e\x33\x33\x33\
\x33\x33\x33\x20\x31\x30\x2e\x36\x36\x36\x36\x36\x37\x20\x34\x30\
\x2e\x35\x33\x33\x33\x33\x33\x20\x32\x37\x2e\x37\x33\x33\x33\x33\
\x33\x20\x35\x33\x2e\x33\x33\x33\x33\x33\x34\x6c\x2d\x39\x36\x20\
\x32\x37\x35\x2e\x32\x63\x2d\x38\x2e\x35\x33\x33\x33\x33\x33\x20\
\x32\x37\x2e\x37\x33\x33\x33\x33\x33\x20\x31\x32\x2e\x38\x20\x35\
\x35\x2e\x34\x36\x36\x36\x36\x37\x20\x34\x30\x2e\x35\x33\x33\x33\
\x33\x33\x20\x35\x35\x2e\x34\x36\x36\x36\x36\x36\x68\x31\x38\x33\
\x2e\x34\x36\x36\x36\x36\x37\x63\x32\x37\x2e\x37\x33\x33\x33\x33\
\x33\x20\x30\x20\x34\x39\x2e\x30\x36\x36\x36\x36\x37\x2d\x32\x37\
\x2e\x37\x33\x33\x33\x33\x33\x20\x34\x30\x2e\x35\x33\x33\x33\x33\
\x33\x2d\x35\x35\x2e\x34\x36\x36\x36\x36\x36\x6c\x2d\x39\x36\x2d\
\x32\x37\x35\x2e\x32\x7a\x4d\x37\x38\x39\x2e\x33\x33\x33\x33\x33\
\x33\x20\x34\x36\x39\x2e\x33\x33\x33\x33\x33\x33\x63\x2d\x31\x30\
\x36\x2e\x36\x36\x36\x36\x36\x37\x20\x30\x2d\x31\x39\x32\x20\x38\
\x35\x2e\x33\x33\x33\x33\x33\x33\x2d\x31\x39\x32\x20\x31\x39\x32\
\x73\x38\x35\x2e\x33\x33\x33\x33\x33\x33\x20\x31\x39\x32\x20\x31\
\x39\x32\x20\x31\x39\x32\x20\x31\x39\x32\x2d\x38\x35\x2e\x33\x33\
\x33\x33\x33\x33\x20\x31\x39\x32\x2d\x31\x39\x32\x2d\x38\x35\x2e\
\x33\x33\x33\x33\x33\x33\x2d\x31\x39\x32\x2d\x31\x39\x32\x2d\x31\
\x39\x32\x7a\x20\x6d\x35\x37\x2e\x36\x20\x32\x37\x37\x2e\x33\x33\
\x33\x33\x33\x34\x68\x2d\x31\x32\x38\x63\x2d\x33\x32\x20\x30\x2d\
\x35\x37\x2e\x36\x2d\x32\x35\x2e\x36\x2d\x35\x37\x2e\x36\x2d\x35\
\x37\x2e\x36\x20\x30\x2d\x33\x32\x20\x32\x35\x2e\x36\x2d\x35\x37\
\x2e\x36\x20\x35\x37\x2e\x36\x2d\x35\x37\x2e\x36\x20\x30\x2d\x33\
\x38\x2e\x34\x20\x33\x32\x2d\x37\x30\x2e\x34\x20\x37\x30\x2e\x34\
\x2d\x37\x30\x2e\x34\x20\x33\x32\x20\x30\x20\x35\x37\x2e\x36\x20\
\x31\x39\x2e\x32\x20\x36\x36\x2e\x31\x33\x33\x33\x33\x34\x20\x34\
\x36\x2e\x39\x33\x33\x33\x33\x33\x20\x33\x34\x2e\x31\x33\x33\x33\
\x33\x33\x20\x34\x2e\x32\x36\x36\x36\x36\x37\x20\x36\x31\x2e\x38\
\x36\x36\x36\x36\x37\x20\x33\x34\x2e\x31\x33\x33\x33\x33\x33\x20\
\x36\x31\x2e\x38\x36\x36\x36\x36\x36\x20\x37\x30\x2e\x34\x20\x30\
\x20\x33\x36\x2e\x32\x36\x36\x36\x36\x37\x2d\x33\x32\x20\x36\x38\
\x2e\x32\x36\x36\x36\x36\x37\x2d\x37\x30\x2e\x34\x20\x36\x38\x2e\
\x32\x36\x36\x36\x36\x37\x7a\x22\x20\x70\x2d\x69\x64\x3d\x22\x35\
\x39\x33\x31\x22\x20\x66\x69\x6c\x6c\x3d\x22\x23\x33\x33\x33\x33\
\x33\x33\x22\x3e\x3c\x2f\x70\x61\x74\x68\x3e\x3c\x2f\x73\x76\x67\
\x3e\
\x00\x00\x04\x65\
\x3c\
\x3f\x78\x6d\x6c\x20\x76\x65\x72\x73\x69\x6f\x6e\x3d\x22\x31\x2e\
\x30\x22\x20\x73\x74\x61\x6e\x64\x61\x6c\x6f\x6e\x65\x3d\x22\x6e\
\x6f\x22\x3f\x3e\x3c\x21\x44\x4f\x43\x54\x59\x50\x45\x20\x73\x76\
\x67\x20\x50\x55\x42\x4c\x49\x43\x20\x22\x2d\x2f\x2f\x57\x33\x43\
\x2f\x2f\x44\x54\x44\x20\x53\x56\x47\x20\x31\x2e\x31\x2f\x2f\x45\
\x4e\x22\x20\x22\x68\x74\x74\x70\x3a\x2f\x2f\x77\x77\x77\x2e\x77\
\x33\x2e\x6f\x72\x67\x2f\x47\x72\x61\x70\x68\x69\x63\x73\x2f\x53\
\x56\x47\x2f\x31\x2e\x31\x2f\x44\x54\x44\x2f\x73\x76\x67\x31\x31\
\x2e\x64\x74\x64\x22\x3e\x3c\x73\x76\x67\x20\x74\x3d\x22\x31\x37\
\x37\x37\x36\x31\x37\x35\x30\x31\x34\x31\x31\x22\x20\x63\x6c\x61\
\x73\x73\x3d\x22\x69\x63\x6f\x6e\x22\x20\x76\x69\x65\x77\x42\x6f\
\x78\x3d\x22\x30\x20\x30\x20\x31\x30\x32\x34\x20\x31\x30\x32\x34\
\x22\x20\x76\x65\x72\x73\x69\x6f\x6e\x3d\x22\x31\x2e\x31\x22\x20\
\x78\x6d\x6c\x6e\x73\x3d\x22\x68\x74\x74\x70\x3a\x2f\x2f\x77\x77\
\x77\x2e\x77\x33\x2e\x6f\x72\x67\x2f\x32\x30\x30\x30\x2f\x73\x76\
\x67\x22\x20\x70\x2d\x69\x64\x3d\x22\x36\x36\x38\x30\x22\x20\x78\
\x6d\x6c\x6e\x73\x3a\x78\x6c\x69\x6e\x6b\x3d\x22\x68\x74\x74\x70\
\x3a\x2f\x2f\x77\x77\x77\x2e\x77\x33\x2e\x6f\x72\x67\x2f\x31\x39\
\x39\x39\x2f\x78\x6c\x69\x6e\x6b\x22\x20\x77\x69\x64\x74\x68\x3d\
\x22\x32\x30\x30\x22\x20\x68\x65\x69\x67\x68\x74\x3d\x22\x32\x30\
\x30\x22\x3e\x3c\x70\x61\x74\x68\x20\x64\x3d\x22\x4d\x38\x33\x33\
\x2e\x33\x33\x20\x37\x36\x37\x2e\x39\x36\x68\x2d\x39\x31\x2e\x39\
\x63\x2d\x32\x31\x2e\x37\x33\x20\x30\x2d\x33\x39\x2e\x33\x34\x2d\
\x31\x37\x2e\x36\x2d\x33\x39\x2e\x33\x34\x2d\x33\x39\x2e\x33\x34\
\x73\x31\x37\x2e\x36\x32\x2d\x33\x39\x2e\x33\x34\x20\x33\x39\x2e\
\x33\x34\x2d\x33\x39\x2e\x33\x34\x68\x39\x31\x2e\x39\x63\x38\x2e\
\x38\x32\x20\x30\x20\x31\x35\x2e\x39\x38\x2d\x37\x2e\x31\x38\x20\
\x31\x35\x2e\x39\x38\x2d\x31\x35\x2e\x39\x38\x56\x31\x39\x33\x2e\
\x38\x63\x30\x2d\x38\x2e\x38\x2d\x37\x2e\x31\x37\x2d\x31\x35\x2e\
\x39\x38\x2d\x31\x35\x2e\x39\x38\x2d\x31\x35\x2e\x39\x38\x48\x33\
\x35\x33\x2e\x38\x34\x63\x2d\x38\x2e\x38\x32\x20\x30\x2d\x31\x35\
\x2e\x39\x38\x20\x37\x2e\x31\x38\x2d\x31\x35\x2e\x39\x38\x20\x31\
\x35\x2e\x39\x38\x76\x39\x30\x2e\x38\x36\x63\x30\x20\x32\x31\x2e\
\x37\x35\x2d\x31\x37\x2e\x36\x32\x20\x33\x39\x2e\x33\x34\x2d\x33\
\x39\x2e\x33\x34\x20\x33\x39\x2e\x33\x34\x73\x2d\x33\x39\x2e\x33\
\x34\x2d\x31\x37\x2e\x36\x2d\x33\x39\x2e\x33\x34\x2d\x33\x39\x2e\
\x33\x34\x56\x31\x39\x33\x2e\x38\x63\x30\x2d\x35\x32\x2e\x32\x31\
\x20\x34\x32\x2e\x34\x37\x2d\x39\x34\x2e\x36\x37\x20\x39\x34\x2e\
\x36\x37\x2d\x39\x34\x2e\x36\x37\x68\x34\x37\x39\x2e\x34\x39\x63\
\x35\x32\x2e\x31\x39\x20\x30\x20\x39\x34\x2e\x36\x37\x20\x34\x32\
\x2e\x34\x35\x20\x39\x34\x2e\x36\x37\x20\x39\x34\x2e\x36\x37\x76\
\x34\x37\x39\x2e\x34\x39\x63\x2d\x30\x2e\x30\x31\x20\x35\x32\x2e\
\x32\x31\x2d\x34\x32\x2e\x34\x39\x20\x39\x34\x2e\x36\x37\x2d\x39\
\x34\x2e\x36\x38\x20\x39\x34\x2e\x36\x37\x7a\x22\x20\x66\x69\x6c\
\x6c\x3d\x22\x23\x33\x33\x33\x33\x33\x33\x22\x20\x70\x2d\x69\x64\
\x3d\x22\x36\x36\x38\x31\x22\x3e\x3c\x2f\x70\x61\x74\x68\x3e\x3c\
\x70\x61\x74\x68\x20\x64\x3d\x22\x4d\x36\x37\x35\x2e\x39\x36\x20\
\x39\x32\x35\x2e\x33\x33\x48\x31\x39\x36\x2e\x34\x37\x63\x2d\x35\
\x32\x2e\x31\x39\x20\x30\x2d\x39\x34\x2e\x36\x37\x2d\x34\x32\x2e\
\x34\x35\x2d\x39\x34\x2e\x36\x37\x2d\x39\x34\x2e\x36\x37\x56\x33\
\x35\x31\x2e\x31\x37\x63\x30\x2d\x35\x32\x2e\x32\x31\x20\x34\x32\
\x2e\x34\x37\x2d\x39\x34\x2e\x36\x37\x20\x39\x34\x2e\x36\x37\x2d\
\x39\x34\x2e\x36\x37\x68\x34\x37\x39\x2e\x34\x39\x63\x35\x32\x2e\
\x31\x39\x20\x30\x20\x39\x34\x2e\x36\x37\x20\x34\x32\x2e\x34\x35\
\x20\x39\x34\x2e\x36\x37\x20\x39\x34\x2e\x36\x37\x76\x34\x37\x39\
\x2e\x34\x39\x63\x2d\x30\x2e\x30\x31\x20\x35\x32\x2e\x32\x32\x2d\
\x34\x32\x2e\x34\x38\x20\x39\x34\x2e\x36\x37\x2d\x39\x34\x2e\x36\
\x37\x20\x39\x34\x2e\x36\x37\x7a\x4d\x31\x39\x36\x2e\x34\x37\x20\
\x33\x33\x35\x2e\x31\x39\x63\x2d\x38\x2e\x38\x32\x20\x30\x2d\x31\
\x35\x2e\x39\x38\x20\x37\x2e\x31\x38\x2d\x31\x35\x2e\x39\x38\x20\
\x31\x35\x2e\x39\x38\x76\x34\x37\x39\x2e\x34\x39\x63\x30\x20\x38\
\x2e\x38\x20\x37\x2e\x31\x37\x20\x31\x35\x2e\x39\x38\x20\x31\x35\
\x2e\x39\x38\x20\x31\x35\x2e\x39\x38\x68\x34\x37\x39\x2e\x34\x39\
\x63\x38\x2e\x38\x32\x20\x30\x20\x31\x35\x2e\x39\x38\x2d\x37\x2e\
\x31\x38\x20\x31\x35\x2e\x39\x38\x2d\x31\x35\x2e\x39\x38\x56\x33\
\x35\x31\x2e\x31\x37\x63\x30\x2d\x38\x2e\x38\x2d\x37\x2e\x31\x37\
\x2d\x31\x35\x2e\x39\x38\x2d\x31\x35\x2e\x39\x38\x2d\x31\x35\x2e\
\x39\x38\x48\x31\x39\x36\x2e\x34\x37\x7a\x22\x20\x66\x69\x6c\x6c\
\x3d\x22\x23\x33\x33\x33\x33\x33\x33\x22\x20\x70\x2d\x69\x64\x3d\
\x22\x36\x36\x38\x32\x22\x3e\x3c\x2f\x70\x61\x74\x68\x3e\x3c\x2f\
\x73\x76\x67\x3e\
\x00\x00\x04\x71\
\x3c\
\x3f\x78\x6d\x6c\x20\x76\x65\x72\x73\x69\x6f\x6e\x3d\x22\x31\x2e\
\x30\x22\x20\x73\x74\x61\x6e\x64\x61\x6c\x6f\x6e\x65\x3d\x22\x6e\
\x6f\x22\x3f\x3e\x3c\x21\x44\x4f\x43\x54\x59\x50\x45\x20\x73\x76\
\x67\x20\x50\x55\x42\x4c\x49\x43\x20\x22\x2d\x2f\x2f\x57\x33\x43\
\x2f\x2f\x44\x54\x44\x20\x53\x56\x47\x20\x31\x2e\x31\x2f\x2f\x45\
\x4e\x22\x20\x22\x68\x74\x74\x70\x3a\x2f\x2f\x77\x77\x77\x2e\x77\
\x33\x2e\x6f\x72\x67\x2f\x47\x72\x61\x70\x68\x69\x63\x73\x2f\x53\
\x56\x47\x2f\x31\x2e\x31\x2f\x44\x54\x44\x2f\x73\x76\x67\x31\x31\
\x2e\x64\x74\x64\x22\x3e\x3c\x73\x76\x67\x20\x74\x3d\x22\x31\x37\
\x37\x37\x36\x34\x37\x37\x37\x30\x37\x33\x34\x22\x20\x63\x6c\x61\
\x73\x73\x3d\x22\x69\x63\x6f\x6e\x22\x20\x76\x69\x65\x77\x42\x6f\
\x78\x3d\x22\x30\x20\x30\x20\x31\x30\x32\x34\x20\x31\x30\x32\x34\
\x22\x20\x76\x65\x72\x73\x69\x6f\x6e\x3d\x22\x31\x2e\x31\x22\x20\
\x78\x6d\x6c\x6e\x73\x3d\x22\x68\x74\x74\x70\x3a\x2f\x2f\x77\x77\
\x77\x2e\x77\x33\x2e\x6f\x72\x67\x2f\x32\x30\x30\x30\x2f\x73\x76\
\x67\x22\x20\x70\x2d\x69\x64\x3d\x22\x35\x30\x32\x37\x22\x20\x78\
\x6d\x6c\x6e\x73\x3a\x78\x6c\x69\x6e\x6b\x3d\x22\x68\x74\x74\x70\
\x3a\x2f\x2f\x77\x77\x77\x2e\x77\x33\x2e\x6f\x72\x67\x2f\x31\x39\
\x39\x39\x2f\x78\x6c\x69\x6e\x6b\x22\x20\x77\x69\x64\x74\x68\x3d\
\x22\x32\x30\x30\x22\x20\x68\x65\x69\x67\x68\x74\x3d\x22\x32\x30\
\x30\x22\x3e\x3c\x70\x61\x74\x68\x20\x64\x3d\x22\x4d\x37\x36\x38\
\x2e\x32\x35\x34\x32\x32\x20\x30\x71\x34\x38\x2e\x38\x31\x30\x33\
\x32\x38\x20\x30\x20\x39\x34\x2e\x30\x36\x31\x35\x36\x39\x20\x31\
\x38\x2e\x33\x30\x33\x38\x37\x33\x74\x38\x30\x2e\x33\x33\x33\x36\
\x36\x34\x20\x35\x30\x2e\x33\x33\x35\x36\x35\x20\x35\x36\x2e\x34\
\x33\x36\x39\x34\x31\x20\x37\x34\x2e\x37\x34\x30\x38\x31\x34\x20\
\x32\x31\x2e\x33\x35\x34\x35\x31\x38\x20\x39\x31\x2e\x35\x31\x39\
\x33\x36\x34\x6c\x30\x20\x31\x35\x30\x2e\x34\x39\x38\x35\x31\x2d\
\x31\x32\x33\x2e\x30\x34\x32\x37\x30\x31\x20\x30\x20\x30\x2d\x31\
\x32\x32\x2e\x30\x32\x35\x38\x31\x39\x71\x30\x2d\x36\x34\x2e\x30\
\x36\x33\x35\x35\x35\x2d\x33\x36\x2e\x30\x39\x39\x33\x30\x35\x2d\
\x39\x39\x2e\x36\x35\x34\x34\x31\x39\x74\x2d\x39\x37\x2e\x31\x31\
\x32\x32\x31\x34\x2d\x33\x35\x2e\x35\x39\x30\x38\x36\x34\x71\x2d\
\x35\x34\x2e\x39\x31\x31\x36\x31\x39\x20\x30\x2d\x38\x38\x2e\x34\
\x36\x38\x37\x31\x39\x20\x33\x35\x2e\x35\x39\x30\x38\x36\x34\x74\
\x2d\x33\x33\x2e\x35\x35\x37\x31\x20\x39\x39\x2e\x36\x35\x34\x34\
\x31\x39\x6c\x30\x20\x31\x32\x34\x2e\x30\x35\x39\x35\x38\x33\x2d\
\x31\x32\x38\x2e\x31\x32\x37\x31\x31\x20\x30\x20\x30\x2d\x31\x35\
\x32\x2e\x35\x33\x32\x32\x37\x34\x71\x30\x2d\x34\x38\x2e\x38\x31\
\x30\x33\x32\x38\x20\x31\x39\x2e\x33\x32\x30\x37\x35\x35\x2d\x39\
\x31\x2e\x35\x31\x39\x33\x36\x34\x74\x35\x33\x2e\x33\x38\x36\x32\
\x39\x36\x2d\x37\x34\x2e\x37\x34\x30\x38\x31\x34\x20\x38\x30\x2e\
\x33\x33\x33\x36\x36\x34\x2d\x35\x30\x2e\x33\x33\x35\x36\x35\x20\
\x31\x30\x31\x2e\x31\x37\x39\x37\x34\x32\x2d\x31\x38\x2e\x33\x30\
\x33\x38\x37\x33\x7a\x4d\x37\x36\x36\x2e\x32\x32\x30\x34\x35\x37\
\x20\x36\x39\x33\x2e\x35\x31\x33\x34\x30\x36\x6c\x30\x20\x38\x37\
\x2e\x34\x35\x31\x38\x33\x37\x20\x30\x20\x34\x37\x2e\x37\x39\x33\
\x34\x34\x36\x71\x30\x20\x32\x37\x2e\x34\x35\x35\x38\x30\x39\x2d\
\x39\x2e\x36\x36\x30\x33\x37\x37\x20\x35\x31\x2e\x38\x36\x30\x39\
\x37\x33\x74\x2d\x32\x36\x2e\x34\x33\x38\x39\x32\x38\x20\x34\x31\
\x2e\x36\x39\x32\x31\x35\x35\x2d\x33\x39\x2e\x36\x35\x38\x33\x39\
\x31\x20\x32\x37\x2e\x34\x35\x35\x38\x30\x39\x2d\x35\x30\x2e\x33\
\x33\x35\x36\x35\x20\x31\x30\x2e\x31\x36\x38\x38\x31\x38\x6c\x2d\
\x35\x31\x34\x2e\x35\x34\x32\x32\x30\x35\x20\x30\x71\x2d\x32\x37\
\x2e\x34\x35\x35\x38\x30\x39\x20\x30\x2d\x34\x39\x2e\x38\x32\x37\
\x32\x31\x2d\x39\x2e\x36\x36\x30\x33\x37\x37\x74\x2d\x33\x38\x2e\
\x36\x34\x31\x35\x30\x39\x2d\x32\x36\x2e\x34\x33\x38\x39\x32\x38\
\x2d\x32\x34\x2e\x39\x31\x33\x36\x30\x35\x2d\x33\x39\x2e\x31\x34\
\x39\x39\x35\x2d\x38\x2e\x36\x34\x33\x34\x39\x36\x2d\x34\x37\x2e\
\x37\x39\x33\x34\x34\x36\x6c\x30\x2d\x33\x32\x33\x2e\x33\x36\x38\
\x34\x32\x31\x71\x30\x2d\x32\x38\x2e\x34\x37\x32\x36\x39\x31\x20\
\x31\x39\x2e\x38\x32\x39\x31\x39\x36\x2d\x34\x37\x2e\x37\x39\x33\
\x34\x34\x36\x74\x34\x36\x2e\x32\x36\x38\x31\x32\x33\x2d\x31\x39\
\x2e\x33\x32\x30\x37\x35\x35\x6c\x36\x32\x39\x2e\x34\x34\x39\x38\
\x35\x31\x20\x30\x71\x32\x38\x2e\x34\x37\x32\x36\x39\x31\x20\x30\
\x20\x34\x37\x2e\x37\x39\x33\x34\x34\x36\x20\x31\x39\x2e\x33\x32\
\x30\x37\x35\x35\x74\x31\x39\x2e\x33\x32\x30\x37\x35\x35\x20\x34\
\x37\x2e\x37\x39\x33\x34\x34\x36\x6c\x30\x20\x31\x37\x39\x2e\x39\
\x38\x38\x30\x38\x33\x7a\x22\x20\x70\x2d\x69\x64\x3d\x22\x35\x30\
\x32\x38\x22\x20\x66\x69\x6c\x6c\x3d\x22\x23\x33\x33\x33\x33\x33\
\x33\x22\x3e\x3c\x2f\x70\x61\x74\x68\x3e\x3c\x2f\x73\x76\x67\x3e\
\
\x00\x00\x03\x70\
\x3c\
\x3f\x78\x6d\x6c\x20\x76\x65\x72\x73\x69\x6f\x6e\x3d\x22\x31\x2e\
\x30\x22\x20\x73\x74\x61\x6e\x64\x61\x6c\x6f\x6e\x65\x3d\x22\x6e\
\x6f\x22\x3f\x3e\x3c\x21\x44\x4f\x43\x54\x59\x50\x45\x20\x73\x76\
\x67\x20\x50\x55\x42\x4c\x49\x43\x20\x22\x2d\x2f\x2f\x57\x33\x43\
\x2f\x2f\x44\x54\x44\x20\x53\x56\x47\x20\x31\x2e\x31\x2f\x2f\x45\
\x4e\x22\x20\x22\x68\x74\x74\x70\x3a\x2f\x2f\x77\x77\x77\x2e\x77\
\x33\x2e\x6f\x72\x67\x2f\x47\x72\x61\x70\x68\x69\x63\x73\x2f\x53\
\x56\x47\x2f\x31\x2e\x31\x2f\x44\x54\x44\x2f\x73\x76\x67\x31\x31\
\x2e\x64\x74\x64\x22\x3e\x3c\x73\x76\x67\x20\x74\x3d\x22\x31\x37\
\x37\x31\x31\x32\x39\x35\x37\x37\x34\x35\x34\x22\x20\x63\x6c\x61\
\x73\x73\x3d\x22\x69\x63\x6f\x6e\x22\x20\x76\x69\x65\x77\x42\x6f\
\x78\x3d\x22\x30\x20\x30\x20\x31\x30\x32\x34\x20\x31\x30\x32\x34\
\x22\x20\x76\x65\x72\x73\x69\x6f\x6e\x3d\x22\x31\x2e\x31\x22\x20\
\x78\x6d\x6c\x6e\x73\x3d\x22\x68\x74\x74\x70\x3a\x2f\x2f\x77\x77\
\x77\x2e\x77\x33\x2e\x6f\x72\x67\x2f\x32\x30\x30\x30\x2f\x73\x76\
\x67\x22\x20\x70\x2d\x69\x64\x3d\x22\x35\x31\x31\x31\x22\x20\x77\
\x69\x64\x74\x68\x3d\x22\x32\x30\x30\x22\x20\x68\x65\x69\x67\x68\
\x74\x3d\x22\x32\x30\x30\x22\x3e\x3c\x70\x61\x74\x68\x20\x64\x3d\
\x22\x4d\x20\x33\x38\x30\x20\x31\x36\x30\x20\x43\x20\x32\x37\x30\
\x20\x31\x36\x30\x2c\x20\x32\x32\x30\x20\x32\x32\x30\x2c\x20\x32\
\x32\x30\x20\x33\x32\x30\x20\x4c\x20\x32\x32\x30\x20\x34\x33\x32\
\x20\x43\x20\x32\x32\x30\x20\x34\x37\x32\x2c\x20\x32\x30\x30\x20\
\x34\x39\x32\x2c\x20\x31\x36\x30\x20\x35\x31\x32\x20\x43\x20\x32\
\x30\x30\x20\x35\x33\x32\x2c\x20\x32\x32\x30\x20\x35\x35\x32\x2c\
\x20\x32\x32\x30\x20\x35\x39\x32\x20\x4c\x20\x32\x32\x30\x20\x37\
\x30\x34\x20\x43\x20\x32\x32\x30\x20\x38\x30\x34\x2c\x20\x32\x37\
\x30\x20\x38\x36\x34\x2c\x20\x33\x38\x30\x20\x38\x36\x34\x20\x4d\
\x20\x36\x34\x34\x20\x31\x36\x30\x20\x43\x20\x37\x35\x34\x20\x31\
\x36\x30\x2c\x20\x38\x30\x34\x20\x32\x32\x30\x2c\x20\x38\x30\x34\
\x20\x33\x32\x30\x20\x4c\x20\x38\x30\x34\x20\x34\x33\x32\x20\x43\
\x20\x38\x30\x34\x20\x34\x37\x32\x2c\x20\x38\x32\x34\x20\x34\x39\
\x32\x2c\x20\x38\x36\x34\x20\x35\x31\x32\x20\x43\x20\x38\x32\x34\
\x20\x35\x33\x32\x2c\x20\x38\x30\x34\x20\x35\x35\x32\x2c\x20\x38\
\x30\x34\x20\x35\x39\x32\x20\x4c\x20\x38\x30\x34\x20\x37\x30\x34\
\x20\x43\x20\x38\x30\x34\x20\x38\x30\x34\x2c\x20\x37\x35\x34\x20\
\x38\x36\x34\x2c\x20\x36\x34\x34\x20\x38\x36\x34\x20\x4d\x20\x33\
\x38\x34\x20\x33\x32\x30\x20\x4c\x20\x36\x34\x30\x20\x33\x32\x30\
\x20\x43\x20\x36\x35\x36\x20\x33\x32\x30\x2c\x20\x36\x36\x34\x20\
\x33\x32\x38\x2c\x20\x36\x36\x34\x20\x33\x34\x34\x20\x4c\x20\x36\
\x36\x34\x20\x36\x38\x30\x20\x43\x20\x36\x36\x34\x20\x36\x39\x36\
\x2c\x20\x36\x35\x36\x20\x37\x30\x34\x2c\x20\x36\x34\x30\x20\x37\
\x30\x34\x20\x4c\x20\x33\x38\x34\x20\x37\x30\x34\x20\x43\x20\x33\
\x36\x38\x20\x37\x30\x34\x2c\x20\x33\x36\x30\x20\x36\x39\x36\x2c\
\x20\x33\x36\x30\x20\x36\x38\x30\x20\x4c\x20\x33\x36\x30\x20\x33\
\x34\x34\x20\x43\x20\x33\x36\x30\x20\x33\x32\x38\x2c\x20\x33\x36\
\x38\x20\x33\x32\x30\x2c\x20\x33\x38\x34\x20\x33\x32\x30\x20\x5a\
\x20\x4d\x20\x34\x33\x32\x20\x34\x36\x30\x20\x4c\x20\x35\x39\x32\
\x20\x34\x36\x30\x20\x4d\x20\x34\x33\x32\x20\x35\x36\x34\x20\x4c\
\x20\x35\x39\x32\x20\x35\x36\x34\x22\x20\x66\x69\x6c\x6c\x3d\x22\
\x6e\x6f\x6e\x65\x22\x20\x73\x74\x72\x6f\x6b\x65\x3d\x22\x23\x33\
\x33\x33\x33\x33\x33\x22\x20\x73\x74\x72\x6f\x6b\x65\x2d\x77\x69\
\x64\x74\x68\x3d\x22\x35\x36\x22\x20\x73\x74\x72\x6f\x6b\x65\x2d\
\x6c\x69\x6e\x65\x63\x61\x70\x3d\x22\x72\x6f\x75\x6e\x64\x22\x20\
\x73\x74\x72\x6f\x6b\x65\x2d\x6c\x69\x6e\x65\x6a\x6f\x69\x6e\x3d\
\x22\x72\x6f\x75\x6e\x64\x22\x2f\x3e\x3c\x2f\x73\x76\x67\x3e\
\x00\x00\x01\xd2\
\x3c\
\x3f\x78\x6d\x6c\x20\x76\x65\x72\x73\x69\x6f\x6e\x3d\x22\x31\x2e\
\x30\x22\x20\x73\x74\x61\x6e\x64\x61\x6c\x6f\x6e\x65\x3d\x22\x6e\
\x6f\x22\x3f\x3e\x3c\x21\x44\x4f\x43\x54\x59\x50\x45\x20\x73\x76\
\x67\x20\x50\x55\x42\x4c\x49\x43\x20\x22\x2d\x2f\x2f\x57\x33\x43\
\x2f\x2f\x44\x54\x44\x20\x53\x56\x47\x20\x31\x2e\x31\x2f\x2f\x45\
\x4e\x22\x20\x22\x68\x74\x74\x70\x3a\x2f\x2f\x77\x77\x77\x2e\x77\
\x33\x2e\x6f\x72\x67\x2f\x47\x72\x61\x70\x68\x69\x63\x73\x2f\x53\
\x56\x47\x2f\x31\x2e\x31\x2f\x44\x54\x44\x2f\x73\x76\x67\x31\x31\
\x2e\x64\x74\x64\x22\x3e\x3c\x73\x76\x67\x20\x74\x3d\x22\x31\x37\
\x37\x37\x31\x37\x31\x33\x34\x37\x39\x35\x37\x22\x20\x63\x6c\x61\
\x73\x73\x3d\x22\x69\x63\x6f\x6e\x22\x20\x76\x69\x65\x77\x42\x6f\
\x78\x3d\x22\x30\x20\x30\x20\x31\x30\x32\x34\x20\x31\x30\x32\x34\
\x22\x20\x76\x65\x72\x73\x69\x6f\x6e\x3d\x22\x31\x2e\x31\x22\x20\
\x78\x6d\x6c\x6e\x73\x3d\x22\x68\x74\x74\x70\x3a\x2f\x2f\x77\x77\
\x77\x2e\x77\x33\x2e\x6f\x72\x67\x2f\x32\x30\x30\x30\x2f\x73\x76\
\x67\x22\x20\x70\x2d\x69\x64\x3d\x22\x34\x39\x31\x36\x22\x20\x78\
\x6d\x6c\x6e\x73\x3a\x78\x6c\x69\x6e\x6b\x3d\x22\x68\x74\x74\x70\
\x3a\x2f\x2f\x77\x77\x77\x2e\x77\x33\x2e\x6f\x72\x67\x2f\x31\x39\
\x39\x39\x2f\x78\x6c\x69\x6e\x6b\x22\x20\x77\x69\x64\x74\x68\x3d\
\x22\x32\x30\x30\x22\x20\x68\x65\x69\x67\x68\x74\x3d\x22\x32\x30\
\x30\x22\x3e\x3c\x70\x61\x74\x68\x20\x64\x3d\x22\x4d\x39\x32\x33\
\x20\x35\x37\x31\x48\x31\x33\x30\x2e\x37\x63\x2d\x32\x37\x2e\x36\
\x20\x30\x2d\x35\x30\x2d\x32\x32\x2e\x34\x2d\x35\x30\x2d\x35\x30\
\x73\x32\x32\x2e\x34\x2d\x35\x30\x20\x35\x30\x2d\x35\x30\x48\x39\
\x32\x33\x63\x32\x37\x2e\x36\x20\x30\x20\x35\x30\x20\x32\x32\x2e\
\x34\x20\x35\x30\x20\x35\x30\x73\x2d\x32\x32\x2e\x34\x20\x35\x30\
\x2d\x35\x30\x20\x35\x30\x7a\x22\x20\x66\x69\x6c\x6c\x3d\x22\x23\
\x33\x33\x33\x33\x33\x33\x22\x20\x70\x2d\x69\x64\x3d\x22\x34\x39\
\x31\x37\x22\x3e\x3c\x2f\x70\x61\x74\x68\x3e\x3c\x2f\x73\x76\x67\
\x3e\
\x00\x00\x03\x2c\
\x3c\
\x3f\x78\x6d\x6c\x20\x76\x65\x72\x73\x69\x6f\x6e\x3d\x22\x31\x2e\
\x30\x22\x20\x73\x74\x61\x6e\x64\x61\x6c\x6f\x6e\x65\x3d\x22\x6e\
\x6f\x22\x3f\x3e\x3c\x21\x44\x4f\x43\x54\x59\x50\x45\x20\x73\x76\
\x67\x20\x50\x55\x42\x4c\x49\x43\x20\x22\x2d\x2f\x2f\x57\x33\x43\
\x2f\x2f\x44\x54\x44\x20\x53\x56\x47\x20\x31\x2e\x31\x2f\x2f\x45\
\x4e\x22\x20\x22\x68\x74\x74\x70\x3a\x2f\x2f\x77\x77\x77\x2e\x77\
\x33\x2e\x6f\x72\x67\x2f\x47\x72\x61\x70\x68\x69\x63\x73\x2f\x53\
\x56\x47\x2f\x31\x2e\x31\x2f\x44\x54\x44\x2f\x73\x76\x67\x31\x31\
\x2e\x64\x74\x64\x22\x3e\x3c\x73\x76\x67\x20\x74\x3d\x22\x31\x37\
\x36\x36\x35\x30\x34\x38\x31\x38\x32\x30\x39\x22\x20\x63\x6c\x61\
\x73\x73\x3d\x22\x69\x63\x6f\x6e\x22\x20\x76\x69\x65\x77\x42\x6f\
\x78\x3d\x22\x30\x20\x30\x20\x31\x30\x32\x34\x20\x31\x30\x32\x34\
\x22\x20\x76\x65\x72\x73\x69\x6f\x6e\x3d\x22\x31\x2e\x31\x22\x20\
\x78\x6d\x6c\x6e\x73\x3d\x22\x68\x74\x74\x70\x3a\x2f\x2f\x77\x77\
\x77\x2e\x77\x33\x2e\x6f\x72\x67\x2f\x32\x30\x30\x30\x2f\x73\x76\
\x67\x22\x20\x70\x2d\x69\x64\x3d\x22\x32\x36\x35\x30\x33\x22\x20\
\x78\x6d\x6c\x6e\x73\x3a\x78\x6c\x69\x6e\x6b\x3d\x22\x68\x74\x74\
\x70\x3a\x2f\x2f\x77\x77\x77\x2e\x77\x33\x2e\x6f\x72\x67\x2f\x31\
\x39\x39\x39\x2f\x78\x6c\x69\x6e\x6b\x22\x20\x77\x69\x64\x74\x68\
\x3d\x22\x32\x30\x30\x22\x20\x68\x65\x69\x67\x68\x74\x3d\x22\x32\
\x30\x30\x22\x3e\x3c\x70\x61\x74\x68\x20\x64\x3d\x22\x4d\x35\x30\
\x33\x2e\x31\x33\x38\x31\x36\x38\x20\x37\x37\x30\x2e\x34\x31\x36\
\x35\x33\x38\x63\x2d\x31\x35\x2e\x32\x33\x38\x30\x35\x33\x20\x30\
\x2d\x33\x30\x2e\x34\x37\x36\x31\x30\x35\x2d\x35\x2e\x38\x31\x36\
\x34\x37\x32\x2d\x34\x32\x2e\x31\x30\x39\x30\x35\x2d\x31\x37\x2e\
\x34\x34\x38\x33\x39\x34\x4c\x38\x30\x2e\x39\x32\x36\x31\x32\x34\
\x20\x33\x37\x32\x2e\x38\x36\x35\x31\x34\x39\x63\x2d\x32\x33\x2e\
\x32\x36\x34\x38\x36\x36\x2d\x32\x33\x2e\x32\x36\x34\x38\x36\x36\
\x2d\x32\x33\x2e\x32\x36\x34\x38\x36\x36\x2d\x36\x30\x2e\x39\x35\
\x33\x32\x33\x34\x20\x30\x2d\x38\x34\x2e\x32\x31\x37\x30\x37\x37\
\x20\x32\x33\x2e\x32\x36\x34\x38\x36\x36\x2d\x32\x33\x2e\x32\x36\
\x34\x38\x36\x36\x20\x36\x30\x2e\x39\x35\x33\x32\x33\x34\x2d\x32\
\x33\x2e\x32\x36\x34\x38\x36\x36\x20\x38\x34\x2e\x32\x31\x37\x30\
\x37\x37\x20\x30\x6c\x33\x33\x37\x2e\x39\x39\x33\x39\x34\x34\x20\
\x33\x33\x37\x2e\x39\x39\x33\x39\x34\x34\x20\x33\x35\x34\x2e\x31\
\x32\x34\x33\x32\x2d\x33\x35\x34\x2e\x30\x38\x35\x34\x33\x34\x63\
\x32\x33\x2e\x32\x36\x34\x38\x36\x36\x2d\x32\x33\x2e\x32\x36\x34\
\x38\x36\x36\x20\x36\x30\x2e\x39\x35\x33\x32\x33\x34\x2d\x32\x33\
\x2e\x32\x36\x34\x38\x36\x36\x20\x38\x34\x2e\x32\x31\x37\x30\x37\
\x37\x20\x30\x20\x32\x33\x2e\x32\x36\x34\x38\x36\x36\x20\x32\x33\
\x2e\x32\x36\x34\x38\x36\x36\x20\x32\x33\x2e\x32\x36\x34\x38\x36\
\x36\x20\x36\x30\x2e\x39\x35\x33\x32\x33\x34\x20\x30\x20\x38\x34\
\x2e\x32\x31\x37\x30\x37\x37\x4c\x35\x34\x35\x2e\x32\x34\x37\x32\
\x31\x38\x20\x37\x35\x32\x2e\x39\x36\x38\x31\x34\x34\x43\x35\x33\
\x33\x2e\x36\x31\x34\x32\x37\x34\x20\x37\x36\x34\x2e\x36\x30\x31\
\x30\x38\x38\x20\x35\x31\x38\x2e\x33\x37\x36\x32\x32\x31\x20\x37\
\x37\x30\x2e\x34\x31\x36\x35\x33\x38\x20\x35\x30\x33\x2e\x31\x33\
\x38\x31\x36\x38\x20\x37\x37\x30\x2e\x34\x31\x36\x35\x33\x38\x7a\
\x22\x20\x66\x69\x6c\x6c\x3d\x22\x23\x33\x33\x33\x33\x33\x33\x22\
\x20\x70\x2d\x69\x64\x3d\x22\x32\x36\x35\x30\x34\x22\x3e\x3c\x2f\
\x70\x61\x74\x68\x3e\x3c\x2f\x73\x76\x67\x3e\
\x00\x00\x06\x01\
\x3c\
\x3f\x78\x6d\x6c\x20\x76\x65\x72\x73\x69\x6f\x6e\x3d\x22\x31\x2e\
\x30\x22\x20\x73\x74\x61\x6e\x64\x61\x6c\x6f\x6e\x65\x3d\x22\x6e\
\x6f\x22\x3f\x3e\x3c\x21\x44\x4f\x43\x54\x59\x50\x45\x20\x73\x76\
\x67\x20\x50\x55\x42\x4c\x49\x43\x20\x22\x2d\x2f\x2f\x57\x33\x43\
\x2f\x2f\x44\x54\x44\x20\x53\x56\x47\x20\x31\x2e\x31\x2f\x2f\x45\
\x4e\x22\x20\x22\x68\x74\x74\x70\x3a\x2f\x2f\x77\x77\x77\x2e\x77\
\x33\x2e\x6f\x72\x67\x2f\x47\x72\x61\x70\x68\x69\x63\x73\x2f\x53\
\x56\x47\x2f\x31\x2e\x31\x2f\x44\x54\x44\x2f\x73\x76\x67\x31\x31\
\x2e\x64\x74\x64\x22\x3e\x3c\x73\x76\x67\x20\x74\x3d\x22\x31\x37\
\x37\x38\x38\x35\x30\x30\x38\x32\x37\x37\x31\x22\x20\x63\x6c\x61\
\x73\x73\x3d\x22\x69\x63\x6f\x6e\x22\x20\x76\x69\x65\x77\x42\x6f\
\x78\x3d\x22\x30\x20\x30\x20\x31\x30\x36\x36\x20\x31\x30\x32\x34\
\x22\x20\x76\x65\x72\x73\x69\x6f\x6e\x3d\x22\x31\x2e\x31\x22\x20\
\x78\x6d\x6c\x6e\x73\x3d\x22\x68\x74\x74\x70\x3a\x2f\x2f\x77\x77\
\x77\x2e\x77\x33\x2e\x6f\x72\x67\x2f\x32\x30\x30\x30\x2f\x73\x76\
\x67\x22\x20\x70\x2d\x69\x64\x3d\x22\x35\x36\x33\x31\x22\x20\x78\
\x6d\x6c\x6e\x73\x3a\x78\x6c\x69\x6e\x6b\x3d\x22\x68\x74\x74\x70\
\x3a\x2f\x2f\x77\x77\x77\x2e\x77\x33\x2e\x6f\x72\x67\x2f\x31\x39\
\x39\x39\x2f\x78\x6c\x69\x6e\x6b\x22\x20\x77\x69\x64\x74\x68\x3d\
\x22\x32\x30\x38\x2e\x32\x30\x33\x31\x32\x35\x22\x20\x68\x65\x69\
\x67\x68\x74\x3d\x22\x32\x30\x30\x22\x3e\x3c\x70\x61\x74\x68\x20\
\x64\x3d\x22\x4d\x32\x35\x38\x2e\x30\x38\x20\x37\x37\x30\x2e\x33\
\x34\x36\x36\x36\x37\x61\x32\x35\x36\x2e\x38\x35\x33\x33\x33\x33\
\x20\x32\x35\x36\x2e\x38\x35\x33\x33\x33\x33\x20\x30\x20\x30\x20\
\x31\x2d\x31\x38\x32\x2e\x38\x36\x39\x33\x33\x33\x2d\x37\x35\x2e\
\x36\x39\x30\x36\x36\x37\x43\x2d\x32\x35\x2e\x30\x31\x33\x33\x33\
\x33\x20\x35\x39\x33\x2e\x39\x32\x2d\x32\x35\x2e\x30\x31\x33\x33\
\x33\x33\x20\x34\x33\x30\x2e\x31\x36\x35\x33\x33\x33\x20\x37\x35\
\x2e\x31\x32\x35\x33\x33\x33\x20\x33\x32\x39\x2e\x35\x31\x34\x36\
\x36\x37\x61\x32\x35\x36\x2e\x39\x38\x31\x33\x33\x33\x20\x32\x35\
\x36\x2e\x39\x38\x31\x33\x33\x33\x20\x30\x20\x30\x20\x31\x20\x31\
\x38\x32\x2e\x39\x39\x37\x33\x33\x34\x2d\x37\x35\x2e\x38\x31\x38\
\x36\x36\x37\x63\x36\x39\x2e\x30\x37\x37\x33\x33\x33\x20\x30\x20\
\x31\x33\x34\x2e\x30\x31\x36\x20\x32\x36\x2e\x38\x38\x20\x31\x38\
\x32\x2e\x38\x36\x39\x33\x33\x33\x20\x37\x35\x2e\x36\x39\x30\x36\
\x36\x37\x6c\x31\x33\x37\x2e\x33\x38\x36\x36\x36\x37\x20\x31\x33\
\x37\x2e\x33\x38\x36\x36\x36\x36\x61\x36\x34\x20\x36\x34\x20\x30\
\x20\x31\x20\x31\x2d\x39\x30\x2e\x34\x39\x36\x20\x39\x30\x2e\x34\
\x39\x36\x6c\x2d\x31\x33\x37\x2e\x33\x38\x36\x36\x36\x37\x2d\x31\
\x33\x37\x2e\x33\x34\x34\x63\x2d\x34\x39\x2e\x34\x30\x38\x2d\x34\
\x39\x2e\x34\x30\x38\x2d\x31\x33\x35\x2e\x35\x30\x39\x33\x33\x33\
\x2d\x34\x39\x2e\x33\x36\x35\x33\x33\x33\x2d\x31\x38\x34\x2e\x37\
\x34\x36\x36\x36\x37\x2d\x30\x2e\x30\x34\x32\x36\x36\x36\x61\x31\
\x33\x30\x2e\x39\x38\x36\x36\x36\x37\x20\x31\x33\x30\x2e\x39\x38\
\x36\x36\x36\x37\x20\x30\x20\x30\x20\x30\x20\x30\x2e\x30\x38\x35\
\x33\x33\x34\x20\x31\x38\x34\x2e\x33\x36\x32\x36\x36\x36\x63\x34\
\x39\x2e\x30\x32\x34\x20\x34\x39\x2e\x30\x32\x34\x20\x31\x33\x35\
\x2e\x32\x35\x33\x33\x33\x33\x20\x34\x39\x2e\x32\x33\x37\x33\x33\
\x33\x20\x31\x38\x34\x2e\x35\x33\x33\x33\x33\x33\x2d\x30\x2e\x31\
\x32\x38\x6c\x31\x36\x2e\x36\x38\x32\x36\x36\x37\x2d\x31\x36\x2e\
\x36\x38\x32\x36\x36\x36\x61\x36\x34\x20\x36\x34\x20\x30\x20\x30\
\x20\x31\x20\x39\x30\x2e\x34\x39\x36\x20\x39\x30\x2e\x35\x38\x31\
\x33\x33\x33\x6c\x2d\x31\x36\x2e\x36\x34\x20\x31\x36\x2e\x36\x34\
\x61\x32\x35\x36\x2e\x38\x35\x33\x33\x33\x33\x20\x32\x35\x36\x2e\
\x38\x35\x33\x33\x33\x33\x20\x30\x20\x30\x20\x31\x2d\x31\x38\x32\
\x2e\x38\x32\x36\x36\x36\x37\x20\x37\x35\x2e\x36\x39\x30\x36\x36\
\x37\x7a\x22\x20\x66\x69\x6c\x6c\x3d\x22\x23\x33\x33\x33\x33\x33\
\x33\x22\x20\x70\x2d\x69\x64\x3d\x22\x35\x36\x33\x32\x22\x3e\x3c\
\x2f\x70\x61\x74\x68\x3e\x3c\x70\x61\x74\x68\x20\x64\x3d\x22\x4d\
\x38\x30\x38\x2e\x30\x35\x33\x33\x33\x33\x20\x37\x37\x30\x2e\x33\
\x34\x36\x36\x36\x37\x61\x32\x35\x37\x2e\x30\x32\x34\x20\x32\x35\
\x37\x2e\x30\x32\x34\x20\x30\x20\x30\x20\x31\x2d\x31\x38\x32\x2e\
\x38\x36\x39\x33\x33\x33\x2d\x37\x35\x2e\x36\x39\x30\x36\x36\x37\
\x6c\x2d\x31\x33\x37\x2e\x33\x38\x36\x36\x36\x37\x2d\x31\x33\x37\
\x2e\x33\x38\x36\x36\x36\x37\x61\x36\x34\x20\x36\x34\x20\x30\x20\
\x31\x20\x31\x20\x39\x30\x2e\x34\x39\x36\x2d\x39\x30\x2e\x34\x39\
\x36\x6c\x31\x33\x37\x2e\x33\x38\x36\x36\x36\x37\x20\x31\x33\x37\
\x2e\x33\x34\x34\x63\x34\x39\x2e\x33\x36\x35\x33\x33\x33\x20\x34\
\x39\x2e\x34\x35\x30\x36\x36\x37\x20\x31\x33\x35\x2e\x34\x36\x36\
\x36\x36\x37\x20\x34\x39\x2e\x33\x36\x35\x33\x33\x33\x20\x31\x38\
\x34\x2e\x37\x30\x34\x20\x30\x2e\x30\x34\x32\x36\x36\x37\x61\x31\
\x33\x30\x2e\x39\x38\x36\x36\x36\x37\x20\x31\x33\x30\x2e\x39\x38\
\x36\x36\x36\x37\x20\x30\x20\x30\x20\x30\x2d\x30\x2e\x30\x38\x35\
\x33\x33\x33\x2d\x31\x38\x34\x2e\x33\x36\x32\x36\x36\x37\x63\x2d\
\x34\x39\x2e\x30\x32\x34\x2d\x34\x39\x2e\x30\x36\x36\x36\x36\x37\
\x2d\x31\x33\x35\x2e\x32\x35\x33\x33\x33\x33\x2d\x34\x39\x2e\x31\
\x39\x34\x36\x36\x37\x2d\x31\x38\x34\x2e\x35\x33\x33\x33\x33\x34\
\x20\x30\x2e\x31\x32\x38\x6c\x2d\x31\x36\x2e\x36\x38\x32\x36\x36\
\x36\x20\x31\x36\x2e\x36\x38\x32\x36\x36\x37\x61\x36\x34\x20\x36\
\x34\x20\x30\x20\x30\x20\x31\x2d\x39\x30\x2e\x34\x39\x36\x2d\x39\
\x30\x2e\x35\x38\x31\x33\x33\x33\x6c\x31\x36\x2e\x36\x34\x2d\x31\
\x36\x2e\x36\x34\x61\x32\x35\x36\x2e\x38\x35\x33\x33\x33\x33\x20\
\x32\x35\x36\x2e\x38\x35\x33\x33\x33\x33\x20\x30\x20\x30\x20\x31\
\x20\x31\x38\x32\x2e\x38\x32\x36\x36\x36\x36\x2d\x37\x35\x2e\x36\
\x34\x38\x63\x36\x39\x2e\x31\x32\x20\x30\x20\x31\x33\x34\x2e\x30\
\x35\x38\x36\x36\x37\x20\x32\x36\x2e\x38\x38\x20\x31\x38\x32\x2e\
\x38\x36\x39\x33\x33\x34\x20\x37\x35\x2e\x36\x39\x30\x36\x36\x36\
\x20\x31\x30\x30\x2e\x32\x32\x34\x20\x31\x30\x30\x2e\x37\x33\x36\
\x20\x31\x30\x30\x2e\x32\x32\x34\x20\x32\x36\x34\x2e\x34\x39\x30\
\x36\x36\x37\x20\x30\x2e\x30\x38\x35\x33\x33\x33\x20\x33\x36\x35\
\x2e\x31\x34\x31\x33\x33\x34\x61\x32\x35\x37\x2e\x31\x30\x39\x33\
\x33\x33\x20\x32\x35\x37\x2e\x31\x30\x39\x33\x33\x33\x20\x30\x20\
\x30\x20\x31\x2d\x31\x38\x32\x2e\x39\x35\x34\x36\x36\x37\x20\x37\
\x35\x2e\x37\x37\x36\x7a\x22\x20\x66\x69\x6c\x6c\x3d\x22\x23\x33\
\x33\x33\x33\x33\x33\x22\x20\x70\x2d\x69\x64\x3d\x22\x35\x36\x33\
\x33\x22\x3e\x3c\x2f\x70\x61\x74\x68\x3e\x3c\x2f\x73\x76\x67\x3e\
\
\x00\x00\x02\x0e\
\x3c\
\x3f\x78\x6d\x6c\x20\x76\x65\x72\x73\x69\x6f\x6e\x3d\x22\x31\x2e\
\x30\x22\x20\x73\x74\x61\x6e\x64\x61\x6c\x6f\x6e\x65\x3d\x22\x6e\
\x6f\x22\x3f\x3e\x3c\x21\x44\x4f\x43\x54\x59\x50\x45\x20\x73\x76\
\x67\x20\x50\x55\x42\x4c\x49\x43\x20\x22\x2d\x2f\x2f\x57\x33\x43\
\x2f\x2f\x44\x54\x44\x20\x53\x56\x47\x20\x31\x2e\x31\x2f\x2f\x45\
\x4e\x22\x20\x22\x68\x74\x74\x70\x3a\x2f\x2f\x77\x77\x77\x2e\x77\
\x33\x2e\x6f\x72\x67\x2f\x47\x72\x61\x70\x68\x69\x63\x73\x2f\x53\
\x56\x47\x2f\x31\x2e\x31\x2f\x44\x54\x44\x2f\x73\x76\x67\x31\x31\
\x2e\x64\x74\x64\x22\x3e\x3c\x73\x76\x67\x20\x74\x3d\x22\x31\x37\
\x37\x34\x38\x34\x30\x31\x36\x39\x37\x39\x33\x22\x20\x63\x6c\x61\
\x73\x73\x3d\x22\x69\x63\x6f\x6e\x22\x20\x76\x69\x65\x77\x42\x6f\
\x78\x3d\x22\x30\x20\x30\x20\x31\x30\x32\x34\x20\x31\x30\x32\x34\
\x22\x20\x76\x65\x72\x73\x69\x6f\x6e\x3d\x22\x31\x2e\x31\x22\x20\
\x78\x6d\x6c\x6e\x73\x3d\x22\x68\x74\x74\x70\x3a\x2f\x2f\x77\x77\
\x77\x2e\x77\x33\x2e\x6f\x72\x67\x2f\x32\x30\x30\x30\x2f\x73\x76\
\x67\x22\x20\x70\x2d\x69\x64\x3d\x22\x31\x36\x37\x34\x22\x20\x78\
\x6d\x6c\x6e\x73\x3a\x78\x6c\x69\x6e\x6b\x3d\x22\x68\x74\x74\x70\
\x3a\x2f\x2f\x77\x77\x77\x2e\x77\x33\x2e\x6f\x72\x67\x2f\x31\x39\
\x39\x39\x2f\x78\x6c\x69\x6e\x6b\x22\x20\x77\x69\x64\x74\x68\x3d\
\x22\x32\x30\x30\x22\x20\x68\x65\x69\x67\x68\x74\x3d\x22\x32\x30\
\x30\x22\x3e\x3c\x70\x61\x74\x68\x20\x64\x3d\x22\x4d\x35\x39\x39\
\x2e\x35\x35\x32\x20\x38\x34\x32\x2e\x30\x39\x33\x37\x31\x34\x48\
\x37\x36\x38\x56\x31\x30\x32\x34\x68\x2d\x35\x31\x32\x76\x2d\x31\
\x38\x31\x2e\x39\x30\x36\x32\x38\x36\x68\x31\x36\x38\x2e\x32\x32\
\x38\x35\x37\x31\x56\x31\x38\x31\x2e\x39\x37\x39\x34\x32\x39\x48\
\x31\x34\x36\x2e\x32\x38\x35\x37\x31\x34\x76\x38\x36\x2e\x31\x36\
\x32\x32\x38\x35\x48\x30\x56\x30\x68\x31\x30\x32\x34\x76\x32\x36\
\x38\x2e\x31\x34\x31\x37\x31\x34\x68\x2d\x31\x34\x36\x2e\x32\x38\
\x35\x37\x31\x34\x56\x31\x38\x31\x2e\x39\x37\x39\x34\x32\x39\x48\
\x35\x39\x39\x2e\x35\x35\x32\x76\x36\x36\x30\x2e\x31\x31\x34\x32\
\x38\x35\x7a\x22\x20\x66\x69\x6c\x6c\x3d\x22\x23\x33\x33\x33\x33\
\x33\x33\x22\x20\x70\x2d\x69\x64\x3d\x22\x31\x36\x37\x35\x22\x3e\
\x3c\x2f\x70\x61\x74\x68\x3e\x3c\x2f\x73\x76\x67\x3e\
\x00\x00\x02\xa7\
\x3c\
\x3f\x78\x6d\x6c\x20\x76\x65\x72\x73\x69\x6f\x6e\x3d\x22\x31\x2e\
\x30\x22\x20\x73\x74\x61\x6e\x64\x61\x6c\x6f\x6e\x65\x3d\x22\x6e\
\x6f\x22\x3f\x3e\x3c\x21\x44\x4f\x43\x54\x59\x50\x45\x20\x73\x76\
\x67\x20\x50\x55\x42\x4c\x49\x43\x20\x22\x2d\x2f\x2f\x57\x33\x43\
\x2f\x2f\x44\x54\x44\x20\x53\x56\x47\x20\x31\x2e\x31\x2f\x2f\x45\
\x4e\x22\x20\x22\x68\x74\x74\x70\x3a\x2f\x2f\x77\x77\x77\x2e\x77\
\x33\x2e\x6f\x72\x67\x2f\x47\x72\x61\x70\x68\x69\x63\x73\x2f\x53\
\x56\x47\x2f\x31\x2e\x31\x2f\x44\x54\x44\x2f\x73\x76\x67\x31\x31\
\x2e\x64\x74\x64\x22\x3e\x3c\x73\x76\x67\x20\x74\x3d\x22\x31\x37\
\x37\x37\x31\x37\x31\x33\x36\x39\x33\x30\x36\x22\x20\x63\x6c\x61\
\x73\x73\x3d\x22\x69\x63\x6f\x6e\x22\x20\x76\x69\x65\x77\x42\x6f\
\x78\x3d\x22\x30\x20\x30\x20\x31\x30\x32\x34\x20\x31\x30\x32\x34\
\x22\x20\x76\x65\x72\x73\x69\x6f\x6e\x3d\x22\x31\x2e\x31\x22\x20\
\x78\x6d\x6c\x6e\x73\x3d\x22\x68\x74\x74\x70\x3a\x2f\x2f\x77\x77\
\x77\x2e\x77\x33\x2e\x6f\x72\x67\x2f\x32\x30\x30\x30\x2f\x73\x76\
\x67\x22\x20\x70\x2d\x69\x64\x3d\x22\x35\x39\x35\x37\x22\x20\x78\
\x6d\x6c\x6e\x73\x3a\x78\x6c\x69\x6e\x6b\x3d\x22\x68\x74\x74\x70\
\x3a\x2f\x2f\x77\x77\x77\x2e\x77\x33\x2e\x6f\x72\x67\x2f\x31\x39\
\x39\x39\x2f\x78\x6c\x69\x6e\x6b\x22\x20\x77\x69\x64\x74\x68\x3d\
\x22\x32\x30\x30\x22\x20\x68\x65\x69\x67\x68\x74\x3d\x22\x32\x30\
\x30\x22\x3e\x3c\x70\x61\x74\x68\x20\x64\x3d\x22\x4d\x37\x37\x30\
\x2e\x39\x20\x39\x32\x33\x2e\x33\x48\x32\x35\x33\x2e\x31\x63\x2d\
\x38\x33\x2e\x38\x20\x30\x2d\x31\x35\x31\x2e\x39\x2d\x36\x38\x2e\
\x32\x2d\x31\x35\x31\x2e\x39\x2d\x31\x35\x31\x2e\x39\x56\x32\x35\
\x33\x2e\x36\x63\x30\x2d\x38\x33\x2e\x38\x20\x36\x38\x2e\x32\x2d\
\x31\x35\x31\x2e\x39\x20\x31\x35\x31\x2e\x39\x2d\x31\x35\x31\x2e\
\x39\x68\x35\x31\x37\x2e\x38\x63\x38\x33\x2e\x38\x20\x30\x20\x31\
\x35\x31\x2e\x39\x20\x36\x38\x2e\x32\x20\x31\x35\x31\x2e\x39\x20\
\x31\x35\x31\x2e\x39\x76\x35\x31\x37\x2e\x38\x63\x30\x20\x38\x33\
\x2e\x38\x2d\x36\x38\x2e\x31\x20\x31\x35\x31\x2e\x39\x2d\x31\x35\
\x31\x2e\x39\x20\x31\x35\x31\x2e\x39\x7a\x4d\x32\x35\x33\x2e\x31\
\x20\x31\x38\x31\x2e\x37\x63\x2d\x33\x39\x2e\x37\x20\x30\x2d\x37\
\x31\x2e\x39\x20\x33\x32\x2e\x33\x2d\x37\x31\x2e\x39\x20\x37\x31\
\x2e\x39\x76\x35\x31\x37\x2e\x38\x63\x30\x20\x33\x39\x2e\x37\x20\
\x33\x32\x2e\x33\x20\x37\x31\x2e\x39\x20\x37\x31\x2e\x39\x20\x37\
\x31\x2e\x39\x68\x35\x31\x37\x2e\x38\x63\x33\x39\x2e\x37\x20\x30\
\x20\x37\x31\x2e\x39\x2d\x33\x32\x2e\x33\x20\x37\x31\x2e\x39\x2d\
\x37\x31\x2e\x39\x56\x32\x35\x33\x2e\x36\x63\x30\x2d\x33\x39\x2e\
\x37\x2d\x33\x32\x2e\x33\x2d\x37\x31\x2e\x39\x2d\x37\x31\x2e\x39\
\x2d\x37\x31\x2e\x39\x48\x32\x35\x33\x2e\x31\x7a\x22\x20\x70\x2d\
\x69\x64\x3d\x22\x35\x39\x35\x38\x22\x20\x66\x69\x6c\x6c\x3d\x22\
\x23\x33\x33\x33\x33\x33\x33\x22\x3e\x3c\x2f\x70\x61\x74\x68\x3e\
\x3c\x2f\x73\x76\x67\x3e\
\x00\x00\x04\x86\
\x3c\
\x3f\x78\x6d\x6c\x20\x76\x65\x72\x73\x69\x6f\x6e\x3d\x22\x31\x2e\
\x30\x22\x20\x73\x74\x61\x6e\x64\x61\x6c\x6f\x6e\x65\x3d\x22\x6e\
\x6f\x22\x3f\x3e\x3c\x21\x44\x4f\x43\x54\x59\x50\x45\x20\x73\x76\
\x67\x20\x50\x55\x42\x4c\x49\x43\x20\x22\x2d\x2f\x2f\x57\x33\x43\
\x2f\x2f\x44\x54\x44\x20\x53\x56\x47\x20\x31\x2e\x31\x2f\x2f\x45\
\x4e\x22\x20\x22\x68\x74\x74\x70\x3a\x2f\x2f\x77\x77\x77\x2e\x77\
\x33\x2e\x6f\x72\x67\x2f\x47\x72\x61\x70\x68\x69\x63\x73\x2f\x53\
\x56\x47\x2f\x31\x2e\x31\x2f\x44\x54\x44\x2f\x73\x76\x67\x31\x31\
\x2e\x64\x74\x64\x22\x3e\x3c\x73\x76\x67\x20\x74\x3d\x22\x31\x37\
\x37\x37\x36\x31\x39\x31\x34\x38\x35\x34\x35\x22\x20\x63\x6c\x61\
\x73\x73\x3d\x22\x69\x63\x6f\x6e\x22\x20\x76\x69\x65\x77\x42\x6f\
\x78\x3d\x22\x30\x20\x30\x20\x31\x30\x32\x34\x20\x31\x30\x32\x34\
\x22\x20\x76\x65\x72\x73\x69\x6f\x6e\x3d\x22\x31\x2e\x31\x22\x20\
\x78\x6d\x6c\x6e\x73\x3d\x22\x68\x74\x74\x70\x3a\x2f\x2f\x77\x77\
\x77\x2e\x77\x33\x2e\x6f\x72\x67\x2f\x32\x30\x30\x30\x2f\x73\x76\
\x67\x22\x20\x70\x2d\x69\x64\x3d\x22\x31\x33\x33\x36\x37\x22\x20\
\x78\x6d\x6c\x6e\x73\x3a\x78\x6c\x69\x6e\x6b\x3d\x22\x68\x74\x74\
\x70\x3a\x2f\x2f\x77\x77\x77\x2e\x77\x33\x2e\x6f\x72\x67\x2f\x31\
\x39\x39\x39\x2f\x78\x6c\x69\x6e\x6b\x22\x20\x77\x69\x64\x74\x68\
\x3d\x22\x32\x30\x30\x22\x20\x68\x65\x69\x67\x68\x74\x3d\x22\x32\
\x30\x30\x22\x3e\x3c\x70\x61\x74\x68\x20\x64\x3d\x22\x4d\x38\x31\
\x30\x2e\x37\x20\x36\x34\x43\x38\x39\x33\x2e\x31\x20\x36\x34\x20\
\x39\x36\x30\x20\x31\x33\x30\x2e\x39\x20\x39\x36\x30\x20\x32\x31\
\x33\x2e\x33\x63\x30\x20\x36\x35\x2d\x34\x31\x2e\x36\x20\x31\x32\
\x30\x2e\x33\x2d\x39\x39\x2e\x36\x20\x31\x34\x30\x2e\x38\x76\x38\
\x2e\x35\x63\x30\x20\x31\x31\x30\x2d\x38\x39\x2e\x31\x20\x31\x39\
\x39\x2e\x31\x2d\x31\x39\x39\x2e\x31\x20\x31\x39\x39\x2e\x31\x48\
\x33\x36\x32\x2e\x37\x63\x2d\x35\x35\x20\x30\x2d\x39\x39\x2e\x36\
\x20\x34\x34\x2e\x36\x2d\x39\x39\x2e\x36\x20\x39\x39\x2e\x36\x76\
\x38\x2e\x35\x63\x35\x38\x20\x32\x30\x2e\x35\x20\x39\x39\x2e\x36\
\x20\x37\x35\x2e\x38\x20\x39\x39\x2e\x36\x20\x31\x34\x30\x2e\x38\
\x20\x30\x20\x38\x32\x2e\x35\x2d\x36\x36\x2e\x39\x20\x31\x34\x39\
\x2e\x33\x2d\x31\x34\x39\x2e\x33\x20\x31\x34\x39\x2e\x33\x53\x36\
\x34\x20\x38\x39\x33\x2e\x31\x20\x36\x34\x20\x38\x31\x30\x2e\x37\
\x63\x30\x2d\x36\x35\x20\x34\x31\x2e\x36\x2d\x31\x32\x30\x2e\x33\
\x20\x39\x39\x2e\x36\x2d\x31\x34\x30\x2e\x38\x56\x33\x35\x34\x2e\
\x32\x63\x2d\x35\x38\x2d\x32\x30\x2e\x35\x2d\x39\x39\x2e\x36\x2d\
\x37\x35\x2e\x38\x2d\x39\x39\x2e\x36\x2d\x31\x34\x30\x2e\x38\x43\
\x36\x34\x20\x31\x33\x30\x2e\x39\x20\x31\x33\x30\x2e\x39\x20\x36\
\x34\x20\x32\x31\x33\x2e\x33\x20\x36\x34\x73\x31\x34\x39\x2e\x33\
\x20\x36\x36\x2e\x39\x20\x31\x34\x39\x2e\x33\x20\x31\x34\x39\x2e\
\x33\x63\x30\x20\x36\x35\x2d\x34\x31\x2e\x36\x20\x31\x32\x30\x2e\
\x33\x2d\x39\x39\x2e\x36\x20\x31\x34\x30\x2e\x38\x76\x31\x33\x34\
\x2e\x37\x63\x32\x39\x2e\x33\x2d\x31\x36\x2e\x39\x20\x36\x33\x2e\
\x33\x2d\x32\x36\x2e\x36\x20\x39\x39\x2e\x36\x2d\x32\x36\x2e\x36\
\x68\x32\x39\x38\x2e\x37\x63\x35\x35\x20\x30\x20\x39\x39\x2e\x36\
\x2d\x34\x34\x2e\x36\x20\x39\x39\x2e\x36\x2d\x39\x39\x2e\x36\x76\
\x2d\x38\x2e\x35\x63\x2d\x35\x38\x2d\x32\x30\x2e\x35\x2d\x39\x39\
\x2e\x36\x2d\x37\x35\x2e\x38\x2d\x39\x39\x2e\x36\x2d\x31\x34\x30\
\x2e\x38\x20\x30\x2d\x38\x32\x2e\x34\x20\x36\x36\x2e\x39\x2d\x31\
\x34\x39\x2e\x33\x20\x31\x34\x39\x2e\x34\x2d\x31\x34\x39\x2e\x33\
\x7a\x4d\x32\x31\x33\x2e\x33\x20\x37\x36\x30\x2e\x39\x63\x2d\x32\
\x37\x2e\x35\x20\x30\x2d\x34\x39\x2e\x38\x20\x32\x32\x2e\x33\x2d\
\x34\x39\x2e\x38\x20\x34\x39\x2e\x38\x73\x32\x32\x2e\x33\x20\x34\
\x39\x2e\x38\x20\x34\x39\x2e\x38\x20\x34\x39\x2e\x38\x20\x34\x39\
\x2e\x38\x2d\x32\x32\x2e\x33\x20\x34\x39\x2e\x38\x2d\x34\x39\x2e\
\x38\x2d\x32\x32\x2e\x33\x2d\x34\x39\x2e\x38\x2d\x34\x39\x2e\x38\
\x2d\x34\x39\x2e\x38\x7a\x20\x6d\x30\x2d\x35\x39\x37\x2e\x33\x63\
\x2d\x32\x37\x2e\x35\x20\x30\x2d\x34\x39\x2e\x38\x20\x32\x32\x2e\
\x33\x2d\x34\x39\x2e\x38\x20\x34\x39\x2e\x38\x73\x32\x32\x2e\x33\
\x20\x34\x39\x2e\x38\x20\x34\x39\x2e\x38\x20\x34\x39\x2e\x38\x20\
\x34\x39\x2e\x38\x2d\x32\x32\x2e\x33\x20\x34\x39\x2e\x38\x2d\x34\
\x39\x2e\x38\x2d\x32\x32\x2e\x33\x2d\x34\x39\x2e\x38\x2d\x34\x39\
\x2e\x38\x2d\x34\x39\x2e\x38\x7a\x20\x6d\x35\x39\x37\x2e\x34\x20\
\x30\x63\x2d\x32\x37\x2e\x35\x20\x30\x2d\x34\x39\x2e\x38\x20\x32\
\x32\x2e\x33\x2d\x34\x39\x2e\x38\x20\x34\x39\x2e\x38\x73\x32\x32\
\x2e\x33\x20\x34\x39\x2e\x38\x20\x34\x39\x2e\x38\x20\x34\x39\x2e\
\x38\x20\x34\x39\x2e\x38\x2d\x32\x32\x2e\x33\x20\x34\x39\x2e\x38\
\x2d\x34\x39\x2e\x38\x2d\x32\x32\x2e\x33\x2d\x34\x39\x2e\x38\x2d\
\x34\x39\x2e\x38\x2d\x34\x39\x2e\x38\x7a\x22\x20\x70\x2d\x69\x64\
\x3d\x22\x31\x33\x33\x36\x38\x22\x20\x66\x69\x6c\x6c\x3d\x22\x23\
\x33\x33\x33\x33\x33\x33\x22\x3e\x3c\x2f\x70\x61\x74\x68\x3e\x3c\
\x2f\x73\x76\x67\x3e\
\x00\x00\x09\x36\
\x3c\
\x3f\x78\x6d\x6c\x20\x76\x65\x72\x73\x69\x6f\x6e\x3d\x22\x31\x2e\
\x30\x22\x20\x73\x74\x61\x6e\x64\x61\x6c\x6f\x6e\x65\x3d\x22\x6e\
\x6f\x22\x3f\x3e\x3c\x21\x44\x4f\x43\x54\x59\x50\x45\x20\x73\x76\
\x67\x20\x50\x55\x42\x4c\x49\x43\x20\x22\x2d\x2f\x2f\x57\x33\x43\
\x2f\x2f\x44\x54\x44\x20\x53\x56\x47\x20\x31\x2e\x31\x2f\x2f\x45\
\x4e\x22\x20\x22\x68\x74\x74\x70\x3a\x2f\x2f\x77\x77\x77\x2e\x77\
\x33\x2e\x6f\x72\x67\x2f\x47\x72\x61\x70\x68\x69\x63\x73\x2f\x53\
\x56\x47\x2f\x31\x2e\x31\x2f\x44\x54\x44\x2f\x73\x76\x67\x31\x31\
\x2e\x64\x74\x64\x22\x3e\x3c\x73\x76\x67\x20\x74\x3d\x22\x31\x37\
\x37\x38\x36\x37\x36\x39\x39\x36\x30\x32\x38\x22\x20\x63\x6c\x61\
\x73\x73\x3d\x22\x69\x63\x6f\x6e\x22\x20\x76\x69\x65\x77\x42\x6f\
\x78\x3d\x22\x30\x20\x30\x20\x31\x30\x34\x30\x20\x31\x30\x32\x34\
\x22\x20\x76\x65\x72\x73\x69\x6f\x6e\x3d\x22\x31\x2e\x31\x22\x20\
\x78\x6d\x6c\x6e\x73\x3d\x22\x68\x74\x74\x70\x3a\x2f\x2f\x77\x77\
\x77\x2e\x77\x33\x2e\x6f\x72\x67\x2f\x32\x30\x30\x30\x2f\x73\x76\
\x67\x22\x20\x70\x2d\x69\x64\x3d\x22\x36\x32\x36\x34\x22\x20\x78\
\x6d\x6c\x6e\x73\x3a\x78\x6c\x69\x6e\x6b\x3d\x22\x68\x74\x74\x70\
\x3a\x2f\x2f\x77\x77\x77\x2e\x77\x33\x2e\x6f\x72\x67\x2f\x31\x39\
\x39\x39\x2f\x78\x6c\x69\x6e\x6b\x22\x20\x77\x69\x64\x74\x68\x3d\
\x22\x32\x30\x33\x2e\x31\x32\x35\x22\x20\x68\x65\x69\x67\x68\x74\
\x3d\x22\x32\x30\x30\x22\x3e\x3c\x70\x61\x74\x68\x20\x64\x3d\x22\
\x4d\x34\x39\x31\x2e\x34\x38\x38\x20\x34\x33\x35\x2e\x32\x63\x2d\
\x39\x38\x2e\x38\x34\x38\x2d\x34\x39\x2e\x35\x36\x38\x2d\x31\x33\
\x35\x2e\x30\x34\x2d\x31\x31\x35\x2e\x33\x34\x34\x2d\x31\x31\x31\
\x2e\x31\x32\x2d\x31\x39\x35\x2e\x38\x35\x36\x20\x32\x31\x2e\x30\
\x35\x36\x2d\x37\x30\x2e\x39\x36\x20\x39\x32\x2e\x30\x33\x32\x2d\
\x31\x31\x37\x2e\x33\x39\x32\x20\x31\x36\x34\x2e\x33\x32\x2d\x31\
\x30\x36\x2e\x34\x38\x20\x33\x36\x2e\x30\x34\x38\x20\x35\x2e\x34\
\x34\x20\x36\x37\x2e\x37\x36\x20\x32\x30\x2e\x32\x30\x38\x20\x39\
\x32\x2e\x34\x38\x20\x34\x38\x2e\x33\x36\x38\x20\x33\x37\x2e\x33\
\x39\x32\x20\x34\x32\x2e\x36\x37\x32\x20\x34\x35\x2e\x38\x34\x20\
\x39\x32\x2e\x34\x38\x20\x33\x34\x2e\x34\x31\x36\x20\x31\x34\x37\
\x2e\x39\x33\x36\x6c\x33\x34\x2e\x31\x36\x20\x39\x2e\x32\x36\x34\
\x20\x35\x31\x2e\x32\x31\x36\x20\x31\x33\x2e\x38\x38\x38\x63\x33\
\x36\x2e\x33\x36\x38\x2d\x39\x39\x2e\x37\x34\x34\x2d\x36\x2e\x32\
\x38\x38\x2d\x32\x31\x36\x2e\x32\x38\x38\x2d\x39\x39\x2e\x34\x32\
\x34\x2d\x32\x37\x36\x2e\x31\x32\x38\x2d\x39\x36\x2e\x39\x37\x36\
\x2d\x36\x32\x2e\x32\x38\x38\x2d\x32\x32\x32\x2e\x36\x32\x34\x2d\
\x34\x39\x2e\x31\x33\x36\x2d\x33\x30\x34\x2e\x39\x39\x32\x20\x33\
\x32\x2d\x34\x32\x2e\x39\x39\x32\x20\x34\x32\x2e\x33\x38\x34\x2d\
\x36\x36\x2e\x35\x32\x38\x20\x39\x34\x2e\x30\x38\x2d\x37\x32\x20\
\x31\x35\x33\x2e\x39\x32\x2d\x37\x2e\x37\x32\x38\x20\x38\x34\x2e\
\x36\x34\x20\x32\x37\x2e\x32\x34\x38\x20\x31\x35\x32\x2e\x39\x32\
\x38\x20\x38\x36\x20\x32\x31\x31\x2e\x33\x36\x6c\x2d\x39\x33\x2e\
\x34\x34\x20\x31\x35\x36\x2e\x36\x38\x38\x63\x2d\x33\x2e\x30\x34\
\x20\x30\x2e\x32\x32\x34\x2d\x35\x2e\x36\x38\x20\x30\x2e\x33\x38\
\x34\x2d\x38\x2e\x30\x33\x32\x20\x30\x2e\x35\x32\x38\x2d\x34\x2e\
\x33\x30\x34\x20\x30\x2e\x32\x35\x36\x2d\x37\x2e\x36\x38\x20\x30\
\x2e\x34\x36\x34\x2d\x31\x31\x2e\x30\x30\x38\x20\x30\x2e\x39\x32\
\x38\x2d\x36\x31\x2e\x34\x32\x34\x20\x38\x2e\x37\x30\x34\x2d\x31\
\x30\x34\x2e\x36\x34\x20\x36\x33\x2e\x33\x32\x38\x2d\x39\x34\x2e\
\x33\x32\x20\x31\x31\x39\x2e\x30\x34\x20\x31\x31\x2e\x36\x38\x20\
\x36\x32\x2e\x39\x32\x38\x20\x36\x38\x2e\x39\x34\x34\x20\x31\x30\
\x31\x2e\x35\x36\x38\x20\x31\x32\x37\x2e\x37\x32\x38\x20\x38\x36\
\x2e\x31\x36\x20\x36\x32\x2e\x33\x33\x36\x2d\x31\x36\x2e\x33\x32\
\x20\x39\x35\x2e\x35\x32\x2d\x37\x36\x2e\x34\x38\x20\x37\x32\x2d\
\x31\x33\x38\x2e\x33\x30\x34\x2d\x38\x2e\x35\x31\x32\x2d\x32\x32\
\x2e\x33\x36\x38\x2d\x33\x2e\x32\x34\x38\x2d\x33\x36\x2e\x37\x30\
\x34\x20\x37\x2e\x34\x30\x38\x2d\x35\x34\x2e\x33\x30\x34\x20\x33\
\x30\x2e\x30\x33\x32\x2d\x34\x39\x2e\x36\x31\x36\x20\x35\x39\x2e\
\x36\x33\x32\x2d\x39\x39\x2e\x35\x30\x34\x20\x38\x39\x2e\x37\x36\
\x2d\x31\x35\x30\x2e\x33\x30\x34\x6c\x33\x34\x2e\x38\x34\x38\x2d\
\x35\x38\x2e\x37\x30\x34\x7a\x20\x6d\x32\x31\x31\x2e\x35\x36\x38\
\x20\x37\x34\x2e\x39\x37\x36\x6c\x2d\x39\x30\x2e\x33\x35\x32\x2d\
\x31\x35\x39\x2e\x33\x36\x63\x31\x2e\x34\x38\x38\x2d\x33\x2e\x37\
\x32\x38\x20\x32\x2e\x39\x34\x34\x2d\x37\x2e\x32\x36\x34\x20\x34\
\x2e\x33\x35\x32\x2d\x31\x30\x2e\x36\x34\x76\x2d\x30\x2e\x30\x31\
\x36\x63\x32\x2e\x39\x36\x2d\x37\x2e\x31\x36\x38\x20\x35\x2e\x36\
\x36\x34\x2d\x31\x33\x2e\x37\x32\x38\x20\x37\x2e\x39\x32\x2d\x32\
\x30\x2e\x34\x33\x32\x20\x31\x31\x2e\x39\x35\x32\x2d\x33\x35\x2e\
\x33\x36\x20\x34\x2e\x37\x33\x36\x2d\x36\x37\x2e\x36\x34\x38\x2d\
\x31\x37\x2e\x39\x35\x32\x2d\x39\x36\x2e\x33\x32\x2d\x32\x37\x2e\
\x37\x37\x36\x2d\x33\x35\x2e\x31\x30\x34\x2d\x37\x36\x2e\x32\x32\
\x34\x2d\x34\x37\x2e\x38\x35\x36\x2d\x31\x31\x37\x2e\x35\x32\x2d\
\x33\x32\x2e\x30\x36\x34\x2d\x34\x31\x2e\x36\x38\x20\x31\x35\x2e\
\x39\x35\x32\x2d\x36\x38\x2e\x33\x35\x32\x20\x35\x36\x2e\x38\x36\
\x34\x2d\x36\x36\x2e\x35\x32\x38\x20\x31\x30\x32\x2e\x31\x32\x38\
\x20\x31\x2e\x38\x34\x20\x34\x35\x2e\x37\x36\x20\x33\x32\x2e\x35\
\x34\x34\x20\x38\x36\x2e\x36\x32\x34\x20\x38\x30\x2e\x31\x32\x38\
\x20\x39\x34\x2e\x38\x36\x34\x20\x32\x38\x2e\x34\x38\x20\x34\x2e\
\x39\x32\x38\x20\x34\x32\x2e\x34\x33\x32\x20\x31\x38\x2e\x34\x36\
\x34\x20\x35\x35\x2e\x30\x37\x32\x20\x34\x31\x2e\x37\x36\x20\x32\
\x36\x2e\x38\x38\x20\x34\x39\x2e\x36\x20\x35\x34\x2e\x37\x32\x20\
\x39\x38\x2e\x36\x34\x20\x38\x32\x2e\x35\x39\x32\x20\x31\x34\x37\
\x2e\x37\x32\x38\x76\x30\x2e\x30\x31\x36\x63\x31\x31\x2e\x30\x30\
\x38\x20\x31\x39\x2e\x33\x39\x32\x20\x32\x32\x2e\x30\x31\x36\x20\
\x33\x38\x2e\x37\x38\x34\x20\x33\x32\x2e\x39\x37\x36\x20\x35\x38\
\x2e\x32\x34\x20\x39\x33\x2e\x33\x31\x32\x2d\x36\x32\x2e\x32\x30\
\x38\x20\x31\x37\x30\x2e\x35\x31\x32\x2d\x36\x30\x2e\x32\x32\x34\
\x20\x32\x32\x38\x2e\x31\x36\x20\x34\x2e\x35\x36\x20\x34\x39\x2e\
\x39\x32\x20\x35\x36\x2e\x31\x36\x20\x35\x30\x2e\x39\x37\x36\x20\
\x31\x34\x31\x2e\x36\x36\x34\x20\x32\x2e\x34\x34\x38\x20\x31\x39\
\x39\x2e\x30\x30\x38\x2d\x35\x36\x2e\x39\x31\x32\x20\x36\x37\x2e\
\x32\x31\x36\x2d\x31\x33\x33\x2e\x35\x36\x38\x20\x36\x39\x2e\x38\
\x38\x38\x2d\x32\x32\x31\x2e\x32\x31\x36\x20\x31\x33\x2e\x31\x32\
\x6c\x2d\x36\x39\x2e\x36\x33\x32\x20\x35\x38\x2e\x32\x37\x32\x63\
\x38\x38\x2e\x37\x33\x36\x20\x38\x38\x2e\x35\x37\x36\x20\x32\x31\
\x35\x2e\x34\x30\x38\x20\x31\x30\x30\x2e\x33\x35\x32\x20\x33\x31\
\x35\x2e\x35\x36\x38\x20\x33\x31\x2e\x34\x30\x38\x20\x39\x37\x2e\
\x35\x38\x34\x2d\x36\x37\x2e\x31\x38\x34\x20\x31\x33\x31\x2e\x35\
\x35\x32\x2d\x31\x39\x36\x2e\x31\x32\x38\x20\x38\x31\x2e\x38\x35\
\x36\x2d\x33\x30\x35\x2e\x30\x30\x38\x2d\x34\x31\x2e\x31\x32\x2d\
\x39\x30\x2e\x31\x32\x38\x2d\x31\x35\x35\x2e\x37\x39\x32\x2d\x31\
\x37\x34\x2e\x33\x32\x2d\x33\x30\x37\x2e\x38\x37\x32\x2d\x31\x32\
\x37\x2e\x32\x36\x34\x7a\x20\x6d\x2d\x32\x30\x31\x2e\x39\x36\x38\
\x20\x32\x37\x31\x2e\x38\x34\x48\x36\x38\x34\x2e\x31\x36\x63\x32\
\x2e\x35\x36\x20\x33\x2e\x34\x32\x34\x20\x34\x2e\x39\x34\x34\x20\
\x36\x2e\x37\x38\x34\x20\x37\x2e\x32\x38\x20\x31\x30\x2e\x30\x38\
\x20\x34\x2e\x38\x34\x38\x20\x36\x2e\x38\x34\x38\x20\x39\x2e\x34\
\x37\x32\x20\x31\x33\x2e\x33\x34\x34\x20\x31\x34\x2e\x38\x34\x38\
\x20\x31\x39\x2e\x31\x32\x20\x33\x38\x2e\x37\x38\x34\x20\x34\x31\
\x2e\x34\x37\x32\x20\x31\x30\x34\x2e\x32\x35\x36\x20\x34\x33\x2e\
\x35\x32\x20\x31\x34\x35\x2e\x36\x39\x36\x20\x35\x2e\x30\x34\x20\
\x34\x32\x2e\x39\x36\x2d\x33\x39\x2e\x38\x37\x32\x20\x34\x34\x2e\
\x39\x31\x32\x2d\x31\x30\x36\x2e\x38\x38\x20\x34\x2e\x33\x32\x2d\
\x31\x34\x38\x2e\x34\x39\x36\x2d\x33\x39\x2e\x37\x32\x38\x2d\x34\
\x30\x2e\x37\x35\x32\x2d\x31\x30\x37\x2e\x36\x2d\x34\x34\x2e\x36\
\x34\x2d\x31\x34\x34\x2e\x34\x38\x2d\x31\x2e\x35\x30\x34\x2d\x32\
\x32\x2e\x34\x20\x32\x36\x2e\x32\x32\x34\x2d\x34\x35\x2e\x33\x36\
\x20\x32\x39\x2e\x32\x39\x36\x2d\x37\x35\x2e\x31\x30\x34\x20\x32\
\x38\x2e\x38\x33\x32\x2d\x35\x34\x2e\x33\x35\x32\x2d\x30\x2e\x38\
\x33\x32\x2d\x31\x30\x38\x2e\x37\x32\x2d\x30\x2e\x36\x37\x32\x2d\
\x31\x36\x33\x2e\x30\x38\x38\x2d\x30\x2e\x35\x31\x32\x2d\x32\x31\
\x2e\x38\x30\x38\x20\x30\x2e\x30\x36\x34\x2d\x34\x33\x2e\x36\x31\
\x36\x20\x30\x2e\x31\x32\x38\x2d\x36\x35\x2e\x34\x30\x38\x20\x30\
\x2e\x31\x32\x38\x20\x34\x2e\x39\x34\x34\x20\x31\x30\x37\x2e\x31\
\x32\x2d\x33\x35\x2e\x35\x35\x32\x20\x31\x37\x33\x2e\x38\x37\x32\
\x2d\x31\x31\x35\x2e\x38\x37\x32\x20\x31\x38\x39\x2e\x37\x32\x38\
\x2d\x37\x38\x2e\x36\x35\x36\x20\x31\x35\x2e\x35\x32\x2d\x31\x35\
\x31\x2e\x30\x38\x38\x2d\x32\x34\x2e\x36\x30\x38\x2d\x31\x37\x36\
\x2e\x35\x39\x32\x2d\x39\x37\x2e\x38\x32\x34\x2d\x32\x38\x2e\x39\
\x36\x2d\x38\x33\x2e\x32\x20\x36\x2e\x38\x34\x38\x2d\x31\x34\x39\
\x2e\x37\x34\x34\x20\x31\x31\x30\x2e\x33\x35\x32\x2d\x32\x30\x32\
\x2e\x35\x36\x6c\x2d\x32\x33\x2e\x34\x34\x2d\x38\x35\x2e\x30\x34\
\x43\x38\x39\x2e\x38\x37\x32\x20\x35\x32\x33\x2e\x35\x38\x34\x20\
\x35\x2e\x32\x33\x32\x20\x36\x33\x33\x2e\x30\x34\x20\x31\x33\x2e\
\x39\x35\x32\x20\x37\x35\x36\x2e\x31\x36\x63\x37\x2e\x37\x32\x38\
\x20\x31\x30\x38\x2e\x36\x38\x38\x20\x39\x35\x2e\x34\x30\x38\x20\
\x32\x30\x35\x2e\x32\x33\x32\x20\x32\x30\x32\x2e\x36\x34\x20\x32\
\x32\x32\x2e\x35\x31\x32\x20\x35\x38\x2e\x32\x34\x20\x39\x2e\x34\
\x30\x38\x20\x31\x31\x32\x2e\x39\x36\x2d\x30\x2e\x33\x35\x32\x20\
\x31\x36\x33\x2e\x37\x32\x38\x2d\x32\x39\x2e\x31\x35\x32\x20\x36\
\x35\x2e\x33\x31\x32\x2d\x33\x37\x2e\x30\x35\x36\x20\x31\x30\x33\
\x2e\x32\x31\x36\x2d\x39\x35\x2e\x33\x32\x38\x20\x31\x32\x30\x2e\
\x37\x36\x38\x2d\x31\x36\x37\x2e\x35\x32\x7a\x22\x20\x66\x69\x6c\
\x6c\x3d\x22\x23\x33\x33\x33\x33\x33\x33\x22\x20\x70\x2d\x69\x64\
\x3d\x22\x36\x32\x36\x35\x22\x3e\x3c\x2f\x70\x61\x74\x68\x3e\x3c\
\x2f\x73\x76\x67\x3e\
\x00\x00\x0f\x95\
\x3c\
\x3f\x78\x6d\x6c\x20\x76\x65\x72\x73\x69\x6f\x6e\x3d\x22\x31\x2e\
\x30\x22\x20\x73\x74\x61\x6e\x64\x61\x6c\x6f\x6e\x65\x3d\x22\x6e\
\x6f\x22\x3f\x3e\x3c\x21\x44\x4f\x43\x54\x59\x50\x45\x20\x73\x76\
\x67\x20\x50\x55\x42\x4c\x49\x43\x20\x22\x2d\x2f\x2f\x57\x33\x43\
\x2f\x2f\x44\x54\x44\x20\x53\x56\x47\x20\x31\x2e\x31\x2f\x2f\x45\
\x4e\x22\x20\x22\x68\x74\x74\x70\x3a\x2f\x2f\x77\x77\x77\x2e\x77\
\x33\x2e\x6f\x72\x67\x2f\x47\x72\x61\x70\x68\x69\x63\x73\x2f\x53\
\x56\x47\x2f\x31\x2e\x31\x2f\x44\x54\x44\x2f\x73\x76\x67\x31\x31\
\x2e\x64\x74\x64\x22\x3e\x3c\x73\x76\x67\x20\x74\x3d\x22\x31\x37\
\x37\x36\x39\x35\x37\x36\x32\x38\x39\x34\x33\x22\x20\x63\x6c\x61\
\x73\x73\x3d\x22\x69\x63\x6f\x6e\x22\x20\x76\x69\x65\x77\x42\x6f\
\x78\x3d\x22\x30\x20\x30\x20\x31\x30\x32\x34\x20\x31\x30\x32\x34\
\x22\x20\x76\x65\x72\x73\x69\x6f\x6e\x3d\x22\x31\x2e\x31\x22\x20\
\x78\x6d\x6c\x6e\x73\x3d\x22\x68\x74\x74\x70\x3a\x2f\x2f\x77\x77\
\x77\x2e\x77\x33\x2e\x6f\x72\x67\x2f\x32\x30\x30\x30\x2f\x73\x76\
\x67\x22\x20\x70\x2d\x69\x64\x3d\x22\x35\x33\x32\x32\x22\x20\x78\
\x6d\x6c\x6e\x73\x3a\x78\x6c\x69\x6e\x6b\x3d\x22\x68\x74\x74\x70\
\x3a\x2f\x2f\x77\x77\x77\x2e\x77\x33\x2e\x6f\x72\x67\x2f\x31\x39\
\x39\x39\x2f\x78\x6c\x69\x6e\x6b\x22\x20\x77\x69\x64\x74\x68\x3d\
\x22\x32\x30\x30\x22\x20\x68\x65\x69\x67\x68\x74\x3d\x22\x32\x30\
\x30\x22\x3e\x3c\x70\x61\x74\x68\x20\x64\x3d\x22\x4d\x39\x30\x35\
\x2e\x33\x32\x35\x31\x31\x36\x20\x37\x33\x37\x2e\x31\x30\x34\x30\
\x32\x31\x6c\x2d\x36\x36\x2e\x34\x32\x31\x34\x32\x33\x2d\x35\x31\
\x2e\x36\x34\x39\x38\x36\x33\x63\x2d\x31\x31\x2e\x34\x36\x30\x37\
\x31\x31\x2d\x38\x2e\x39\x30\x34\x32\x33\x32\x2d\x31\x38\x2e\x30\
\x33\x32\x33\x32\x33\x2d\x32\x32\x2e\x33\x34\x35\x39\x33\x33\x2d\
\x31\x38\x2e\x30\x33\x32\x33\x32\x33\x2d\x33\x36\x2e\x38\x38\x32\
\x33\x39\x31\x6c\x30\x2d\x32\x33\x38\x2e\x31\x35\x34\x32\x32\x36\
\x63\x30\x2d\x34\x31\x2e\x36\x37\x35\x34\x30\x35\x2d\x38\x2e\x31\
\x37\x38\x34\x38\x33\x2d\x38\x32\x2e\x31\x32\x34\x31\x39\x31\x2d\
\x32\x34\x2e\x33\x30\x34\x34\x33\x35\x2d\x31\x32\x30\x2e\x32\x32\
\x36\x30\x34\x36\x2d\x31\x35\x2e\x35\x34\x34\x33\x33\x2d\x33\x36\
\x2e\x37\x37\x34\x30\x34\x2d\x33\x37\x2e\x37\x39\x37\x32\x34\x34\
\x2d\x36\x39\x2e\x37\x39\x31\x35\x35\x39\x2d\x36\x36\x2e\x31\x34\
\x30\x33\x32\x33\x2d\x39\x38\x2e\x31\x34\x31\x37\x39\x32\x2d\x32\
\x38\x2e\x33\x31\x30\x33\x36\x38\x2d\x32\x38\x2e\x33\x33\x35\x39\
\x32\x33\x2d\x36\x31\x2e\x33\x33\x32\x39\x39\x38\x2d\x35\x30\x2e\
\x35\x39\x33\x39\x34\x38\x2d\x39\x38\x2e\x31\x35\x32\x30\x31\x34\
\x2d\x36\x36\x2e\x31\x35\x36\x36\x37\x37\x2d\x31\x32\x2e\x38\x38\
\x33\x35\x38\x39\x2d\x35\x2e\x34\x34\x38\x32\x33\x33\x2d\x32\x36\
\x2e\x33\x32\x30\x31\x37\x39\x2d\x31\x30\x2e\x30\x37\x32\x35\x38\
\x37\x2d\x33\x39\x2e\x39\x36\x30\x31\x38\x33\x2d\x31\x33\x2e\x37\
\x34\x39\x33\x37\x38\x6c\x30\x2d\x33\x31\x2e\x39\x30\x31\x32\x39\
\x35\x63\x2d\x30\x2e\x30\x33\x31\x36\x38\x38\x2d\x34\x34\x2e\x32\
\x34\x36\x31\x39\x34\x2d\x33\x36\x2e\x30\x34\x36\x32\x34\x36\x2d\
\x38\x30\x2e\x32\x34\x33\x33\x37\x35\x2d\x38\x30\x2e\x32\x37\x38\
\x31\x32\x39\x2d\x38\x30\x2e\x32\x34\x33\x33\x37\x35\x2d\x34\x34\
\x2e\x32\x36\x32\x35\x34\x39\x20\x30\x2d\x38\x30\x2e\x32\x37\x31\
\x39\x39\x36\x20\x33\x35\x2e\x39\x39\x37\x31\x38\x31\x2d\x38\x30\
\x2e\x32\x37\x31\x39\x39\x36\x20\x38\x30\x2e\x32\x34\x35\x34\x32\
\x6c\x30\x20\x33\x31\x2e\x38\x37\x39\x38\x33\x63\x2d\x31\x33\x2e\
\x35\x32\x34\x34\x39\x37\x20\x33\x2e\x36\x34\x35\x31\x30\x33\x2d\
\x32\x36\x2e\x39\x36\x32\x31\x30\x39\x20\x38\x2e\x32\x36\x39\x34\
\x35\x37\x2d\x33\x39\x2e\x39\x36\x36\x33\x31\x36\x20\x31\x33\x2e\
\x37\x35\x31\x34\x32\x32\x2d\x33\x36\x2e\x37\x34\x31\x33\x33\x20\
\x31\x35\x2e\x35\x32\x37\x39\x37\x35\x2d\x36\x39\x2e\x37\x36\x33\
\x39\x36\x20\x33\x37\x2e\x37\x38\x37\x30\x32\x33\x2d\x39\x38\x2e\
\x31\x34\x36\x39\x30\x33\x20\x36\x36\x2e\x31\x35\x32\x35\x38\x39\
\x2d\x32\x38\x2e\x33\x32\x34\x36\x37\x39\x20\x32\x38\x2e\x32\x39\
\x38\x31\x30\x32\x2d\x35\x30\x2e\x35\x38\x36\x37\x39\x33\x20\x36\
\x31\x2e\x33\x31\x36\x36\x34\x33\x2d\x36\x36\x2e\x31\x36\x38\x39\
\x34\x34\x20\x39\x38\x2e\x31\x34\x31\x37\x39\x32\x2d\x31\x36\x2e\
\x31\x32\x36\x39\x37\x34\x20\x33\x38\x2e\x31\x35\x35\x30\x30\x38\
\x2d\x32\x34\x2e\x33\x30\x35\x34\x35\x37\x20\x37\x38\x2e\x36\x30\
\x31\x37\x35\x2d\x32\x34\x2e\x33\x30\x35\x34\x35\x37\x20\x31\x32\
\x30\x2e\x32\x31\x37\x38\x36\x39\x6c\x30\x20\x32\x33\x38\x2e\x31\
\x33\x30\x37\x31\x36\x63\x30\x20\x31\x34\x2e\x35\x32\x36\x32\x33\
\x36\x2d\x36\x2e\x35\x37\x30\x35\x38\x39\x20\x32\x37\x2e\x39\x36\
\x39\x39\x38\x31\x2d\x31\x38\x2e\x30\x33\x30\x32\x37\x38\x20\x33\
\x36\x2e\x38\x38\x31\x33\x36\x39\x6c\x2d\x36\x36\x2e\x34\x32\x36\
\x35\x33\x34\x20\x35\x31\x2e\x36\x35\x39\x30\x36\x32\x63\x2d\x31\
\x33\x2e\x31\x34\x31\x31\x37\x39\x20\x31\x30\x2e\x32\x32\x33\x38\
\x37\x2d\x32\x32\x2e\x33\x31\x32\x32\x30\x31\x20\x32\x34\x2e\x30\
\x31\x30\x30\x34\x36\x2d\x32\x36\x2e\x35\x32\x33\x35\x39\x33\x20\
\x33\x39\x2e\x38\x36\x35\x31\x32\x2d\x33\x2e\x38\x35\x34\x36\x35\
\x20\x31\x34\x2e\x34\x38\x37\x33\x39\x33\x2d\x33\x2e\x33\x30\x37\
\x37\x38\x33\x20\x32\x39\x2e\x36\x35\x39\x36\x34\x39\x20\x31\x2e\
\x35\x37\x37\x32\x32\x38\x20\x34\x33\x2e\x38\x37\x34\x31\x32\x20\
\x34\x2e\x38\x37\x38\x38\x37\x37\x20\x31\x34\x2e\x32\x35\x32\x32\
\x39\x31\x20\x31\x33\x2e\x37\x35\x37\x35\x35\x35\x20\x32\x36\x2e\
\x35\x37\x30\x36\x31\x33\x20\x32\x35\x2e\x36\x38\x30\x32\x39\x32\
\x20\x33\x35\x2e\x36\x31\x38\x39\x37\x33\x20\x31\x33\x2e\x31\x30\
\x32\x33\x33\x36\x20\x39\x2e\x39\x33\x32\x35\x34\x38\x20\x32\x38\
\x2e\x38\x31\x31\x32\x33\x38\x20\x31\x35\x2e\x31\x38\x33\x35\x20\
\x34\x35\x2e\x34\x32\x35\x37\x39\x33\x20\x31\x35\x2e\x31\x38\x33\
\x35\x6c\x36\x39\x34\x2e\x32\x36\x31\x32\x38\x33\x20\x30\x63\x31\
\x36\x2e\x36\x32\x30\x36\x38\x38\x20\x30\x20\x33\x32\x2e\x33\x32\
\x37\x35\x34\x36\x2d\x35\x2e\x32\x34\x30\x37\x33\x20\x34\x35\x2e\
\x34\x32\x36\x38\x31\x35\x2d\x31\x35\x2e\x31\x35\x34\x38\x37\x39\
\x20\x31\x31\x2e\x39\x30\x36\x33\x38\x32\x2d\x39\x2e\x30\x33\x35\
\x30\x37\x32\x20\x32\x30\x2e\x37\x38\x39\x31\x34\x39\x2d\x32\x31\
\x2e\x33\x35\x32\x33\x37\x31\x20\x32\x35\x2e\x36\x38\x34\x33\x38\
\x31\x2d\x33\x35\x2e\x36\x31\x36\x39\x32\x39\x20\x34\x2e\x38\x39\
\x33\x31\x38\x38\x2d\x31\x34\x2e\x32\x32\x32\x36\x34\x38\x20\x35\
\x2e\x34\x34\x36\x31\x38\x39\x2d\x32\x39\x2e\x33\x39\x35\x39\x32\
\x36\x20\x31\x2e\x35\x39\x38\x36\x39\x34\x2d\x34\x33\x2e\x38\x38\
\x34\x33\x34\x32\x43\x39\x32\x37\x2e\x36\x33\x32\x32\x30\x36\x20\
\x37\x36\x31\x2e\x31\x30\x30\x37\x37\x39\x20\x39\x31\x38\x2e\x34\
\x36\x30\x31\x36\x32\x20\x37\x34\x37\x2e\x33\x32\x33\x38\x30\x32\
\x20\x39\x30\x35\x2e\x33\x32\x35\x31\x31\x36\x20\x37\x33\x37\x2e\
\x31\x30\x34\x30\x32\x31\x7a\x4d\x38\x30\x32\x2e\x37\x32\x30\x34\
\x37\x35\x20\x37\x33\x31\x2e\x39\x34\x37\x31\x31\x6c\x36\x36\x2e\
\x34\x31\x33\x32\x34\x35\x20\x35\x31\x2e\x36\x34\x32\x37\x30\x37\
\x63\x36\x2e\x37\x36\x37\x38\x37\x31\x20\x35\x2e\x32\x38\x37\x37\
\x35\x20\x37\x2e\x32\x32\x38\x38\x37\x35\x20\x31\x32\x2e\x38\x32\
\x33\x32\x38\x20\x35\x2e\x34\x30\x30\x31\x39\x20\x31\x38\x2e\x31\
\x31\x37\x31\x36\x34\x2d\x31\x2e\x38\x31\x36\x34\x31\x38\x20\x35\
\x2e\x33\x30\x36\x31\x35\x2d\x36\x2e\x38\x30\x36\x37\x31\x34\x20\
\x31\x30\x2e\x39\x37\x36\x31\x39\x36\x2d\x31\x35\x2e\x33\x36\x34\
\x34\x32\x36\x20\x31\x30\x2e\x39\x37\x36\x31\x39\x36\x6c\x2d\x36\
\x39\x34\x2e\x32\x38\x38\x38\x38\x32\x20\x30\x63\x2d\x38\x2e\x35\
\x36\x35\x38\x39\x20\x30\x2d\x31\x33\x2e\x35\x34\x36\x39\x38\x35\
\x2d\x35\x2e\x36\x36\x38\x30\x30\x32\x2d\x31\x35\x2e\x33\x35\x33\
\x31\x38\x32\x2d\x31\x30\x2e\x39\x37\x36\x31\x39\x36\x2d\x31\x2e\
\x38\x31\x34\x33\x37\x34\x2d\x35\x2e\x33\x30\x33\x30\x38\x33\x2d\
\x31\x2e\x33\x35\x31\x33\x32\x35\x2d\x31\x32\x2e\x38\x34\x38\x38\
\x33\x35\x20\x35\x2e\x33\x38\x34\x38\x35\x38\x2d\x31\x38\x2e\x31\
\x31\x33\x30\x37\x35\x6c\x36\x36\x2e\x34\x31\x33\x32\x34\x35\x2d\
\x35\x31\x2e\x36\x34\x36\x37\x39\x36\x63\x32\x35\x2e\x39\x32\x35\
\x36\x31\x36\x2d\x32\x30\x2e\x31\x35\x36\x34\x31\x38\x20\x34\x30\
\x2e\x37\x39\x35\x33\x30\x36\x2d\x35\x30\x2e\x35\x35\x32\x30\x33\
\x38\x20\x34\x30\x2e\x37\x39\x35\x33\x30\x36\x2d\x38\x33\x2e\x33\
\x39\x35\x37\x38\x36\x6c\x30\x2d\x32\x33\x38\x2e\x31\x36\x34\x34\
\x34\x38\x63\x30\x2d\x31\x33\x37\x2e\x37\x39\x38\x33\x38\x36\x20\
\x31\x31\x32\x2e\x31\x31\x31\x39\x36\x31\x2d\x32\x34\x39\x2e\x39\
\x30\x33\x31\x39\x32\x20\x32\x34\x39\x2e\x39\x31\x34\x34\x33\x36\
\x2d\x32\x34\x39\x2e\x39\x30\x33\x31\x39\x32\x20\x31\x33\x37\x2e\
\x37\x38\x32\x30\x33\x32\x20\x30\x20\x32\x34\x39\x2e\x38\x37\x32\
\x35\x32\x37\x20\x31\x31\x32\x2e\x31\x30\x35\x38\x32\x38\x20\x32\
\x34\x39\x2e\x38\x37\x32\x35\x32\x37\x20\x32\x34\x39\x2e\x39\x30\
\x33\x31\x39\x32\x6c\x30\x20\x32\x33\x38\x2e\x31\x36\x34\x34\x34\
\x38\x43\x37\x36\x31\x2e\x39\x32\x38\x32\x33\x36\x20\x36\x38\x31\
\x2e\x33\x39\x39\x31\x36\x20\x37\x37\x36\x2e\x38\x30\x36\x31\x30\
\x33\x20\x37\x31\x31\x2e\x37\x39\x35\x38\x30\x33\x20\x38\x30\x32\
\x2e\x37\x32\x30\x34\x37\x35\x20\x37\x33\x31\x2e\x39\x34\x37\x31\
\x31\x7a\x4d\x35\x31\x32\x2e\x30\x33\x35\x32\x36\x35\x20\x35\x38\
\x2e\x39\x33\x34\x39\x35\x38\x63\x31\x31\x2e\x37\x35\x34\x30\x37\
\x37\x20\x30\x20\x32\x31\x2e\x33\x31\x35\x35\x37\x33\x20\x39\x2e\
\x35\x35\x39\x34\x35\x31\x20\x32\x31\x2e\x33\x31\x35\x35\x37\x33\
\x20\x32\x31\x2e\x33\x30\x39\x34\x34\x6c\x30\x20\x31\x38\x2e\x31\
\x34\x37\x38\x32\x39\x2d\x34\x32\x2e\x36\x35\x30\x35\x36\x37\x20\
\x30\x20\x30\x2d\x31\x38\x2e\x31\x34\x37\x38\x32\x39\x43\x34\x39\
\x30\x2e\x37\x30\x30\x32\x37\x31\x20\x36\x38\x2e\x34\x39\x34\x34\
\x30\x39\x20\x35\x30\x30\x2e\x32\x37\x31\x39\x38\x38\x20\x35\x38\
\x2e\x39\x33\x34\x39\x35\x38\x20\x35\x31\x32\x2e\x30\x33\x35\x32\
\x36\x35\x20\x35\x38\x2e\x39\x33\x34\x39\x35\x38\x7a\x22\x20\x70\
\x2d\x69\x64\x3d\x22\x35\x33\x32\x33\x22\x20\x66\x69\x6c\x6c\x3d\
\x22\x23\x33\x33\x33\x33\x33\x33\x22\x3e\x3c\x2f\x70\x61\x74\x68\
\x3e\x3c\x70\x61\x74\x68\x20\x64\x3d\x22\x4d\x34\x30\x36\x2e\x33\
\x36\x36\x31\x32\x31\x20\x39\x31\x38\x2e\x33\x34\x33\x31\x32\x32\
\x63\x30\x20\x35\x38\x2e\x32\x35\x39\x32\x39\x35\x20\x34\x37\x2e\
\x34\x30\x33\x37\x31\x36\x20\x31\x30\x35\x2e\x36\x35\x36\x38\x37\
\x38\x20\x31\x30\x35\x2e\x36\x36\x39\x31\x34\x34\x20\x31\x30\x35\
\x2e\x36\x35\x36\x38\x37\x38\x20\x35\x38\x2e\x32\x35\x35\x32\x30\
\x36\x20\x30\x20\x31\x30\x35\x2e\x36\x34\x38\x37\x30\x31\x2d\x34\
\x37\x2e\x33\x39\x37\x35\x38\x33\x20\x31\x30\x35\x2e\x36\x34\x38\
\x37\x30\x31\x2d\x31\x30\x35\x2e\x36\x35\x36\x38\x37\x38\x6c\x30\
\x2d\x34\x2e\x30\x37\x35\x34\x34\x32\x4c\x34\x30\x36\x2e\x33\x36\
\x36\x31\x32\x31\x20\x39\x31\x34\x2e\x32\x36\x37\x36\x38\x20\x34\
\x30\x36\x2e\x33\x36\x36\x31\x32\x31\x20\x39\x31\x38\x2e\x33\x34\
\x33\x31\x32\x32\x7a\x22\x20\x70\x2d\x69\x64\x3d\x22\x35\x33\x32\
\x34\x22\x20\x66\x69\x6c\x6c\x3d\x22\x23\x33\x33\x33\x33\x33\x33\
\x22\x3e\x3c\x2f\x70\x61\x74\x68\x3e\x3c\x70\x61\x74\x68\x20\x64\
\x3d\x22\x4d\x32\x34\x33\x2e\x31\x39\x38\x31\x38\x36\x20\x31\x32\
\x38\x2e\x35\x35\x39\x39\x63\x36\x2e\x31\x31\x32\x36\x35\x32\x2d\
\x34\x2e\x39\x35\x31\x34\x35\x32\x20\x39\x2e\x39\x33\x38\x36\x38\
\x31\x2d\x31\x31\x2e\x39\x39\x32\x32\x34\x36\x20\x31\x30\x2e\x37\
\x37\x32\x37\x38\x32\x2d\x31\x39\x2e\x38\x32\x37\x32\x37\x35\x20\
\x30\x2e\x38\x33\x38\x31\x39\x2d\x37\x2e\x38\x34\x32\x31\x38\x35\
\x2d\x31\x2e\x34\x33\x32\x30\x37\x38\x2d\x31\x35\x2e\x35\x32\x33\
\x38\x38\x37\x2d\x36\x2e\x33\x39\x34\x37\x37\x34\x2d\x32\x31\x2e\
\x36\x33\x35\x35\x31\x36\x2d\x35\x2e\x36\x33\x34\x32\x37\x2d\x36\
\x2e\x39\x32\x32\x32\x32\x2d\x31\x33\x2e\x39\x39\x32\x36\x35\x37\
\x2d\x31\x30\x2e\x38\x39\x32\x33\x37\x37\x2d\x32\x32\x2e\x39\x33\
\x33\x36\x38\x38\x2d\x31\x30\x2e\x38\x39\x32\x33\x37\x37\x2d\x36\
\x2e\x37\x31\x30\x36\x32\x39\x20\x30\x2d\x31\x33\x2e\x32\x38\x35\
\x33\x30\x37\x20\x32\x2e\x33\x32\x32\x33\x39\x39\x2d\x31\x38\x2e\
\x35\x31\x34\x37\x39\x33\x20\x36\x2e\x35\x34\x35\x30\x33\x35\x2d\
\x34\x38\x2e\x39\x36\x35\x36\x31\x31\x20\x33\x39\x2e\x36\x32\x31\
\x38\x34\x2d\x38\x39\x2e\x32\x38\x34\x35\x38\x20\x38\x37\x2e\x35\
\x38\x39\x38\x30\x31\x2d\x31\x31\x39\x2e\x38\x33\x37\x36\x31\x37\
\x20\x31\x34\x32\x2e\x35\x37\x36\x30\x36\x38\x2d\x33\x31\x2e\x33\
\x33\x35\x30\x30\x36\x20\x35\x36\x2e\x34\x37\x30\x34\x37\x35\x2d\
\x35\x30\x2e\x38\x32\x30\x38\x37\x32\x20\x31\x31\x37\x2e\x36\x34\
\x39\x31\x32\x34\x2d\x35\x37\x2e\x39\x31\x37\x38\x38\x36\x20\x31\
\x38\x31\x2e\x38\x33\x35\x30\x33\x33\x2d\x30\x2e\x38\x37\x30\x39\
\x20\x37\x2e\x38\x30\x38\x34\x35\x33\x20\x31\x2e\x33\x36\x31\x35\
\x34\x37\x20\x31\x35\x2e\x34\x39\x35\x32\x36\x35\x20\x36\x2e\x32\
\x38\x36\x34\x32\x33\x20\x32\x31\x2e\x36\x34\x35\x37\x33\x38\x20\
\x34\x2e\x39\x32\x33\x38\x35\x33\x20\x36\x2e\x31\x34\x37\x34\x30\
\x36\x20\x31\x31\x2e\x39\x34\x30\x31\x31\x34\x20\x31\x30\x2e\x30\
\x31\x32\x32\x37\x38\x20\x31\x39\x2e\x37\x34\x30\x33\x39\x20\x31\
\x30\x2e\x38\x38\x31\x31\x33\x33\x20\x31\x2e\x30\x35\x31\x38\x32\
\x36\x20\x30\x2e\x31\x32\x33\x36\x38\x34\x20\x32\x2e\x31\x35\x33\
\x37\x33\x39\x20\x30\x2e\x31\x38\x37\x30\x35\x39\x20\x33\x2e\x32\
\x37\x32\x30\x30\x36\x20\x30\x2e\x31\x38\x37\x30\x35\x39\x20\x31\
\x35\x2e\x30\x32\x33\x30\x31\x37\x20\x30\x20\x32\x37\x2e\x35\x39\
\x37\x39\x30\x37\x2d\x31\x31\x2e\x32\x37\x31\x36\x30\x37\x20\x32\
\x39\x2e\x32\x34\x37\x37\x31\x2d\x32\x36\x2e\x32\x31\x37\x39\x36\
\x43\x39\x39\x2e\x33\x38\x36\x32\x39\x39\x20\x33\x30\x31\x2e\x32\
\x37\x37\x30\x36\x35\x20\x31\x35\x34\x2e\x38\x38\x36\x37\x32\x33\
\x20\x32\x30\x30\x2e\x30\x32\x38\x38\x36\x31\x20\x32\x34\x33\x2e\
\x31\x39\x38\x31\x38\x36\x20\x31\x32\x38\x2e\x35\x35\x39\x39\x7a\
\x22\x20\x70\x2d\x69\x64\x3d\x22\x35\x33\x32\x35\x22\x20\x66\x69\
\x6c\x6c\x3d\x22\x23\x33\x33\x33\x33\x33\x33\x22\x3e\x3c\x2f\x70\
\x61\x74\x68\x3e\x3c\x70\x61\x74\x68\x20\x64\x3d\x22\x4d\x39\x39\
\x35\x2e\x36\x33\x31\x38\x37\x39\x20\x34\x30\x37\x2e\x31\x33\x37\
\x33\x35\x38\x63\x2d\x37\x2e\x30\x37\x34\x35\x32\x35\x2d\x36\x34\
\x2e\x31\x36\x34\x34\x34\x34\x2d\x32\x36\x2e\x35\x35\x31\x31\x39\
\x32\x2d\x31\x32\x35\x2e\x33\x33\x33\x38\x39\x32\x2d\x35\x37\x2e\
\x38\x39\x34\x33\x37\x36\x2d\x31\x38\x31\x2e\x38\x31\x30\x35\x30\
\x31\x2d\x33\x30\x2e\x35\x32\x33\x33\x39\x33\x2d\x35\x34\x2e\x39\
\x36\x36\x38\x34\x35\x2d\x37\x30\x2e\x38\x34\x34\x34\x30\x37\x2d\
\x31\x30\x32\x2e\x39\x34\x37\x30\x37\x32\x2d\x31\x31\x39\x2e\x38\
\x33\x36\x35\x39\x35\x2d\x31\x34\x32\x2e\x36\x30\x38\x37\x37\x38\
\x2d\x35\x2e\x32\x31\x38\x32\x34\x32\x2d\x34\x2e\x32\x31\x38\x35\
\x34\x37\x2d\x31\x31\x2e\x37\x39\x37\x30\x30\x39\x2d\x36\x2e\x35\
\x34\x30\x39\x34\x36\x2d\x31\x38\x2e\x35\x32\x30\x39\x32\x36\x2d\
\x36\x2e\x35\x34\x30\x39\x34\x36\x2d\x38\x2e\x39\x32\x32\x36\x33\
\x32\x20\x30\x2d\x31\x37\x2e\x32\x38\x31\x30\x31\x38\x20\x33\x2e\
\x39\x38\x30\x33\x37\x39\x2d\x32\x32\x2e\x39\x33\x36\x37\x35\x34\
\x20\x31\x30\x2e\x39\x32\x35\x30\x38\x37\x2d\x34\x2e\x39\x34\x33\
\x32\x37\x35\x20\x36\x2e\x31\x31\x31\x36\x33\x2d\x37\x2e\x32\x31\
\x33\x35\x34\x32\x20\x31\x33\x2e\x37\x39\x30\x32\x36\x35\x2d\x36\
\x2e\x33\x38\x38\x36\x34\x31\x20\x32\x31\x2e\x36\x32\x35\x32\x39\
\x34\x20\x30\x2e\x38\x32\x33\x38\x37\x39\x20\x37\x2e\x38\x33\x36\
\x30\x35\x32\x20\x34\x2e\x36\x34\x31\x37\x33\x31\x20\x31\x34\x2e\
\x38\x36\x39\x36\x39\x20\x31\x30\x2e\x37\x35\x30\x32\x39\x34\x20\
\x31\x39\x2e\x38\x30\x32\x37\x34\x33\x20\x38\x38\x2e\x33\x34\x36\
\x32\x31\x36\x20\x37\x31\x2e\x35\x30\x31\x36\x37\x20\x31\x34\x33\
\x2e\x38\x33\x38\x34\x36\x33\x20\x31\x37\x32\x2e\x37\x34\x38\x38\
\x35\x33\x20\x31\x35\x36\x2e\x32\x35\x36\x39\x35\x39\x20\x32\x38\
\x35\x2e\x30\x39\x34\x38\x39\x33\x20\x31\x2e\x36\x36\x37\x31\x38\
\x20\x31\x34\x2e\x39\x35\x32\x34\x38\x36\x20\x31\x34\x2e\x32\x34\
\x33\x30\x39\x32\x20\x32\x36\x2e\x32\x32\x36\x31\x33\x38\x20\x32\
\x39\x2e\x32\x34\x39\x37\x35\x34\x20\x32\x36\x2e\x32\x32\x36\x31\
\x33\x38\x20\x31\x2e\x31\x33\x31\x35\x35\x36\x20\x30\x20\x32\x2e\
\x32\x33\x35\x35\x31\x33\x2d\x30\x2e\x30\x36\x31\x33\x33\x31\x20\
\x33\x2e\x32\x36\x33\x38\x32\x39\x2d\x30\x2e\x31\x38\x32\x39\x37\
\x31\x20\x37\x2e\x38\x31\x31\x35\x31\x39\x2d\x30\x2e\x38\x35\x36\
\x35\x38\x39\x20\x31\x34\x2e\x38\x33\x35\x39\x35\x38\x2d\x34\x2e\
\x37\x32\x32\x34\x38\x33\x20\x31\x39\x2e\x37\x37\x37\x31\x38\x38\
\x2d\x31\x30\x2e\x38\x38\x34\x32\x43\x39\x39\x34\x2e\x32\x35\x38\
\x30\x36\x35\x20\x34\x32\x32\x2e\x36\x36\x37\x33\x37\x37\x20\x39\
\x39\x36\x2e\x34\x38\x39\x34\x39\x20\x34\x31\x34\x2e\x39\x38\x30\
\x35\x36\x35\x20\x39\x39\x35\x2e\x36\x33\x31\x38\x37\x39\x20\x34\
\x30\x37\x2e\x31\x33\x37\x33\x35\x38\x7a\x22\x20\x70\x2d\x69\x64\
\x3d\x22\x35\x33\x32\x36\x22\x20\x66\x69\x6c\x6c\x3d\x22\x23\x33\
\x33\x33\x33\x33\x33\x22\x3e\x3c\x2f\x70\x61\x74\x68\x3e\x3c\x2f\
\x73\x76\x67\x3e\
\x00\x00\x03\x3c\
\x3c\
\x3f\x78\x6d\x6c\x20\x76\x65\x72\x73\x69\x6f\x6e\x3d\x22\x31\x2e\
\x30\x22\x20\x73\x74\x61\x6e\x64\x61\x6c\x6f\x6e\x65\x3d\x22\x6e\
\x6f\x22\x3f\x3e\x3c\x21\x44\x4f\x43\x54\x59\x50\x45\x20\x73\x76\
\x67\x20\x50\x55\x42\x4c\x49\x43\x20\x22\x2d\x2f\x2f\x57\x33\x43\
\x2f\x2f\x44\x54\x44\x20\x53\x56\x47\x20\x31\x2e\x31\x2f\x2f\x45\
\x4e\x22\x20\x22\x68\x74\x74\x70\x3a\x2f\x2f\x77\x77\x77\x2e\x77\
\x33\x2e\x6f\x72\x67\x2f\x47\x72\x61\x70\x68\x69\x63\x73\x2f\x53\
\x56\x47\x2f\x31\x2e\x31\x2f\x44\x54\x44\x2f\x73\x76\x67\x31\x31\
\x2e\x64\x74\x64\x22\x3e\x3c\x73\x76\x67\x20\x74\x3d\x22\x31\x37\
\x37\x39\x30\x31\x34\x36\x39\x34\x39\x38\x37\x22\x20\x63\x6c\x61\
\x73\x73\x3d\x22\x69\x63\x6f\x6e\x22\x20\x76\x69\x65\x77\x42\x6f\
\x78\x3d\x22\x30\x20\x30\x20\x31\x30\x32\x34\x20\x31\x30\x32\x34\
\x22\x20\x76\x65\x72\x73\x69\x6f\x6e\x3d\x22\x31\x2e\x31\x22\x20\
\x78\x6d\x6c\x6e\x73\x3d\x22\x68\x74\x74\x70\x3a\x2f\x2f\x77\x77\
\x77\x2e\x77\x33\x2e\x6f\x72\x67\x2f\x32\x30\x30\x30\x2f\x73\x76\
\x67\x22\x20\x70\x2d\x69\x64\x3d\x22\x35\x38\x34\x37\x22\x20\x78\
\x6d\x6c\x6e\x73\x3a\x78\x6c\x69\x6e\x6b\x3d\x22\x68\x74\x74\x70\
\x3a\x2f\x2f\x77\x77\x77\x2e\x77\x33\x2e\x6f\x72\x67\x2f\x31\x39\
\x39\x39\x2f\x78\x6c\x69\x6e\x6b\x22\x20\x77\x69\x64\x74\x68\x3d\
\x22\x32\x30\x30\x22\x20\x68\x65\x69\x67\x68\x74\x3d\x22\x32\x30\
\x30\x22\x3e\x3c\x70\x61\x74\x68\x20\x64\x3d\x22\x4d\x35\x37\x32\
\x2e\x31\x33\x31\x35\x35\x36\x20\x31\x34\x33\x2e\x38\x37\x32\x6c\
\x33\x35\x30\x2e\x34\x33\x35\x35\x35\x35\x20\x32\x39\x35\x2e\x30\
\x32\x35\x37\x37\x38\x2d\x35\x35\x2e\x30\x31\x31\x35\x35\x35\x20\
\x36\x35\x2e\x33\x30\x38\x34\x34\x34\x2d\x33\x36\x2e\x35\x32\x32\
\x36\x36\x37\x2d\x33\x30\x2e\x37\x37\x36\x38\x38\x39\x76\x33\x33\
\x39\x2e\x34\x35\x36\x61\x31\x32\x38\x20\x31\x32\x38\x20\x30\x20\
\x30\x20\x31\x2d\x31\x32\x38\x20\x31\x32\x38\x68\x2d\x34\x32\x36\
\x2e\x36\x36\x36\x36\x36\x37\x61\x31\x32\x38\x20\x31\x32\x38\x20\
\x30\x20\x30\x20\x31\x2d\x31\x32\x38\x2d\x31\x32\x38\x56\x34\x37\
\x33\x2e\x33\x31\x35\x35\x35\x36\x6c\x2d\x33\x36\x2e\x35\x32\x32\
\x36\x36\x36\x20\x33\x30\x2e\x38\x33\x33\x37\x37\x37\x4c\x35\x36\
\x2e\x38\x38\x38\x38\x38\x39\x20\x34\x33\x38\x2e\x38\x39\x37\x37\
\x37\x38\x6c\x33\x35\x30\x2e\x33\x37\x38\x36\x36\x37\x2d\x32\x39\
\x35\x2e\x30\x32\x35\x37\x37\x38\x61\x31\x32\x38\x20\x31\x32\x38\
\x20\x30\x20\x30\x20\x31\x20\x31\x36\x34\x2e\x38\x36\x34\x20\x30\
\x7a\x20\x6d\x2d\x36\x31\x2e\x30\x39\x38\x36\x36\x37\x20\x33\x37\
\x30\x2e\x33\x34\x36\x36\x36\x37\x68\x2d\x34\x32\x2e\x36\x36\x36\
\x36\x36\x37\x61\x31\x32\x38\x20\x31\x32\x38\x20\x30\x20\x30\x20\
\x30\x2d\x31\x32\x38\x20\x31\x32\x38\x76\x31\x37\x30\x2e\x36\x36\
\x36\x36\x36\x36\x63\x30\x20\x32\x33\x2e\x35\x35\x32\x20\x31\x39\
\x2e\x31\x31\x34\x36\x36\x37\x20\x34\x32\x2e\x36\x36\x36\x36\x36\
\x37\x20\x34\x32\x2e\x36\x36\x36\x36\x36\x37\x20\x34\x32\x2e\x36\
\x36\x36\x36\x36\x37\x68\x32\x31\x33\x2e\x33\x33\x33\x33\x33\x33\
\x61\x34\x32\x2e\x36\x36\x36\x36\x36\x37\x20\x34\x32\x2e\x36\x36\
\x36\x36\x36\x37\x20\x30\x20\x30\x20\x30\x20\x34\x32\x2e\x36\x36\
\x36\x36\x36\x37\x2d\x34\x32\x2e\x36\x36\x36\x36\x36\x37\x76\x2d\
\x31\x37\x30\x2e\x36\x36\x36\x36\x36\x36\x61\x31\x32\x38\x20\x31\
\x32\x38\x20\x30\x20\x30\x20\x30\x2d\x31\x32\x38\x2d\x31\x32\x38\
\x7a\x22\x20\x70\x2d\x69\x64\x3d\x22\x35\x38\x34\x38\x22\x20\x66\
\x69\x6c\x6c\x3d\x22\x23\x33\x33\x33\x33\x33\x33\x22\x3e\x3c\x2f\
\x70\x61\x74\x68\x3e\x3c\x2f\x73\x76\x67\x3e\
\x00\x00\x03\x96\
\x3c\
\x3f\x78\x6d\x6c\x20\x76\x65\x72\x73\x69\x6f\x6e\x3d\x22\x31\x2e\
\x30\x22\x20\x73\x74\x61\x6e\x64\x61\x6c\x6f\x6e\x65\x3d\x22\x6e\
\x6f\x22\x3f\x3e\x3c\x21\x44\x4f\x43\x54\x59\x50\x45\x20\x73\x76\
\x67\x20\x50\x55\x42\x4c\x49\x43\x20\x22\x2d\x2f\x2f\x57\x33\x43\
\x2f\x2f\x44\x54\x44\x20\x53\x56\x47\x20\x31\x2e\x31\x2f\x2f\x45\
\x4e\x22\x20\x22\x68\x74\x74\x70\x3a\x2f\x2f\x77\x77\x77\x2e\x77\
\x33\x2e\x6f\x72\x67\x2f\x47\x72\x61\x70\x68\x69\x63\x73\x2f\x53\
\x56\x47\x2f\x31\x2e\x31\x2f\x44\x54\x44\x2f\x73\x76\x67\x31\x31\
\x2e\x64\x74\x64\x22\x3e\x3c\x73\x76\x67\x20\x74\x3d\x22\x31\x37\
\x37\x37\x36\x31\x36\x39\x36\x36\x36\x34\x31\x22\x20\x63\x6c\x61\
\x73\x73\x3d\x22\x69\x63\x6f\x6e\x22\x20\x76\x69\x65\x77\x42\x6f\
\x78\x3d\x22\x30\x20\x30\x20\x31\x30\x32\x34\x20\x31\x30\x32\x34\
\x22\x20\x76\x65\x72\x73\x69\x6f\x6e\x3d\x22\x31\x2e\x31\x22\x20\
\x78\x6d\x6c\x6e\x73\x3d\x22\x68\x74\x74\x70\x3a\x2f\x2f\x77\x77\
\x77\x2e\x77\x33\x2e\x6f\x72\x67\x2f\x32\x30\x30\x30\x2f\x73\x76\
\x67\x22\x20\x70\x2d\x69\x64\x3d\x22\x35\x36\x31\x39\x22\x20\x78\
\x6d\x6c\x6e\x73\x3a\x78\x6c\x69\x6e\x6b\x3d\x22\x68\x74\x74\x70\
\x3a\x2f\x2f\x77\x77\x77\x2e\x77\x33\x2e\x6f\x72\x67\x2f\x31\x39\
\x39\x39\x2f\x78\x6c\x69\x6e\x6b\x22\x20\x77\x69\x64\x74\x68\x3d\
\x22\x32\x30\x30\x22\x20\x68\x65\x69\x67\x68\x74\x3d\x22\x32\x30\
\x30\x22\x3e\x3c\x70\x61\x74\x68\x20\x64\x3d\x22\x4d\x31\x39\x30\
\x2e\x35\x20\x37\x36\x34\x2e\x39\x71\x30\x20\x32\x36\x2e\x36\x20\
\x31\x38\x2e\x39\x20\x34\x35\x2e\x31\x74\x34\x35\x2e\x36\x20\x31\
\x38\x2e\x34\x68\x32\x35\x35\x76\x31\x32\x38\x48\x31\x39\x30\x2e\
\x35\x71\x2d\x32\x36\x2e\x36\x20\x30\x2d\x34\x39\x2e\x37\x2d\x31\
\x30\x2e\x32\x74\x2d\x34\x30\x2e\x34\x2d\x32\x37\x2e\x36\x2d\x32\
\x37\x2e\x36\x2d\x34\x30\x2e\x34\x2d\x31\x30\x2e\x32\x2d\x34\x39\
\x2e\x37\x76\x2d\x36\x34\x30\x71\x30\x2d\x32\x36\x2e\x36\x20\x31\
\x30\x2e\x32\x2d\x34\x39\x2e\x37\x74\x32\x37\x2e\x36\x2d\x34\x30\
\x2e\x34\x20\x34\x30\x2e\x34\x2d\x32\x37\x2e\x36\x20\x34\x39\x2e\
\x37\x2d\x31\x30\x2e\x32\x48\x38\x39\x35\x71\x32\x36\x2e\x36\x20\
\x30\x20\x34\x39\x2e\x37\x20\x31\x30\x2e\x32\x74\x34\x30\x2e\x34\
\x20\x32\x37\x2e\x36\x20\x32\x37\x2e\x36\x20\x34\x30\x2e\x34\x20\
\x31\x30\x2e\x32\x20\x34\x39\x2e\x37\x76\x32\x35\x34\x6c\x2d\x31\
\x32\x38\x20\x33\x2e\x31\x76\x2d\x36\x34\x2e\x35\x71\x30\x2d\x32\
\x36\x2e\x36\x2d\x31\x38\x2e\x39\x2d\x34\x35\x2e\x36\x74\x2d\x34\
\x35\x2e\x36\x2d\x31\x38\x2e\x39\x48\x32\x35\x34\x2e\x39\x71\x2d\
\x32\x36\x2e\x36\x20\x30\x2d\x34\x35\x2e\x36\x20\x31\x38\x2e\x39\
\x74\x2d\x31\x38\x2e\x39\x20\x34\x35\x2e\x36\x76\x33\x38\x34\x7a\
\x20\x6d\x36\x30\x39\x2e\x32\x2d\x32\x35\x37\x71\x34\x36\x2e\x31\
\x20\x30\x20\x38\x37\x20\x31\x37\x2e\x34\x74\x37\x31\x2e\x37\x20\
\x34\x38\x2e\x31\x20\x34\x38\x2e\x36\x20\x37\x31\x2e\x37\x20\x31\
\x37\x2e\x39\x20\x38\x38\x2e\x31\x2d\x31\x37\x2e\x39\x20\x38\x38\
\x2e\x31\x2d\x34\x38\x2e\x36\x20\x37\x31\x2e\x37\x2d\x37\x31\x2e\
\x37\x20\x34\x38\x2e\x31\x2d\x38\x37\x20\x31\x37\x2e\x34\x71\x2d\
\x34\x37\x2e\x31\x20\x30\x2d\x38\x38\x2e\x31\x2d\x31\x37\x2e\x34\
\x54\x36\x33\x39\x2e\x39\x20\x38\x39\x33\x74\x2d\x34\x38\x2e\x36\
\x2d\x37\x31\x2e\x37\x2d\x31\x37\x2e\x39\x2d\x38\x38\x2e\x31\x20\
\x31\x37\x2e\x39\x2d\x38\x38\x2e\x31\x20\x34\x38\x2e\x36\x2d\x37\
\x31\x2e\x37\x20\x37\x31\x2e\x37\x2d\x34\x38\x2e\x31\x20\x38\x38\
\x2e\x31\x2d\x31\x37\x2e\x34\x7a\x20\x6d\x31\x35\x38\x2e\x38\x20\
\x32\x35\x37\x76\x2d\x36\x34\x2e\x35\x68\x2d\x31\x32\x38\x76\x2d\
\x31\x32\x38\x48\x37\x36\x37\x76\x31\x32\x38\x48\x36\x33\x39\x76\
\x36\x34\x2e\x35\x68\x31\x32\x38\x76\x31\x32\x38\x68\x36\x33\x2e\
\x35\x76\x2d\x31\x32\x38\x68\x31\x32\x38\x7a\x22\x20\x70\x2d\x69\
\x64\x3d\x22\x35\x36\x32\x30\x22\x20\x66\x69\x6c\x6c\x3d\x22\x23\
\x33\x33\x33\x33\x33\x33\x22\x3e\x3c\x2f\x70\x61\x74\x68\x3e\x3c\
\x2f\x73\x76\x67\x3e\
\x00\x00\x0b\x06\
\x3c\
\x3f\x78\x6d\x6c\x20\x76\x65\x72\x73\x69\x6f\x6e\x3d\x22\x31\x2e\
\x30\x22\x20\x73\x74\x61\x6e\x64\x61\x6c\x6f\x6e\x65\x3d\x22\x6e\
\x6f\x22\x3f\x3e\x3c\x21\x44\x4f\x43\x54\x59\x50\x45\x20\x73\x76\
\x67\x20\x50\x55\x42\x4c\x49\x43\x20\x22\x2d\x2f\x2f\x57\x33\x43\
\x2f\x2f\x44\x54\x44\x20\x53\x56\x47\x20\x31\x2e\x31\x2f\x2f\x45\
\x4e\x22\x20\x22\x68\x74\x74\x70\x3a\x2f\x2f\x77\x77\x77\x2e\x77\
\x33\x2e\x6f\x72\x67\x2f\x47\x72\x61\x70\x68\x69\x63\x73\x2f\x53\
\x56\x47\x2f\x31\x2e\x31\x2f\x44\x54\x44\x2f\x73\x76\x67\x31\x31\
\x2e\x64\x74\x64\x22\x3e\x3c\x73\x76\x67\x20\x74\x3d\x22\x31\x37\
\x37\x32\x31\x36\x34\x35\x39\x32\x31\x33\x31\x22\x20\x63\x6c\x61\
\x73\x73\x3d\x22\x69\x63\x6f\x6e\x22\x20\x76\x69\x65\x77\x42\x6f\
\x78\x3d\x22\x30\x20\x30\x20\x31\x30\x32\x34\x20\x31\x30\x32\x34\
\x22\x20\x76\x65\x72\x73\x69\x6f\x6e\x3d\x22\x31\x2e\x31\x22\x20\
\x78\x6d\x6c\x6e\x73\x3d\x22\x68\x74\x74\x70\x3a\x2f\x2f\x77\x77\
\x77\x2e\x77\x33\x2e\x6f\x72\x67\x2f\x32\x30\x30\x30\x2f\x73\x76\
\x67\x22\x20\x70\x2d\x69\x64\x3d\x22\x38\x30\x36\x36\x22\x20\x78\
\x6d\x6c\x6e\x73\x3a\x78\x6c\x69\x6e\x6b\x3d\x22\x68\x74\x74\x70\
\x3a\x2f\x2f\x77\x77\x77\x2e\x77\x33\x2e\x6f\x72\x67\x2f\x31\x39\
\x39\x39\x2f\x78\x6c\x69\x6e\x6b\x22\x20\x77\x69\x64\x74\x68\x3d\
\x22\x32\x30\x30\x22\x20\x68\x65\x69\x67\x68\x74\x3d\x22\x32\x30\
\x30\x22\x3e\x3c\x70\x61\x74\x68\x20\x64\x3d\x22\x4d\x35\x31\x37\
\x2e\x36\x38\x33\x32\x20\x35\x32\x31\x2e\x33\x35\x39\x33\x36\x6c\
\x2d\x39\x2e\x30\x34\x31\x39\x32\x20\x36\x2e\x30\x32\x36\x32\x34\
\x2d\x39\x2e\x30\x33\x31\x36\x38\x2d\x36\x2e\x30\x32\x36\x32\x34\
\x63\x2d\x31\x35\x2e\x30\x35\x37\x39\x32\x2d\x31\x32\x2e\x30\x34\
\x37\x33\x36\x2d\x33\x36\x2e\x31\x34\x32\x30\x38\x20\x31\x32\x2e\
\x30\x34\x37\x33\x36\x2d\x32\x34\x2e\x30\x39\x34\x37\x32\x20\x32\
\x34\x2e\x30\x39\x34\x37\x32\x6c\x31\x35\x2e\x30\x35\x37\x39\x32\
\x20\x39\x2e\x30\x33\x36\x38\x76\x32\x34\x2e\x30\x39\x34\x37\x32\
\x61\x31\x36\x2e\x36\x32\x39\x37\x36\x20\x31\x36\x2e\x36\x32\x39\
\x37\x36\x20\x30\x20\x30\x20\x30\x20\x33\x33\x2e\x31\x32\x36\x34\
\x20\x30\x76\x2d\x32\x34\x2e\x30\x39\x34\x37\x32\x6c\x31\x35\x2e\
\x30\x36\x33\x30\x34\x2d\x39\x2e\x30\x33\x36\x38\x63\x31\x38\x2e\
\x30\x37\x33\x36\x2d\x31\x35\x2e\x30\x35\x37\x39\x32\x2d\x33\x2e\
\x30\x31\x30\x35\x36\x2d\x33\x36\x2e\x31\x34\x32\x30\x38\x2d\x32\
\x31\x2e\x30\x38\x34\x31\x36\x2d\x32\x34\x2e\x30\x39\x34\x37\x32\
\x7a\x20\x6d\x33\x34\x33\x2e\x33\x33\x36\x39\x36\x20\x34\x35\x2e\
\x31\x37\x38\x38\x38\x63\x34\x32\x2e\x31\x36\x33\x32\x2d\x34\x38\
\x2e\x31\x38\x39\x34\x34\x20\x36\x33\x2e\x32\x34\x32\x32\x34\x2d\
\x32\x30\x37\x2e\x38\x31\x35\x36\x38\x2d\x34\x38\x2e\x31\x38\x39\
\x34\x34\x2d\x32\x39\x35\x2e\x31\x35\x32\x36\x34\x20\x33\x30\x2e\
\x31\x31\x35\x38\x34\x2d\x33\x35\x32\x2e\x33\x37\x38\x38\x38\x2d\
\x31\x37\x34\x2e\x36\x37\x39\x30\x34\x2d\x33\x30\x31\x2e\x31\x37\
\x38\x38\x38\x2d\x31\x38\x39\x2e\x37\x34\x32\x30\x38\x2d\x31\x30\
\x32\x2e\x34\x2d\x37\x35\x2e\x32\x38\x39\x36\x2d\x34\x35\x2e\x31\
\x37\x38\x38\x38\x2d\x31\x35\x36\x2e\x36\x31\x30\x35\x36\x2d\x33\
\x33\x2e\x31\x33\x31\x35\x32\x2d\x32\x31\x39\x2e\x38\x35\x32\x38\
\x20\x30\x2d\x31\x38\x2e\x30\x37\x33\x36\x2d\x32\x30\x34\x2e\x38\
\x2d\x32\x31\x39\x2e\x38\x36\x33\x30\x34\x2d\x32\x34\x33\x2e\x39\
\x35\x37\x37\x36\x2d\x31\x38\x39\x2e\x37\x34\x37\x32\x20\x31\x30\
\x32\x2e\x34\x2d\x31\x30\x35\x2e\x34\x31\x30\x35\x36\x20\x37\x35\
\x2e\x32\x38\x39\x36\x2d\x39\x39\x2e\x33\x38\x34\x33\x32\x20\x32\
\x32\x35\x2e\x38\x37\x39\x30\x34\x2d\x35\x31\x2e\x32\x20\x32\x39\
\x35\x2e\x31\x35\x32\x36\x34\x2d\x31\x32\x2e\x30\x34\x32\x32\x34\
\x20\x33\x30\x2e\x31\x31\x35\x38\x34\x2d\x36\x33\x2e\x32\x34\x32\
\x32\x34\x20\x31\x35\x30\x2e\x35\x37\x39\x32\x20\x36\x2e\x30\x32\
\x36\x32\x34\x20\x32\x35\x39\x2e\x30\x31\x30\x35\x36\x2d\x32\x34\
\x2e\x30\x39\x34\x37\x32\x20\x35\x31\x2e\x32\x2d\x33\x30\x2e\x31\
\x31\x35\x38\x34\x20\x31\x30\x35\x2e\x34\x31\x30\x35\x36\x2d\x32\
\x34\x2e\x30\x39\x34\x37\x32\x20\x31\x35\x39\x2e\x36\x32\x31\x31\
\x32\x20\x39\x2e\x30\x33\x36\x38\x20\x33\x36\x2e\x31\x34\x32\x30\
\x38\x20\x36\x36\x2e\x32\x35\x37\x39\x32\x20\x32\x34\x2e\x30\x39\
\x34\x37\x32\x20\x36\x30\x2e\x32\x33\x36\x38\x2d\x31\x35\x2e\x30\
\x35\x37\x39\x32\x2d\x39\x2e\x30\x33\x36\x38\x2d\x33\x33\x2e\x31\
\x32\x36\x34\x2d\x33\x2e\x30\x31\x35\x36\x38\x2d\x38\x31\x2e\x33\
\x31\x35\x38\x34\x20\x32\x34\x2e\x30\x39\x34\x37\x32\x2d\x31\x33\
\x35\x2e\x35\x32\x36\x34\x20\x33\x2e\x30\x31\x30\x35\x36\x2d\x31\
\x32\x2e\x30\x34\x37\x33\x36\x20\x33\x2e\x30\x31\x30\x35\x36\x2d\
\x32\x34\x2e\x30\x39\x34\x37\x32\x2d\x36\x2e\x30\x32\x36\x32\x34\
\x2d\x33\x33\x2e\x31\x33\x31\x35\x32\x2d\x36\x36\x2e\x32\x35\x37\
\x39\x32\x2d\x38\x34\x2e\x33\x33\x31\x35\x32\x2d\x32\x31\x2e\x30\
\x38\x34\x31\x36\x2d\x31\x39\x35\x2e\x37\x36\x33\x32\x2d\x33\x2e\
\x30\x31\x30\x35\x36\x2d\x32\x32\x32\x2e\x38\x37\x33\x36\x20\x36\
\x2e\x30\x32\x31\x31\x32\x2d\x31\x32\x2e\x30\x34\x32\x32\x34\x20\
\x36\x2e\x30\x32\x31\x31\x32\x2d\x32\x37\x2e\x31\x30\x35\x32\x38\
\x2d\x36\x2e\x30\x32\x36\x32\x34\x2d\x33\x36\x2e\x31\x33\x36\x39\
\x36\x2d\x31\x35\x2e\x30\x35\x32\x38\x2d\x31\x35\x2e\x30\x35\x37\
\x39\x32\x2d\x34\x32\x2e\x31\x36\x33\x32\x2d\x37\x35\x2e\x32\x39\
\x34\x37\x32\x2d\x32\x34\x2e\x30\x38\x39\x36\x2d\x31\x34\x31\x2e\
\x35\x35\x32\x36\x34\x20\x32\x34\x2e\x30\x38\x39\x36\x2d\x38\x37\
\x2e\x33\x34\x37\x32\x20\x31\x30\x35\x2e\x34\x31\x30\x35\x36\x2d\
\x31\x30\x32\x2e\x34\x20\x31\x35\x39\x2e\x36\x32\x31\x31\x32\x2d\
\x31\x30\x32\x2e\x34\x20\x31\x32\x2e\x30\x34\x37\x33\x36\x20\x30\
\x20\x32\x34\x2e\x30\x39\x34\x37\x32\x2d\x36\x2e\x30\x32\x36\x32\
\x34\x20\x32\x37\x2e\x31\x30\x35\x32\x38\x2d\x31\x38\x2e\x30\x37\
\x33\x36\x20\x33\x30\x2e\x31\x31\x35\x38\x34\x2d\x38\x34\x2e\x33\
\x32\x36\x34\x20\x32\x30\x34\x2e\x38\x2d\x31\x32\x33\x2e\x34\x37\
\x39\x30\x34\x20\x32\x36\x32\x2e\x30\x32\x36\x32\x34\x20\x33\x2e\
\x30\x31\x30\x35\x36\x20\x36\x2e\x30\x32\x31\x31\x32\x20\x31\x32\
\x2e\x30\x34\x37\x33\x36\x20\x31\x35\x2e\x30\x35\x32\x38\x20\x31\
\x38\x2e\x30\x37\x33\x36\x20\x33\x30\x2e\x31\x31\x35\x38\x34\x20\
\x31\x38\x2e\x30\x37\x33\x36\x20\x34\x35\x2e\x31\x37\x33\x37\x36\
\x2d\x33\x2e\x30\x31\x30\x35\x36\x20\x31\x32\x39\x2e\x35\x30\x35\
\x32\x38\x20\x36\x2e\x30\x32\x31\x31\x32\x20\x31\x35\x36\x2e\x36\
\x31\x30\x35\x36\x20\x31\x30\x32\x2e\x34\x20\x32\x31\x2e\x30\x37\
\x39\x30\x34\x20\x37\x32\x2e\x32\x38\x34\x31\x36\x2d\x33\x2e\x30\
\x31\x35\x36\x38\x20\x31\x32\x39\x2e\x35\x30\x35\x32\x38\x2d\x32\
\x34\x2e\x30\x39\x34\x37\x32\x20\x31\x34\x31\x2e\x35\x35\x32\x36\
\x34\x2d\x31\x35\x2e\x30\x35\x32\x38\x20\x39\x2e\x30\x33\x36\x38\
\x2d\x31\x38\x2e\x30\x37\x33\x36\x20\x32\x37\x2e\x31\x30\x35\x32\
\x38\x2d\x39\x2e\x30\x33\x36\x38\x20\x33\x39\x2e\x31\x35\x32\x36\
\x34\x20\x36\x36\x2e\x32\x35\x37\x39\x32\x20\x31\x30\x35\x2e\x34\
\x31\x30\x35\x36\x20\x32\x34\x2e\x30\x39\x34\x37\x32\x20\x31\x39\
\x32\x2e\x37\x35\x32\x36\x34\x20\x30\x20\x32\x32\x35\x2e\x38\x38\
\x34\x31\x36\x2d\x36\x2e\x30\x32\x31\x31\x32\x20\x36\x2e\x30\x32\
\x31\x31\x32\x2d\x36\x2e\x30\x32\x31\x31\x32\x20\x32\x31\x2e\x30\
\x37\x39\x30\x34\x2d\x33\x2e\x30\x31\x30\x35\x36\x20\x33\x30\x2e\
\x31\x31\x35\x38\x34\x20\x32\x34\x2e\x30\x39\x34\x37\x32\x20\x34\
\x38\x2e\x31\x38\x39\x34\x34\x20\x33\x30\x2e\x31\x31\x35\x38\x34\
\x20\x39\x33\x2e\x33\x36\x33\x32\x20\x32\x34\x2e\x30\x39\x34\x37\
\x32\x20\x31\x33\x38\x2e\x35\x34\x32\x30\x38\x2d\x33\x2e\x30\x31\
\x30\x35\x36\x20\x33\x36\x2e\x31\x34\x32\x30\x38\x20\x35\x31\x2e\
\x32\x20\x34\x35\x2e\x31\x37\x33\x37\x36\x20\x36\x30\x2e\x32\x33\
\x31\x36\x38\x20\x39\x2e\x30\x33\x36\x38\x20\x39\x2e\x30\x33\x36\
\x38\x2d\x35\x34\x2e\x32\x32\x30\x38\x20\x30\x2d\x31\x30\x38\x2e\
\x34\x32\x36\x32\x34\x2d\x32\x31\x2e\x30\x37\x39\x30\x34\x2d\x31\
\x35\x39\x2e\x36\x32\x36\x32\x34\x20\x34\x35\x2e\x31\x37\x33\x37\
\x36\x2d\x38\x31\x2e\x33\x31\x35\x38\x34\x20\x35\x37\x2e\x32\x32\
\x31\x31\x32\x2d\x31\x37\x31\x2e\x36\x37\x33\x36\x20\x39\x2e\x30\
\x33\x36\x38\x2d\x32\x36\x32\x2e\x30\x32\x31\x31\x32\x7a\x4d\x33\
\x33\x33\x2e\x39\x36\x32\x32\x34\x20\x32\x33\x32\x2e\x32\x32\x37\
\x38\x34\x63\x2d\x32\x34\x2e\x30\x39\x34\x37\x32\x20\x33\x2e\x30\
\x31\x35\x36\x38\x2d\x34\x32\x2e\x31\x36\x33\x32\x20\x33\x2e\x30\
\x31\x35\x36\x38\x2d\x36\x33\x2e\x32\x34\x37\x33\x36\x20\x31\x32\
\x2e\x30\x34\x37\x33\x36\x2d\x33\x2e\x30\x31\x30\x35\x36\x2d\x31\
\x38\x2e\x30\x36\x38\x34\x38\x2d\x31\x32\x2e\x30\x34\x37\x33\x36\
\x2d\x31\x35\x33\x2e\x36\x20\x33\x33\x2e\x31\x32\x36\x34\x2d\x31\
\x37\x34\x2e\x36\x37\x39\x30\x34\x20\x33\x30\x2e\x31\x32\x30\x39\
\x36\x20\x31\x38\x2e\x30\x37\x33\x36\x20\x35\x31\x2e\x32\x20\x31\
\x32\x30\x2e\x34\x37\x33\x36\x20\x33\x30\x2e\x31\x32\x30\x39\x36\
\x20\x31\x36\x32\x2e\x36\x33\x31\x36\x38\x7a\x20\x6d\x34\x31\x38\
\x2e\x36\x33\x31\x36\x38\x20\x31\x32\x2e\x30\x34\x37\x33\x36\x63\
\x2d\x32\x34\x2e\x30\x39\x34\x37\x32\x2d\x36\x2e\x30\x32\x31\x31\
\x32\x2d\x34\x35\x2e\x31\x37\x33\x37\x36\x2d\x39\x2e\x30\x33\x31\
\x36\x38\x2d\x36\x36\x2e\x32\x35\x32\x38\x2d\x39\x2e\x30\x33\x31\
\x36\x38\x2d\x32\x34\x2e\x30\x39\x39\x38\x34\x2d\x33\x36\x2e\x31\
\x34\x37\x32\x20\x36\x2e\x30\x31\x36\x2d\x31\x35\x36\x2e\x36\x31\
\x35\x36\x38\x20\x33\x33\x2e\x31\x32\x36\x34\x2d\x31\x36\x35\x2e\
\x36\x34\x37\x33\x36\x20\x34\x35\x2e\x31\x37\x33\x37\x36\x20\x31\
\x38\x2e\x30\x37\x33\x36\x20\x33\x33\x2e\x31\x32\x36\x34\x20\x31\
\x35\x33\x2e\x36\x20\x33\x33\x2e\x31\x32\x36\x34\x20\x31\x37\x34\
\x2e\x36\x37\x39\x30\x34\x7a\x4d\x32\x37\x30\x2e\x37\x31\x34\x38\
\x38\x20\x34\x37\x33\x2e\x31\x36\x39\x39\x32\x63\x30\x20\x35\x34\
\x2e\x32\x31\x35\x36\x38\x20\x38\x31\x2e\x33\x31\x35\x38\x34\x20\
\x35\x34\x2e\x32\x31\x35\x36\x38\x20\x38\x31\x2e\x33\x31\x35\x38\
\x34\x20\x30\x20\x30\x2d\x35\x34\x2e\x32\x31\x30\x35\x36\x2d\x38\
\x31\x2e\x33\x31\x35\x38\x34\x2d\x35\x34\x2e\x32\x31\x30\x35\x36\
\x2d\x38\x31\x2e\x33\x31\x35\x38\x34\x20\x30\x7a\x20\x6d\x33\x39\
\x34\x2e\x35\x33\x36\x39\x36\x20\x30\x63\x30\x20\x35\x34\x2e\x32\
\x31\x35\x36\x38\x20\x38\x31\x2e\x33\x32\x30\x39\x36\x20\x35\x34\
\x2e\x32\x31\x35\x36\x38\x20\x38\x31\x2e\x33\x32\x30\x39\x36\x20\
\x30\x20\x30\x2d\x35\x34\x2e\x32\x31\x30\x35\x36\x2d\x38\x31\x2e\
\x33\x32\x30\x39\x36\x2d\x35\x34\x2e\x32\x31\x30\x35\x36\x2d\x38\
\x31\x2e\x33\x32\x30\x39\x36\x20\x30\x7a\x20\x6d\x2d\x31\x35\x36\
\x2e\x36\x31\x30\x35\x36\x2d\x34\x35\x2e\x31\x37\x33\x37\x36\x63\
\x2d\x38\x37\x2e\x33\x33\x36\x39\x36\x20\x30\x2d\x31\x35\x39\x2e\
\x36\x32\x31\x31\x32\x20\x36\x33\x2e\x32\x34\x37\x33\x36\x2d\x31\
\x35\x39\x2e\x36\x32\x31\x31\x32\x20\x31\x32\x36\x2e\x34\x39\x34\
\x37\x32\x20\x30\x20\x31\x35\x30\x2e\x35\x37\x39\x32\x20\x33\x31\
\x39\x2e\x32\x34\x37\x33\x36\x20\x31\x35\x36\x2e\x36\x31\x30\x35\
\x36\x20\x33\x31\x39\x2e\x32\x34\x37\x33\x36\x20\x30\x20\x30\x2d\
\x36\x33\x2e\x32\x34\x37\x33\x36\x2d\x36\x39\x2e\x32\x37\x33\x36\
\x2d\x31\x32\x36\x2e\x34\x39\x34\x37\x32\x2d\x31\x35\x39\x2e\x36\
\x32\x36\x32\x34\x2d\x31\x32\x36\x2e\x34\x39\x34\x37\x32\x7a\x20\
\x6d\x2d\x31\x31\x37\x2e\x34\x35\x32\x38\x20\x31\x32\x36\x2e\x34\
\x39\x34\x37\x32\x63\x30\x2d\x33\x39\x2e\x31\x35\x32\x36\x34\x20\
\x35\x34\x2e\x32\x31\x30\x35\x36\x2d\x38\x34\x2e\x33\x33\x31\x35\
\x32\x20\x31\x32\x30\x2e\x34\x36\x38\x34\x38\x2d\x38\x34\x2e\x33\
\x33\x31\x35\x32\x20\x36\x36\x2e\x32\x35\x32\x38\x20\x30\x20\x31\
\x31\x34\x2e\x34\x34\x37\x33\x36\x20\x34\x35\x2e\x31\x37\x38\x38\
\x38\x20\x31\x31\x34\x2e\x34\x34\x37\x33\x36\x20\x38\x34\x2e\x33\
\x32\x36\x34\x20\x30\x20\x31\x30\x32\x2e\x34\x2d\x32\x33\x34\x2e\
\x39\x32\x30\x39\x36\x20\x39\x39\x2e\x33\x38\x39\x34\x34\x2d\x32\
\x33\x34\x2e\x39\x32\x30\x39\x36\x20\x30\x7a\x22\x20\x66\x69\x6c\
\x6c\x3d\x22\x23\x33\x33\x33\x33\x33\x33\x22\x20\x70\x2d\x69\x64\
\x3d\x22\x38\x30\x36\x37\x22\x3e\x3c\x2f\x70\x61\x74\x68\x3e\x3c\
\x2f\x73\x76\x67\x3e\
\x00\x00\x02\x28\
\x3c\
\x3f\x78\x6d\x6c\x20\x76\x65\x72\x73\x69\x6f\x6e\x3d\x22\x31\x2e\
\x30\x22\x20\x73\x74\x61\x6e\x64\x61\x6c\x6f\x6e\x65\x3d\x22\x6e\
\x6f\x22\x3f\x3e\x3c\x21\x44\x4f\x43\x54\x59\x50\x45\x20\x73\x76\
\x67\x20\x50\x55\x42\x4c\x49\x43\x20\x22\x2d\x2f\x2f\x57\x33\x43\
\x2f\x2f\x44\x54\x44\x20\x53\x56\x47\x20\x31\x2e\x31\x2f\x2f\x45\
\x4e\x22\x20\x22\x68\x74\x74\x70\x3a\x2f\x2f\x77\x77\x77\x2e\x77\
\x33\x2e\x6f\x72\x67\x2f\x47\x72\x61\x70\x68\x69\x63\x73\x2f\x53\
\x56\x47\x2f\x31\x2e\x31\x2f\x44\x54\x44\x2f\x73\x76\x67\x31\x31\
\x2e\x64\x74\x64\x22\x3e\x3c\x73\x76\x67\x20\x74\x3d\x22\x31\x37\
\x36\x31\x33\x36\x35\x38\x30\x35\x37\x30\x35\x22\x20\x63\x6c\x61\
\x73\x73\x3d\x22\x69\x63\x6f\x6e\x22\x20\x76\x69\x65\x77\x42\x6f\
\x78\x3d\x22\x30\x20\x30\x20\x31\x30\x32\x34\x20\x31\x30\x32\x34\
\x22\x20\x76\x65\x72\x73\x69\x6f\x6e\x3d\x22\x31\x2e\x31\x22\x20\
\x78\x6d\x6c\x6e\x73\x3d\x22\x68\x74\x74\x70\x3a\x2f\x2f\x77\x77\
\x77\x2e\x77\x33\x2e\x6f\x72\x67\x2f\x32\x30\x30\x30\x2f\x73\x76\
\x67\x22\x20\x70\x2d\x69\x64\x3d\x22\x35\x38\x30\x34\x22\x20\x78\
\x6d\x6c\x6e\x73\x3a\x78\x6c\x69\x6e\x6b\x3d\x22\x68\x74\x74\x70\
\x3a\x2f\x2f\x77\x77\x77\x2e\x77\x33\x2e\x6f\x72\x67\x2f\x31\x39\
\x39\x39\x2f\x78\x6c\x69\x6e\x6b\x22\x20\x77\x69\x64\x74\x68\x3d\
\x22\x32\x30\x30\x22\x20\x68\x65\x69\x67\x68\x74\x3d\x22\x32\x30\
\x30\x22\x3e\x3c\x70\x61\x74\x68\x20\x64\x3d\x22\x4d\x38\x39\x36\
\x20\x36\x34\x30\x61\x31\x32\x38\x20\x31\x32\x38\x20\x30\x20\x31\
\x20\x31\x2d\x30\x2e\x30\x36\x34\x2d\x32\x35\x35\x2e\x39\x33\x36\
\x41\x31\x32\x38\x20\x31\x32\x38\x20\x30\x20\x30\x20\x31\x20\x38\
\x39\x36\x20\x36\x34\x30\x7a\x20\x6d\x2d\x33\x38\x34\x20\x30\x61\
\x31\x32\x38\x20\x31\x32\x38\x20\x30\x20\x31\x20\x31\x2d\x30\x2e\
\x30\x36\x34\x2d\x32\x35\x35\x2e\x39\x33\x36\x41\x31\x32\x38\x20\
\x31\x32\x38\x20\x30\x20\x30\x20\x31\x20\x35\x31\x32\x20\x36\x34\
\x30\x7a\x20\x6d\x2d\x33\x38\x34\x20\x30\x61\x31\x32\x38\x20\x31\
\x32\x38\x20\x30\x20\x31\x20\x31\x2d\x30\x2e\x30\x36\x34\x2d\x32\
\x35\x35\x2e\x39\x33\x36\x41\x31\x32\x38\x20\x31\x32\x38\x20\x30\
\x20\x30\x20\x31\x20\x31\x32\x38\x20\x36\x34\x30\x7a\x22\x20\x66\
\x69\x6c\x6c\x3d\x22\x23\x33\x33\x33\x33\x33\x33\x22\x20\x70\x2d\
\x69\x64\x3d\x22\x35\x38\x30\x35\x22\x3e\x3c\x2f\x70\x61\x74\x68\
\x3e\x3c\x2f\x73\x76\x67\x3e\
\x00\x00\x0a\x3b\
\x3c\
\x3f\x78\x6d\x6c\x20\x76\x65\x72\x73\x69\x6f\x6e\x3d\x22\x31\x2e\
\x30\x22\x20\x73\x74\x61\x6e\x64\x61\x6c\x6f\x6e\x65\x3d\x22\x6e\
\x6f\x22\x3f\x3e\x3c\x21\x44\x4f\x43\x54\x59\x50\x45\x20\x73\x76\
\x67\x20\x50\x55\x42\x4c\x49\x43\x20\x22\x2d\x2f\x2f\x57\x33\x43\
\x2f\x2f\x44\x54\x44\x20\x53\x56\x47\x20\x31\x2e\x31\x2f\x2f\x45\
\x4e\x22\x20\x22\x68\x74\x74\x70\x3a\x2f\x2f\x77\x77\x77\x2e\x77\
\x33\x2e\x6f\x72\x67\x2f\x47\x72\x61\x70\x68\x69\x63\x73\x2f\x53\
\x56\x47\x2f\x31\x2e\x31\x2f\x44\x54\x44\x2f\x73\x76\x67\x31\x31\
\x2e\x64\x74\x64\x22\x3e\x3c\x73\x76\x67\x20\x74\x3d\x22\x31\x37\
\x37\x39\x36\x32\x38\x34\x37\x39\x31\x34\x30\x22\x20\x63\x6c\x61\
\x73\x73\x3d\x22\x69\x63\x6f\x6e\x22\x20\x76\x69\x65\x77\x42\x6f\
\x78\x3d\x22\x30\x20\x30\x20\x31\x30\x32\x34\x20\x31\x30\x32\x34\
\x22\x20\x76\x65\x72\x73\x69\x6f\x6e\x3d\x22\x31\x2e\x31\x22\x20\
\x78\x6d\x6c\x6e\x73\x3d\x22\x68\x74\x74\x70\x3a\x2f\x2f\x77\x77\
\x77\x2e\x77\x33\x2e\x6f\x72\x67\x2f\x32\x30\x30\x30\x2f\x73\x76\
\x67\x22\x20\x70\x2d\x69\x64\x3d\x22\x31\x34\x38\x31\x38\x22\x20\
\x78\x6d\x6c\x6e\x73\x3a\x78\x6c\x69\x6e\x6b\x3d\x22\x68\x74\x74\
\x70\x3a\x2f\x2f\x77\x77\x77\x2e\x77\x33\x2e\x6f\x72\x67\x2f\x31\
\x39\x39\x39\x2f\x78\x6c\x69\x6e\x6b\x22\x20\x77\x69\x64\x74\x68\
\x3d\x22\x32\x30\x30\x22\x20\x68\x65\x69\x67\x68\x74\x3d\x22\x32\
\x30\x30\x22\x3e\x3c\x70\x61\x74\x68\x20\x64\x3d\x22\x4d\x32\x35\
\x34\x2e\x33\x39\x38\x35\x32\x36\x20\x38\x30\x34\x2e\x37\x30\x32\
\x34\x31\x32\x6c\x2d\x30\x2e\x30\x33\x30\x36\x39\x39\x2d\x34\x2e\
\x37\x38\x37\x30\x32\x36\x43\x32\x35\x34\x2e\x33\x36\x37\x38\x32\
\x37\x20\x38\x30\x31\x2e\x35\x34\x36\x35\x33\x35\x20\x32\x35\x34\
\x2e\x33\x38\x30\x31\x30\x36\x20\x38\x30\x33\x2e\x31\x33\x35\x37\
\x33\x20\x32\x35\x34\x2e\x33\x39\x38\x35\x32\x36\x20\x38\x30\x34\
\x2e\x37\x30\x32\x34\x31\x32\x7a\x4d\x36\x31\x34\x2e\x31\x39\x30\
\x39\x33\x39\x20\x32\x35\x39\x2e\x30\x33\x36\x36\x36\x31\x63\x2d\
\x32\x32\x2e\x31\x31\x36\x37\x31\x37\x20\x30\x2d\x34\x30\x2e\x30\
\x34\x37\x30\x38\x38\x20\x31\x37\x2e\x39\x31\x30\x39\x32\x38\x2d\
\x34\x30\x2e\x30\x34\x37\x30\x38\x38\x20\x34\x30\x2e\x30\x34\x37\
\x30\x38\x38\x6c\x30\x2e\x33\x37\x31\x34\x36\x20\x35\x30\x32\x2e\
\x31\x36\x30\x39\x31\x31\x63\x30\x20\x32\x32\x2e\x30\x39\x37\x32\
\x37\x34\x20\x31\x37\x2e\x39\x33\x30\x33\x37\x31\x20\x34\x30\x2e\
\x30\x34\x38\x31\x31\x31\x20\x34\x30\x2e\x30\x34\x37\x30\x38\x38\
\x20\x34\x30\x2e\x30\x34\x38\x31\x31\x31\x73\x34\x30\x2e\x30\x34\
\x38\x31\x31\x31\x2d\x31\x37\x2e\x39\x35\x30\x38\x33\x37\x20\x34\
\x30\x2e\x30\x34\x38\x31\x31\x31\x2d\x34\x30\x2e\x30\x34\x38\x31\
\x31\x31\x6c\x2d\x30\x2e\x33\x35\x30\x39\x39\x34\x2d\x35\x30\x32\
\x2e\x31\x36\x30\x39\x31\x31\x43\x36\x35\x34\x2e\x32\x35\x39\x35\
\x31\x36\x20\x32\x37\x36\x2e\x39\x34\x38\x36\x31\x33\x20\x36\x33\
\x36\x2e\x33\x32\x38\x31\x32\x32\x20\x32\x35\x39\x2e\x30\x33\x36\
\x36\x36\x31\x20\x36\x31\x34\x2e\x31\x39\x30\x39\x33\x39\x20\x32\
\x35\x39\x2e\x30\x33\x36\x36\x36\x31\x7a\x4d\x38\x39\x33\x2e\x32\
\x33\x34\x32\x35\x39\x20\x31\x34\x30\x2e\x31\x30\x35\x39\x36\x38\
\x6c\x2d\x33\x31\x38\x2e\x38\x39\x31\x38\x38\x37\x20\x30\x2e\x31\
\x34\x38\x33\x37\x39\x2d\x30\x2e\x31\x37\x38\x30\x35\x35\x2d\x34\
\x31\x2e\x34\x30\x37\x30\x36\x32\x63\x30\x2d\x32\x32\x2e\x31\x33\
\x36\x31\x36\x2d\x31\x37\x2e\x39\x33\x33\x34\x34\x31\x2d\x34\x30\
\x2e\x30\x34\x38\x31\x31\x31\x2d\x34\x30\x2e\x30\x36\x37\x35\x35\
\x34\x2d\x34\x30\x2e\x30\x34\x38\x31\x31\x31\x2d\x37\x2e\x32\x39\
\x34\x31\x32\x37\x20\x30\x2d\x31\x34\x2e\x31\x32\x36\x37\x34\x32\
\x20\x31\x2e\x39\x35\x38\x36\x30\x38\x2d\x32\x30\x2e\x30\x31\x37\
\x39\x31\x36\x20\x35\x2e\x33\x36\x34\x31\x37\x31\x2d\x35\x2e\x38\
\x39\x34\x32\x34\x34\x2d\x33\x2e\x34\x30\x35\x35\x36\x33\x2d\x31\
\x32\x2e\x37\x32\x39\x39\x32\x39\x2d\x35\x2e\x33\x36\x34\x31\x37\
\x31\x2d\x32\x30\x2e\x30\x33\x31\x32\x31\x39\x2d\x35\x2e\x33\x36\
\x34\x31\x37\x31\x2d\x32\x32\x2e\x31\x31\x35\x36\x39\x34\x20\x30\
\x2d\x34\x30\x2e\x30\x34\x37\x30\x38\x38\x20\x31\x37\x2e\x39\x31\
\x31\x39\x35\x32\x2d\x34\x30\x2e\x30\x34\x37\x30\x38\x38\x20\x34\
\x30\x2e\x30\x34\x38\x31\x31\x31\x6c\x30\x2e\x31\x38\x38\x32\x38\
\x38\x20\x34\x31\x2e\x34\x36\x33\x33\x34\x34\x2d\x32\x33\x30\x2e\
\x31\x31\x35\x39\x38\x31\x20\x30\x2e\x31\x30\x36\x34\x32\x34\x63\
\x2d\x33\x2e\x32\x32\x38\x35\x33\x31\x2d\x30\x2e\x38\x33\x39\x31\
\x31\x31\x2d\x36\x2e\x36\x31\x33\x36\x32\x38\x2d\x31\x2e\x32\x38\
\x37\x33\x31\x39\x2d\x31\x30\x2e\x31\x30\x34\x31\x32\x35\x2d\x31\
\x2e\x32\x38\x37\x33\x31\x39\x2d\x33\x2e\x35\x30\x32\x37\x37\x37\
\x20\x30\x2d\x36\x2e\x38\x39\x39\x31\x33\x20\x30\x2e\x34\x35\x32\
\x33\x30\x31\x2d\x31\x30\x2e\x31\x33\x36\x38\x37\x31\x20\x31\x2e\
\x32\x39\x36\x35\x32\x39\x6c\x2d\x37\x33\x2e\x30\x36\x37\x31\x33\
\x32\x20\x30\x2e\x30\x33\x33\x37\x36\x39\x63\x2d\x32\x32\x2e\x31\
\x31\x35\x36\x39\x34\x20\x30\x2d\x34\x30\x2e\x30\x34\x38\x31\x31\
\x31\x20\x31\x37\x2e\x39\x35\x30\x38\x33\x37\x2d\x34\x30\x2e\x30\
\x34\x38\x31\x31\x31\x20\x34\x30\x2e\x30\x34\x37\x30\x38\x38\x20\
\x30\x20\x32\x32\x2e\x31\x33\x36\x31\x36\x20\x31\x37\x2e\x39\x33\
\x31\x33\x39\x35\x20\x34\x30\x2e\x30\x34\x38\x31\x31\x31\x20\x34\
\x30\x2e\x30\x34\x38\x31\x31\x31\x20\x34\x30\x2e\x30\x34\x38\x31\
\x31\x31\x6c\x34\x33\x2e\x31\x37\x36\x33\x35\x38\x2d\x30\x2e\x30\
\x32\x30\x34\x36\x36\x20\x30\x2e\x32\x39\x32\x36\x36\x36\x20\x36\
\x31\x37\x2e\x39\x30\x32\x39\x38\x32\x20\x30\x2e\x30\x35\x39\x33\
\x35\x32\x20\x30\x20\x30\x20\x34\x32\x2e\x35\x35\x31\x31\x31\x38\
\x63\x30\x20\x34\x34\x2e\x32\x33\x33\x34\x33\x34\x20\x33\x35\x2e\
\x38\x36\x32\x37\x38\x39\x20\x38\x30\x2e\x30\x39\x35\x31\x39\x39\
\x20\x38\x30\x2e\x30\x39\x35\x31\x39\x39\x20\x38\x30\x2e\x30\x39\
\x35\x31\x39\x39\x6c\x34\x30\x2e\x30\x34\x38\x31\x31\x31\x20\x30\
\x20\x30\x20\x30\x2e\x33\x30\x32\x38\x39\x39\x20\x34\x34\x30\x2e\
\x35\x32\x33\x30\x38\x35\x2d\x30\x2e\x32\x35\x36\x38\x35\x20\x30\
\x2d\x30\x2e\x30\x34\x36\x30\x34\x39\x20\x34\x30\x2e\x30\x34\x38\
\x31\x31\x31\x20\x30\x63\x34\x33\x2e\x36\x36\x33\x34\x35\x32\x20\
\x30\x20\x37\x39\x2e\x31\x34\x36\x35\x39\x35\x2d\x33\x34\x2e\x39\
\x35\x20\x38\x30\x2e\x30\x35\x34\x32\x36\x37\x2d\x37\x38\x2e\x33\
\x39\x35\x34\x38\x38\x6c\x2d\x30\x2e\x33\x32\x39\x35\x30\x35\x2d\
\x35\x38\x33\x2e\x33\x36\x39\x34\x36\x38\x63\x30\x2d\x32\x32\x2e\
\x31\x33\x35\x31\x33\x36\x2d\x31\x37\x2e\x39\x33\x30\x33\x37\x31\
\x2d\x34\x30\x2e\x30\x34\x37\x30\x38\x38\x2d\x34\x30\x2e\x30\x34\
\x38\x31\x31\x31\x2d\x34\x30\x2e\x30\x34\x37\x30\x38\x38\x2d\x32\
\x32\x2e\x31\x31\x35\x36\x39\x34\x20\x30\x2d\x34\x30\x2e\x30\x34\
\x37\x30\x38\x38\x20\x31\x37\x2e\x39\x31\x31\x39\x35\x32\x2d\x34\
\x30\x2e\x30\x34\x37\x30\x38\x38\x20\x34\x30\x2e\x30\x34\x37\x30\
\x38\x38\x6c\x30\x2e\x32\x38\x37\x35\x34\x39\x20\x35\x30\x39\x2e\
\x33\x32\x34\x30\x35\x34\x63\x2d\x31\x2e\x34\x30\x37\x30\x34\x36\
\x20\x36\x30\x2e\x33\x31\x34\x36\x39\x31\x2d\x31\x38\x2e\x35\x39\
\x34\x34\x39\x37\x20\x37\x31\x2e\x33\x36\x37\x34\x32\x31\x2d\x37\
\x39\x2e\x39\x39\x33\x38\x39\x32\x20\x37\x31\x2e\x33\x36\x37\x34\
\x32\x31\x6c\x34\x31\x2e\x35\x37\x35\x39\x30\x38\x20\x31\x2e\x30\
\x32\x32\x32\x38\x33\x2d\x34\x35\x34\x2e\x34\x34\x32\x30\x39\x36\
\x20\x30\x2e\x32\x36\x36\x30\x36\x20\x35\x32\x2e\x33\x39\x38\x33\
\x39\x34\x2d\x31\x2e\x32\x38\x38\x33\x34\x33\x63\x2d\x36\x32\x2e\
\x37\x31\x35\x33\x36\x37\x20\x30\x2d\x37\x39\x2e\x33\x30\x35\x32\
\x30\x37\x2d\x31\x31\x2e\x35\x32\x32\x34\x32\x38\x2d\x38\x30\x2e\
\x30\x36\x34\x35\x2d\x37\x35\x2e\x33\x30\x38\x31\x37\x33\x6c\x30\
\x2e\x34\x39\x33\x32\x33\x34\x20\x37\x36\x2e\x36\x31\x31\x38\x36\
\x35\x2d\x30\x2e\x35\x34\x33\x33\x37\x36\x20\x30\x2d\x30\x2e\x33\
\x31\x33\x31\x33\x32\x2d\x36\x36\x30\x2e\x38\x31\x38\x33\x39\x37\
\x20\x32\x33\x36\x2e\x38\x32\x32\x37\x33\x2d\x30\x2e\x31\x30\x39\
\x34\x39\x34\x63\x31\x2e\x31\x37\x33\x37\x33\x32\x20\x30\x2e\x31\
\x30\x33\x33\x35\x34\x20\x32\x2e\x33\x36\x30\x37\x36\x37\x20\x30\
\x2e\x31\x36\x36\x37\x39\x39\x20\x33\x2e\x35\x36\x31\x31\x30\x36\
\x20\x30\x2e\x31\x36\x36\x37\x39\x39\x20\x31\x2e\x32\x31\x35\x36\
\x38\x38\x20\x30\x20\x32\x2e\x34\x31\x36\x30\x32\x36\x2d\x30\x2e\
\x30\x36\x33\x34\x34\x35\x20\x33\x2e\x36\x30\x34\x30\x38\x34\x2d\
\x30\x2e\x31\x36\x39\x38\x36\x39\x6c\x33\x32\x2e\x36\x33\x39\x33\
\x37\x35\x2d\x30\x2e\x30\x31\x35\x33\x35\x63\x31\x2e\x32\x35\x33\
\x35\x35\x20\x30\x2e\x31\x31\x38\x37\x30\x34\x20\x32\x2e\x35\x32\
\x31\x34\x32\x36\x20\x30\x2e\x31\x38\x35\x32\x31\x38\x20\x33\x2e\
\x38\x30\x35\x36\x37\x36\x20\x30\x2e\x31\x38\x35\x32\x31\x38\x20\
\x31\x2e\x32\x39\x39\x35\x39\x39\x20\x30\x20\x32\x2e\x35\x38\x32\
\x38\x32\x35\x2d\x30\x2e\x30\x36\x37\x35\x33\x38\x20\x33\x2e\x38\
\x35\x31\x37\x32\x35\x2d\x30\x2e\x31\x38\x38\x32\x38\x38\x6c\x33\
\x35\x34\x2e\x39\x31\x33\x32\x38\x39\x2d\x30\x2e\x31\x36\x33\x37\
\x32\x39\x63\x32\x32\x2e\x31\x31\x35\x36\x39\x34\x20\x30\x20\x34\
\x30\x2e\x30\x35\x30\x31\x35\x38\x2d\x31\x37\x2e\x39\x31\x31\x39\
\x35\x32\x20\x34\x30\x2e\x30\x35\x30\x31\x35\x38\x2d\x34\x30\x2e\
\x30\x34\x37\x30\x38\x38\x43\x39\x33\x33\x2e\x32\x38\x33\x33\x39\
\x34\x20\x31\x35\x38\x2e\x30\x31\x37\x39\x32\x20\x39\x31\x35\x2e\
\x33\x34\x39\x39\x35\x33\x20\x31\x34\x30\x2e\x31\x30\x35\x39\x36\
\x38\x20\x38\x39\x33\x2e\x32\x33\x34\x32\x35\x39\x20\x31\x34\x30\
\x2e\x31\x30\x35\x39\x36\x38\x7a\x4d\x37\x37\x34\x2e\x39\x32\x38\
\x38\x30\x36\x20\x38\x31\x35\x2e\x32\x39\x34\x36\x35\x34\x6c\x30\
\x2e\x30\x33\x36\x38\x33\x39\x20\x36\x35\x2e\x37\x31\x35\x37\x30\
\x31\x2d\x30\x2e\x34\x35\x39\x34\x36\x34\x20\x30\x4c\x37\x37\x34\
\x2e\x39\x32\x38\x38\x30\x36\x20\x38\x31\x35\x2e\x32\x39\x34\x36\
\x35\x34\x7a\x4d\x34\x31\x33\x2e\x39\x35\x33\x34\x35\x32\x20\x32\
\x35\x39\x2e\x30\x33\x36\x36\x36\x31\x63\x2d\x32\x32\x2e\x31\x31\
\x36\x37\x31\x37\x20\x30\x2d\x34\x30\x2e\x30\x34\x38\x31\x31\x31\
\x20\x31\x37\x2e\x39\x31\x30\x39\x32\x38\x2d\x34\x30\x2e\x30\x34\
\x38\x31\x31\x31\x20\x34\x30\x2e\x30\x34\x37\x30\x38\x38\x6c\x30\
\x2e\x33\x37\x31\x34\x36\x20\x35\x30\x32\x2e\x31\x36\x30\x39\x31\
\x31\x63\x30\x20\x32\x32\x2e\x30\x39\x37\x32\x37\x34\x20\x31\x37\
\x2e\x39\x33\x31\x33\x39\x35\x20\x34\x30\x2e\x30\x34\x38\x31\x31\
\x31\x20\x34\x30\x2e\x30\x34\x39\x31\x33\x35\x20\x34\x30\x2e\x30\
\x34\x38\x31\x31\x31\x20\x32\x32\x2e\x31\x31\x35\x36\x39\x34\x20\
\x30\x20\x34\x30\x2e\x30\x34\x37\x30\x38\x38\x2d\x31\x37\x2e\x39\
\x35\x30\x38\x33\x37\x20\x34\x30\x2e\x30\x34\x37\x30\x38\x38\x2d\
\x34\x30\x2e\x30\x34\x38\x31\x31\x31\x6c\x2d\x30\x2e\x33\x37\x31\
\x34\x36\x2d\x35\x30\x32\x2e\x31\x36\x30\x39\x31\x31\x43\x34\x35\
\x34\x2e\x30\x30\x30\x35\x34\x20\x32\x37\x36\x2e\x39\x34\x38\x36\
\x31\x33\x20\x34\x33\x36\x2e\x30\x36\x39\x31\x34\x35\x20\x32\x35\
\x39\x2e\x30\x33\x36\x36\x36\x31\x20\x34\x31\x33\x2e\x39\x35\x33\
\x34\x35\x32\x20\x32\x35\x39\x2e\x30\x33\x36\x36\x36\x31\x7a\x22\
\x20\x66\x69\x6c\x6c\x3d\x22\x23\x33\x33\x33\x33\x33\x33\x22\x20\
\x70\x2d\x69\x64\x3d\x22\x31\x34\x38\x31\x39\x22\x3e\x3c\x2f\x70\
\x61\x74\x68\x3e\x3c\x2f\x73\x76\x67\x3e\
\x00\x00\x09\x4d\
\x3c\
\x3f\x78\x6d\x6c\x20\x76\x65\x72\x73\x69\x6f\x6e\x3d\x22\x31\x2e\
\x30\x22\x20\x73\x74\x61\x6e\x64\x61\x6c\x6f\x6e\x65\x3d\x22\x6e\
\x6f\x22\x3f\x3e\x3c\x21\x44\x4f\x43\x54\x59\x50\x45\x20\x73\x76\
\x67\x20\x50\x55\x42\x4c\x49\x43\x20\x22\x2d\x2f\x2f\x57\x33\x43\
\x2f\x2f\x44\x54\x44\x20\x53\x56\x47\x20\x31\x2e\x31\x2f\x2f\x45\
\x4e\x22\x20\x22\x68\x74\x74\x70\x3a\x2f\x2f\x77\x77\x77\x2e\x77\
\x33\x2e\x6f\x72\x67\x2f\x47\x72\x61\x70\x68\x69\x63\x73\x2f\x53\
\x56\x47\x2f\x31\x2e\x31\x2f\x44\x54\x44\x2f\x73\x76\x67\x31\x31\
\x2e\x64\x74\x64\x22\x3e\x3c\x73\x76\x67\x20\x74\x3d\x22\x31\x37\
\x36\x39\x32\x33\x32\x36\x32\x31\x33\x38\x33\x22\x20\x63\x6c\x61\
\x73\x73\x3d\x22\x69\x63\x6f\x6e\x22\x20\x76\x69\x65\x77\x42\x6f\
\x78\x3d\x22\x30\x20\x30\x20\x31\x30\x32\x34\x20\x31\x30\x32\x34\
\x22\x20\x76\x65\x72\x73\x69\x6f\x6e\x3d\x22\x31\x2e\x31\x22\x20\
\x78\x6d\x6c\x6e\x73\x3d\x22\x68\x74\x74\x70\x3a\x2f\x2f\x77\x77\
\x77\x2e\x77\x33\x2e\x6f\x72\x67\x2f\x32\x30\x30\x30\x2f\x73\x76\
\x67\x22\x20\x70\x2d\x69\x64\x3d\x22\x34\x38\x32\x34\x22\x20\x78\
\x6d\x6c\x6e\x73\x3a\x78\x6c\x69\x6e\x6b\x3d\x22\x68\x74\x74\x70\
\x3a\x2f\x2f\x77\x77\x77\x2e\x77\x33\x2e\x6f\x72\x67\x2f\x31\x39\
\x39\x39\x2f\x78\x6c\x69\x6e\x6b\x22\x20\x77\x69\x64\x74\x68\x3d\
\x22\x32\x30\x30\x22\x20\x68\x65\x69\x67\x68\x74\x3d\x22\x32\x30\
\x30\x22\x3e\x3c\x70\x61\x74\x68\x20\x64\x3d\x22\x4d\x38\x34\x31\
\x2e\x34\x39\x35\x38\x39\x33\x33\x33\x20\x32\x33\x30\x2e\x31\x39\
\x31\x37\x38\x36\x36\x37\x63\x2d\x32\x30\x2e\x30\x39\x39\x39\x38\
\x32\x32\x32\x20\x30\x2d\x33\x36\x2e\x33\x38\x36\x31\x33\x33\x33\
\x33\x20\x31\x36\x2e\x32\x39\x37\x35\x32\x38\x38\x39\x2d\x33\x36\
\x2e\x33\x38\x36\x31\x33\x33\x33\x33\x20\x33\x36\x2e\x33\x38\x36\
\x31\x33\x33\x33\x33\x20\x30\x20\x32\x30\x2e\x30\x38\x36\x33\x32\
\x38\x38\x39\x20\x31\x36\x2e\x32\x38\x36\x31\x35\x31\x31\x31\x20\
\x33\x36\x2e\x33\x38\x34\x39\x39\x35\x35\x35\x20\x33\x36\x2e\x33\
\x38\x36\x31\x33\x33\x33\x33\x20\x33\x36\x2e\x33\x38\x34\x39\x39\
\x35\x35\x35\x20\x33\x33\x2e\x34\x33\x35\x38\x37\x35\x35\x35\x20\
\x30\x20\x36\x30\x2e\x36\x34\x32\x34\x31\x37\x37\x38\x20\x32\x37\
\x2e\x31\x39\x34\x30\x32\x36\x36\x37\x20\x36\x30\x2e\x36\x34\x32\
\x34\x31\x37\x37\x38\x20\x36\x30\x2e\x36\x34\x32\x34\x31\x37\x37\
\x38\x76\x32\x37\x30\x2e\x38\x37\x38\x37\x32\x63\x30\x20\x33\x33\
\x2e\x34\x34\x37\x32\x35\x33\x33\x33\x2d\x32\x37\x2e\x32\x30\x36\
\x35\x34\x32\x32\x32\x20\x36\x30\x2e\x36\x34\x32\x34\x31\x37\x37\
\x38\x2d\x36\x30\x2e\x36\x34\x33\x35\x35\x35\x35\x36\x20\x36\x30\
\x2e\x36\x34\x32\x34\x31\x37\x37\x38\x2d\x32\x30\x2e\x30\x39\x38\
\x38\x34\x34\x34\x35\x20\x30\x2d\x33\x36\x2e\x33\x38\x34\x39\x39\
\x35\x35\x35\x20\x31\x36\x2e\x32\x39\x37\x35\x32\x38\x38\x39\x2d\
\x33\x36\x2e\x33\x38\x34\x39\x39\x35\x35\x35\x20\x33\x36\x2e\x33\
\x38\x36\x31\x33\x33\x33\x34\x73\x31\x36\x2e\x32\x38\x36\x31\x35\
\x31\x31\x31\x20\x33\x36\x2e\x33\x38\x33\x38\x35\x37\x37\x38\x20\
\x33\x36\x2e\x33\x38\x36\x31\x33\x33\x33\x33\x20\x33\x36\x2e\x33\
\x38\x33\x38\x35\x37\x37\x37\x63\x37\x33\x2e\x35\x36\x34\x31\x36\
\x20\x30\x20\x31\x33\x33\x2e\x34\x31\x33\x35\x34\x36\x36\x37\x2d\
\x35\x39\x2e\x38\x36\x30\x37\x36\x34\x34\x35\x20\x31\x33\x33\x2e\
\x34\x31\x33\x35\x34\x36\x36\x37\x2d\x31\x33\x33\x2e\x34\x31\x33\
\x35\x34\x36\x36\x37\x56\x33\x36\x33\x2e\x36\x30\x36\x34\x37\x31\
\x31\x31\x63\x30\x2d\x37\x33\x2e\x35\x35\x33\x39\x32\x2d\x35\x39\
\x2e\x38\x34\x39\x33\x38\x36\x36\x37\x2d\x31\x33\x33\x2e\x34\x31\
\x35\x38\x32\x32\x32\x32\x2d\x31\x33\x33\x2e\x34\x31\x33\x35\x34\
\x36\x36\x37\x2d\x31\x33\x33\x2e\x34\x31\x35\x38\x32\x32\x32\x32\
\x7a\x4d\x35\x39\x34\x2e\x38\x38\x37\x31\x31\x31\x31\x31\x20\x37\
\x33\x31\x2e\x35\x31\x32\x36\x30\x34\x34\x35\x63\x30\x2d\x32\x30\
\x2e\x30\x38\x37\x34\x36\x36\x36\x37\x2d\x31\x36\x2e\x32\x38\x37\
\x32\x38\x38\x38\x39\x2d\x33\x36\x2e\x33\x38\x36\x31\x33\x33\x33\
\x33\x2d\x33\x36\x2e\x33\x38\x36\x31\x33\x33\x33\x33\x2d\x33\x36\
\x2e\x33\x38\x36\x31\x33\x33\x33\x34\x48\x31\x38\x32\x2e\x35\x30\
\x32\x39\x36\x38\x38\x39\x63\x2d\x33\x33\x2e\x34\x33\x35\x38\x37\
\x35\x35\x35\x20\x30\x2d\x36\x30\x2e\x36\x34\x32\x34\x31\x37\x37\
\x38\x2d\x32\x37\x2e\x31\x39\x32\x38\x38\x38\x38\x39\x2d\x36\x30\
\x2e\x36\x34\x32\x34\x31\x37\x37\x38\x2d\x36\x30\x2e\x36\x34\x31\
\x32\x38\x56\x33\x36\x33\x2e\x36\x30\x36\x34\x37\x31\x31\x31\x63\
\x30\x2d\x33\x33\x2e\x34\x34\x38\x33\x39\x31\x31\x31\x20\x32\x37\
\x2e\x32\x30\x36\x35\x34\x32\x32\x32\x2d\x36\x30\x2e\x36\x34\x33\
\x35\x35\x35\x35\x35\x20\x36\x30\x2e\x36\x34\x33\x35\x35\x35\x35\
\x36\x2d\x36\x30\x2e\x36\x34\x33\x35\x35\x35\x35\x36\x68\x33\x37\
\x38\x2e\x30\x30\x39\x36\x63\x32\x30\x2e\x30\x39\x38\x38\x34\x34\
\x34\x35\x20\x30\x20\x33\x36\x2e\x33\x38\x36\x31\x33\x33\x33\x33\
\x2d\x31\x36\x2e\x32\x39\x37\x35\x32\x38\x38\x39\x20\x33\x36\x2e\
\x33\x38\x36\x31\x33\x33\x33\x33\x2d\x33\x36\x2e\x33\x38\x34\x39\
\x39\x35\x35\x35\x73\x2d\x31\x36\x2e\x32\x38\x37\x32\x38\x38\x38\
\x39\x2d\x33\x36\x2e\x33\x38\x36\x31\x33\x33\x33\x33\x2d\x33\x36\
\x2e\x33\x38\x36\x31\x33\x33\x33\x33\x2d\x33\x36\x2e\x33\x38\x36\
\x31\x33\x33\x33\x33\x48\x31\x38\x32\x2e\x35\x30\x32\x39\x36\x38\
\x38\x39\x63\x2d\x37\x33\x2e\x35\x36\x34\x31\x36\x20\x30\x2d\x31\
\x33\x33\x2e\x34\x31\x33\x35\x34\x36\x36\x37\x20\x35\x39\x2e\x38\
\x36\x31\x39\x30\x32\x32\x32\x2d\x31\x33\x33\x2e\x34\x31\x33\x35\
\x34\x36\x36\x37\x20\x31\x33\x33\x2e\x34\x31\x35\x38\x32\x32\x32\
\x32\x76\x32\x37\x30\x2e\x38\x37\x38\x37\x32\x63\x30\x20\x37\x33\
\x2e\x35\x35\x32\x37\x38\x32\x32\x32\x20\x35\x39\x2e\x38\x34\x39\
\x33\x38\x36\x36\x37\x20\x31\x33\x33\x2e\x34\x31\x33\x35\x34\x36\
\x36\x37\x20\x31\x33\x33\x2e\x34\x31\x33\x35\x34\x36\x36\x37\x20\
\x31\x33\x33\x2e\x34\x31\x33\x35\x34\x36\x36\x36\x48\x35\x35\x38\
\x2e\x35\x30\x30\x39\x37\x37\x37\x38\x63\x32\x30\x2e\x30\x39\x38\
\x38\x34\x34\x34\x35\x2d\x30\x2e\x30\x30\x32\x32\x37\x35\x35\x35\
\x20\x33\x36\x2e\x33\x38\x36\x31\x33\x33\x33\x33\x2d\x31\x36\x2e\
\x32\x39\x38\x36\x36\x36\x36\x37\x20\x33\x36\x2e\x33\x38\x36\x31\
\x33\x33\x33\x33\x2d\x33\x36\x2e\x33\x38\x36\x31\x33\x33\x33\x33\
\x7a\x22\x20\x66\x69\x6c\x6c\x3d\x22\x23\x33\x33\x33\x33\x33\x33\
\x22\x20\x70\x2d\x69\x64\x3d\x22\x34\x38\x32\x35\x22\x3e\x3c\x2f\
\x70\x61\x74\x68\x3e\x3c\x70\x61\x74\x68\x20\x64\x3d\x22\x4d\x38\
\x35\x31\x2e\x35\x39\x39\x33\x36\x20\x39\x33\x36\x2e\x34\x39\x39\
\x32\x48\x37\x34\x32\x2e\x37\x31\x38\x35\x37\x37\x37\x38\x76\x2d\
\x38\x34\x38\x2e\x39\x39\x38\x34\x68\x31\x33\x33\x2e\x31\x33\x35\
\x39\x32\x38\x38\x39\x63\x32\x30\x2e\x30\x39\x39\x39\x38\x32\x32\
\x32\x20\x30\x20\x33\x36\x2e\x33\x38\x36\x31\x33\x33\x33\x33\x2d\
\x31\x36\x2e\x32\x39\x38\x36\x36\x36\x36\x37\x20\x33\x36\x2e\x33\
\x38\x36\x31\x33\x33\x33\x33\x2d\x33\x36\x2e\x33\x38\x36\x31\x33\
\x33\x33\x33\x73\x2d\x31\x36\x2e\x32\x38\x36\x31\x35\x31\x31\x31\
\x2d\x33\x36\x2e\x33\x38\x36\x31\x33\x33\x33\x33\x2d\x33\x36\x2e\
\x33\x38\x36\x31\x33\x33\x33\x33\x2d\x33\x36\x2e\x33\x38\x36\x31\
\x33\x33\x33\x34\x48\x35\x36\x30\x2e\x35\x31\x34\x38\x34\x34\x34\
\x35\x63\x2d\x32\x30\x2e\x30\x39\x38\x38\x34\x34\x34\x35\x20\x30\
\x2d\x33\x36\x2e\x33\x38\x36\x31\x33\x33\x33\x33\x20\x31\x36\x2e\
\x32\x39\x38\x36\x36\x36\x36\x37\x2d\x33\x36\x2e\x33\x38\x36\x31\
\x33\x33\x33\x34\x20\x33\x36\x2e\x33\x38\x36\x31\x33\x33\x33\x34\
\x73\x31\x36\x2e\x32\x38\x37\x32\x38\x38\x38\x39\x20\x33\x36\x2e\
\x33\x38\x36\x31\x33\x33\x33\x33\x20\x33\x36\x2e\x33\x38\x36\x31\
\x33\x33\x33\x34\x20\x33\x36\x2e\x33\x38\x36\x31\x33\x33\x33\x33\
\x68\x31\x30\x39\x2e\x34\x33\x36\x30\x31\x37\x37\x37\x76\x38\x34\
\x38\x2e\x39\x39\x38\x34\x48\x35\x33\x36\x2e\x32\x35\x37\x34\x32\
\x32\x32\x32\x63\x2d\x32\x30\x2e\x30\x39\x39\x39\x38\x32\x32\x32\
\x20\x30\x2d\x33\x36\x2e\x33\x38\x36\x31\x33\x33\x33\x33\x20\x31\
\x36\x2e\x32\x39\x37\x35\x32\x38\x38\x39\x2d\x33\x36\x2e\x33\x38\
\x36\x31\x33\x33\x33\x33\x20\x33\x36\x2e\x33\x38\x34\x39\x39\x35\
\x35\x35\x73\x31\x36\x2e\x32\x38\x36\x31\x35\x31\x31\x31\x20\x33\
\x36\x2e\x33\x38\x36\x31\x33\x33\x33\x33\x20\x33\x36\x2e\x33\x38\
\x36\x31\x33\x33\x33\x33\x20\x33\x36\x2e\x33\x38\x36\x31\x33\x33\
\x33\x34\x68\x33\x31\x35\x2e\x33\x34\x31\x39\x33\x37\x37\x38\x63\
\x32\x30\x2e\x30\x39\x38\x38\x34\x34\x34\x35\x20\x30\x20\x33\x36\
\x2e\x33\x38\x36\x31\x33\x33\x33\x33\x2d\x31\x36\x2e\x32\x39\x38\
\x36\x36\x36\x36\x37\x20\x33\x36\x2e\x33\x38\x36\x31\x33\x33\x33\
\x33\x2d\x33\x36\x2e\x33\x38\x36\x31\x33\x33\x33\x34\x73\x2d\x31\
\x36\x2e\x32\x38\x37\x32\x38\x38\x38\x39\x2d\x33\x36\x2e\x33\x38\
\x34\x39\x39\x35\x35\x35\x2d\x33\x36\x2e\x33\x38\x36\x31\x33\x33\
\x33\x33\x2d\x33\x36\x2e\x33\x38\x34\x39\x39\x35\x35\x35\x7a\x4d\
\x32\x32\x30\x2e\x39\x31\x34\x33\x34\x36\x36\x37\x20\x34\x37\x35\
\x2e\x36\x31\x33\x38\x36\x36\x36\x37\x63\x2d\x32\x30\x2e\x30\x39\
\x38\x38\x34\x34\x34\x35\x20\x30\x2d\x33\x36\x2e\x33\x38\x36\x31\
\x33\x33\x33\x33\x20\x31\x36\x2e\x32\x39\x38\x36\x36\x36\x36\x37\
\x2d\x33\x36\x2e\x33\x38\x36\x31\x33\x33\x33\x34\x20\x33\x36\x2e\
\x33\x38\x36\x31\x33\x33\x33\x33\x73\x31\x36\x2e\x32\x38\x37\x32\
\x38\x38\x38\x39\x20\x33\x36\x2e\x33\x38\x36\x31\x33\x33\x33\x33\
\x20\x33\x36\x2e\x33\x38\x36\x31\x33\x33\x33\x34\x20\x33\x36\x2e\
\x33\x38\x36\x31\x33\x33\x33\x33\x68\x32\x34\x32\x2e\x35\x37\x31\
\x39\x34\x36\x36\x36\x63\x32\x30\x2e\x30\x39\x38\x38\x34\x34\x34\
\x35\x20\x30\x20\x33\x36\x2e\x33\x38\x36\x31\x33\x33\x33\x33\x2d\
\x31\x36\x2e\x32\x39\x38\x36\x36\x36\x36\x37\x20\x33\x36\x2e\x33\
\x38\x36\x31\x33\x33\x33\x34\x2d\x33\x36\x2e\x33\x38\x36\x31\x33\
\x33\x33\x33\x73\x2d\x31\x36\x2e\x32\x38\x37\x32\x38\x38\x38\x39\
\x2d\x33\x36\x2e\x33\x38\x36\x31\x33\x33\x33\x33\x2d\x33\x36\x2e\
\x33\x38\x36\x31\x33\x33\x33\x34\x2d\x33\x36\x2e\x33\x38\x36\x31\
\x33\x33\x33\x33\x48\x32\x32\x30\x2e\x39\x31\x34\x33\x34\x36\x36\
\x37\x7a\x22\x20\x66\x69\x6c\x6c\x3d\x22\x23\x33\x33\x33\x33\x33\
\x33\x22\x20\x70\x2d\x69\x64\x3d\x22\x34\x38\x32\x36\x22\x3e\x3c\
\x2f\x70\x61\x74\x68\x3e\x3c\x2f\x73\x76\x67\x3e\
\x00\x00\x05\x3a\
\x3c\
\x3f\x78\x6d\x6c\x20\x76\x65\x72\x73\x69\x6f\x6e\x3d\x22\x31\x2e\
\x30\x22\x20\x73\x74\x61\x6e\x64\x61\x6c\x6f\x6e\x65\x3d\x22\x6e\
\x6f\x22\x3f\x3e\x3c\x21\x44\x4f\x43\x54\x59\x50\x45\x20\x73\x76\
\x67\x20\x50\x55\x42\x4c\x49\x43\x20\x22\x2d\x2f\x2f\x57\x33\x43\
\x2f\x2f\x44\x54\x44\x20\x53\x56\x47\x20\x31\x2e\x31\x2f\x2f\x45\
\x4e\x22\x20\x22\x68\x74\x74\x70\x3a\x2f\x2f\x77\x77\x77\x2e\x77\
\x33\x2e\x6f\x72\x67\x2f\x47\x72\x61\x70\x68\x69\x63\x73\x2f\x53\
\x56\x47\x2f\x31\x2e\x31\x2f\x44\x54\x44\x2f\x73\x76\x67\x31\x31\
\x2e\x64\x74\x64\x22\x3e\x3c\x73\x76\x67\x20\x74\x3d\x22\x31\x37\
\x37\x39\x31\x37\x35\x32\x36\x37\x34\x32\x32\x22\x20\x63\x6c\x61\
\x73\x73\x3d\x22\x69\x63\x6f\x6e\x22\x20\x76\x69\x65\x77\x42\x6f\
\x78\x3d\x22\x30\x20\x30\x20\x31\x30\x32\x34\x20\x31\x30\x32\x34\
\x22\x20\x76\x65\x72\x73\x69\x6f\x6e\x3d\x22\x31\x2e\x31\x22\x20\
\x78\x6d\x6c\x6e\x73\x3d\x22\x68\x74\x74\x70\x3a\x2f\x2f\x77\x77\
\x77\x2e\x77\x33\x2e\x6f\x72\x67\x2f\x32\x30\x30\x30\x2f\x73\x76\
\x67\x22\x20\x70\x2d\x69\x64\x3d\x22\x34\x37\x32\x36\x22\x20\x78\
\x6d\x6c\x6e\x73\x3a\x78\x6c\x69\x6e\x6b\x3d\x22\x68\x74\x74\x70\
\x3a\x2f\x2f\x77\x77\x77\x2e\x77\x33\x2e\x6f\x72\x67\x2f\x31\x39\
\x39\x39\x2f\x78\x6c\x69\x6e\x6b\x22\x20\x77\x69\x64\x74\x68\x3d\
\x22\x32\x30\x30\x22\x20\x68\x65\x69\x67\x68\x74\x3d\x22\x32\x30\
\x30\x22\x3e\x3c\x70\x61\x74\x68\x20\x64\x3d\x22\x4d\x35\x33\x33\
\x2e\x36\x20\x39\x36\x30\x41\x34\x33\x35\x2e\x35\x32\x20\x34\x33\
\x35\x2e\x35\x32\x20\x30\x20\x30\x20\x31\x20\x31\x31\x32\x20\x34\
\x31\x39\x2e\x33\x36\x20\x34\x33\x36\x2e\x39\x36\x20\x34\x33\x36\
\x2e\x39\x36\x20\x30\x20\x30\x20\x31\x20\x34\x31\x34\x2e\x35\x36\
\x20\x31\x30\x36\x2e\x38\x38\x61\x32\x32\x2e\x34\x20\x32\x32\x2e\
\x34\x20\x30\x20\x31\x20\x31\x20\x31\x31\x2e\x38\x34\x20\x34\x33\
\x2e\x32\x20\x33\x39\x32\x20\x33\x39\x32\x20\x30\x20\x30\x20\x30\
\x2d\x32\x37\x32\x20\x32\x37\x39\x2e\x36\x38\x41\x33\x39\x30\x2e\
\x32\x34\x20\x33\x39\x30\x2e\x32\x34\x20\x30\x20\x31\x20\x30\x20\
\x36\x32\x38\x2e\x38\x20\x31\x34\x37\x2e\x30\x34\x20\x32\x32\x2e\
\x32\x34\x20\x32\x32\x2e\x32\x34\x20\x30\x20\x31\x20\x31\x20\x36\
\x34\x30\x20\x31\x30\x34\x20\x34\x33\x34\x2e\x37\x32\x20\x34\x33\
\x34\x2e\x37\x32\x20\x30\x20\x30\x20\x31\x20\x35\x33\x33\x2e\x36\
\x20\x39\x36\x30\x7a\x20\x6d\x30\x20\x30\x22\x20\x66\x69\x6c\x6c\
\x3d\x22\x23\x33\x33\x33\x33\x33\x33\x22\x20\x70\x2d\x69\x64\x3d\
\x22\x34\x37\x32\x37\x22\x3e\x3c\x2f\x70\x61\x74\x68\x3e\x3c\x70\
\x61\x74\x68\x20\x64\x3d\x22\x4d\x35\x33\x32\x2e\x38\x20\x35\x34\
\x38\x2e\x31\x36\x61\x32\x31\x2e\x39\x32\x20\x32\x31\x2e\x39\x32\
\x20\x30\x20\x30\x20\x31\x2d\x32\x32\x2e\x32\x34\x2d\x32\x32\x2e\
\x32\x34\x56\x33\x32\x30\x61\x32\x32\x2e\x32\x34\x20\x32\x32\x2e\
\x32\x34\x20\x30\x20\x31\x20\x31\x20\x34\x34\x2e\x36\x34\x20\x30\
\x76\x32\x30\x35\x2e\x37\x36\x61\x32\x31\x2e\x39\x32\x20\x32\x31\
\x2e\x39\x32\x20\x30\x20\x30\x20\x31\x2d\x32\x32\x2e\x32\x34\x20\
\x32\x32\x2e\x32\x34\x7a\x20\x6d\x30\x20\x30\x22\x20\x66\x69\x6c\
\x6c\x3d\x22\x23\x33\x33\x33\x33\x33\x33\x22\x20\x70\x2d\x69\x64\
\x3d\x22\x34\x37\x32\x38\x22\x3e\x3c\x2f\x70\x61\x74\x68\x3e\x3c\
\x70\x61\x74\x68\x20\x64\x3d\x22\x4d\x35\x33\x34\x2e\x37\x32\x20\
\x37\x35\x34\x2e\x32\x34\x61\x32\x32\x38\x2e\x33\x32\x20\x32\x32\
\x38\x2e\x33\x32\x20\x30\x20\x30\x20\x31\x2d\x31\x32\x33\x2e\x35\
\x32\x2d\x34\x32\x30\x2e\x34\x38\x20\x32\x32\x2e\x30\x38\x20\x32\
\x32\x2e\x30\x38\x20\x30\x20\x30\x20\x31\x20\x32\x33\x2e\x38\x34\
\x20\x33\x37\x2e\x32\x38\x20\x31\x38\x33\x2e\x38\x34\x20\x31\x38\
\x33\x2e\x38\x34\x20\x30\x20\x31\x20\x30\x20\x32\x38\x33\x2e\x35\
\x32\x20\x31\x35\x34\x2e\x37\x32\x20\x31\x38\x35\x2e\x37\x36\x20\
\x31\x38\x35\x2e\x37\x36\x20\x30\x20\x30\x20\x30\x2d\x38\x34\x2d\
\x31\x35\x34\x2e\x37\x32\x20\x32\x32\x2e\x35\x36\x20\x32\x32\x2e\
\x35\x36\x20\x30\x20\x30\x20\x31\x20\x32\x34\x2e\x34\x38\x2d\x33\
\x37\x2e\x39\x32\x20\x32\x32\x38\x2e\x38\x20\x32\x32\x38\x2e\x38\
\x20\x30\x20\x30\x20\x31\x2d\x31\x32\x34\x2e\x33\x32\x20\x34\x32\
\x31\x2e\x31\x32\x7a\x20\x6d\x2d\x31\x34\x38\x2e\x38\x2d\x34\x35\
\x36\x2e\x31\x36\x61\x31\x32\x2e\x36\x34\x20\x31\x32\x2e\x36\x34\
\x20\x30\x20\x30\x20\x31\x2d\x35\x2e\x32\x38\x20\x30\x20\x32\x32\
\x2e\x32\x34\x20\x32\x32\x2e\x32\x34\x20\x30\x20\x30\x20\x31\x2d\
\x31\x36\x2d\x32\x36\x2e\x37\x32\x6c\x33\x36\x2e\x39\x36\x2d\x31\
\x34\x37\x2e\x33\x36\x61\x32\x32\x2e\x32\x34\x20\x32\x32\x2e\x32\
\x34\x20\x30\x20\x31\x20\x31\x20\x34\x33\x2e\x32\x20\x31\x30\x2e\
\x34\x6c\x2d\x33\x37\x2e\x31\x32\x20\x31\x34\x36\x2e\x35\x36\x61\
\x32\x32\x2e\x32\x34\x20\x32\x32\x2e\x32\x34\x20\x30\x20\x30\x20\
\x31\x2d\x32\x31\x2e\x36\x20\x31\x37\x2e\x31\x32\x7a\x20\x6d\x30\
\x20\x30\x22\x20\x66\x69\x6c\x6c\x3d\x22\x23\x33\x33\x33\x33\x33\
\x33\x22\x20\x70\x2d\x69\x64\x3d\x22\x34\x37\x32\x39\x22\x3e\x3c\
\x2f\x70\x61\x74\x68\x3e\x3c\x70\x61\x74\x68\x20\x64\x3d\x22\x4d\
\x34\x32\x30\x2e\x34\x38\x20\x31\x35\x31\x2e\x35\x32\x61\x31\x32\
\x2e\x36\x34\x20\x31\x32\x2e\x36\x34\x20\x30\x20\x30\x20\x31\x2d\
\x35\x2e\x32\x38\x20\x30\x4c\x32\x36\x38\x2e\x36\x34\x20\x31\x31\
\x33\x2e\x36\x61\x32\x32\x2e\x32\x34\x20\x32\x32\x2e\x32\x34\x20\
\x30\x20\x31\x20\x31\x20\x31\x30\x2e\x34\x2d\x34\x33\x2e\x32\x6c\
\x31\x34\x36\x2e\x35\x36\x20\x33\x37\x2e\x32\x38\x61\x32\x32\x2e\
\x32\x34\x20\x32\x32\x2e\x32\x34\x20\x30\x20\x30\x20\x31\x2d\x35\
\x2e\x32\x38\x20\x34\x33\x2e\x38\x34\x7a\x20\x6d\x30\x20\x30\x22\
\x20\x66\x69\x6c\x6c\x3d\x22\x23\x33\x33\x33\x33\x33\x33\x22\x20\
\x70\x2d\x69\x64\x3d\x22\x34\x37\x33\x30\x22\x3e\x3c\x2f\x70\x61\
\x74\x68\x3e\x3c\x2f\x73\x76\x67\x3e\
\x00\x00\x04\x23\
\x3c\
\x3f\x78\x6d\x6c\x20\x76\x65\x72\x73\x69\x6f\x6e\x3d\x22\x31\x2e\
\x30\x22\x20\x73\x74\x61\x6e\x64\x61\x6c\x6f\x6e\x65\x3d\x22\x6e\
\x6f\x22\x3f\x3e\x3c\x21\x44\x4f\x43\x54\x59\x50\x45\x20\x73\x76\
\x67\x20\x50\x55\x42\x4c\x49\x43\x20\x22\x2d\x2f\x2f\x57\x33\x43\
\x2f\x2f\x44\x54\x44\x20\x53\x56\x47\x20\x31\x2e\x31\x2f\x2f\x45\
\x4e\x22\x20\x22\x68\x74\x74\x70\x3a\x2f\x2f\x77\x77\x77\x2e\x77\
\x33\x2e\x6f\x72\x67\x2f\x47\x72\x61\x70\x68\x69\x63\x73\x2f\x53\
\x56\x47\x2f\x31\x2e\x31\x2f\x44\x54\x44\x2f\x73\x76\x67\x31\x31\
\x2e\x64\x74\x64\x22\x3e\x3c\x73\x76\x67\x20\x74\x3d\x22\x31\x37\
\x36\x31\x35\x37\x31\x37\x38\x31\x34\x32\x32\x22\x20\x63\x6c\x61\
\x73\x73\x3d\x22\x69\x63\x6f\x6e\x22\x20\x76\x69\x65\x77\x42\x6f\
\x78\x3d\x22\x30\x20\x30\x20\x31\x30\x32\x34\x20\x31\x30\x32\x34\
\x22\x20\x76\x65\x72\x73\x69\x6f\x6e\x3d\x22\x31\x2e\x31\x22\x20\
\x78\x6d\x6c\x6e\x73\x3d\x22\x68\x74\x74\x70\x3a\x2f\x2f\x77\x77\
\x77\x2e\x77\x33\x2e\x6f\x72\x67\x2f\x32\x30\x30\x30\x2f\x73\x76\
\x67\x22\x20\x70\x2d\x69\x64\x3d\x22\x39\x37\x36\x38\x22\x20\x78\
\x6d\x6c\x6e\x73\x3a\x78\x6c\x69\x6e\x6b\x3d\x22\x68\x74\x74\x70\
\x3a\x2f\x2f\x77\x77\x77\x2e\x77\x33\x2e\x6f\x72\x67\x2f\x31\x39\
\x39\x39\x2f\x78\x6c\x69\x6e\x6b\x22\x20\x77\x69\x64\x74\x68\x3d\
\x22\x32\x30\x30\x22\x20\x68\x65\x69\x67\x68\x74\x3d\x22\x32\x30\
\x30\x22\x3e\x3c\x70\x61\x74\x68\x20\x64\x3d\x22\x4d\x35\x34\x39\
\x2e\x39\x38\x20\x36\x32\x63\x31\x32\x31\x2e\x38\x31\x35\x20\x30\
\x20\x32\x32\x31\x2e\x34\x39\x20\x34\x30\x2e\x30\x35\x20\x32\x38\
\x38\x2e\x31\x38\x20\x31\x31\x35\x2e\x38\x37\x35\x20\x35\x38\x2e\
\x39\x35\x20\x36\x37\x2e\x30\x35\x20\x39\x30\x2e\x31\x38\x20\x31\
\x35\x38\x2e\x30\x34\x20\x39\x30\x2e\x31\x38\x20\x32\x36\x33\x2e\
\x32\x35\x61\x33\x37\x37\x2e\x31\x20\x33\x37\x37\x2e\x31\x20\x30\
\x20\x30\x20\x31\x2d\x36\x36\x2e\x35\x31\x20\x32\x31\x34\x2e\x33\
\x33\x35\x63\x2d\x33\x34\x2e\x36\x35\x20\x35\x30\x2e\x35\x33\x35\
\x2d\x35\x34\x2e\x32\x37\x20\x31\x30\x37\x2e\x32\x33\x35\x2d\x35\
\x37\x2e\x30\x36\x20\x31\x36\x34\x2e\x36\x35\x35\x6c\x2d\x30\x2e\
\x33\x36\x20\x31\x34\x2e\x34\x56\x39\x36\x32\x48\x33\x36\x36\x2e\
\x33\x33\x35\x76\x2d\x39\x32\x2e\x35\x32\x6c\x2d\x32\x38\x2e\x36\
\x32\x20\x32\x2e\x32\x30\x35\x61\x31\x35\x30\x2e\x32\x35\x35\x20\
\x31\x35\x30\x2e\x32\x35\x35\x20\x30\x20\x30\x20\x31\x2d\x31\x31\
\x35\x2e\x36\x35\x2d\x33\x39\x2e\x33\x33\x20\x31\x35\x35\x2e\x39\
\x37\x20\x31\x35\x35\x2e\x39\x37\x20\x30\x20\x30\x20\x31\x2d\x35\
\x30\x2e\x30\x34\x2d\x31\x30\x34\x2e\x37\x31\x35\x6c\x2d\x30\x2e\
\x33\x31\x35\x2d\x31\x30\x2e\x30\x38\x76\x2d\x38\x30\x2e\x35\x35\
\x6c\x2d\x35\x36\x2e\x32\x35\x2d\x32\x38\x2e\x32\x31\x35\x2d\x31\
\x2e\x37\x35\x35\x2d\x30\x2e\x32\x37\x2d\x31\x2e\x33\x35\x2d\x31\
\x2e\x33\x35\x61\x35\x36\x2e\x37\x39\x20\x35\x36\x2e\x37\x39\x20\
\x30\x20\x30\x20\x31\x2d\x32\x34\x2e\x30\x33\x2d\x36\x39\x2e\x33\
\x39\x6c\x32\x2e\x36\x35\x35\x2d\x35\x2e\x38\x35\x20\x38\x32\x2e\
\x30\x33\x35\x2d\x31\x34\x32\x2e\x39\x36\x35\x63\x31\x32\x2e\x33\
\x33\x2d\x39\x35\x2e\x32\x36\x35\x20\x34\x34\x2e\x38\x32\x2d\x31\
\x37\x31\x20\x39\x36\x2e\x37\x35\x2d\x32\x32\x35\x2e\x31\x38\x43\
\x33\x33\x34\x2e\x36\x31\x20\x39\x36\x2e\x32\x39\x20\x34\x32\x38\
\x2e\x38\x38\x35\x20\x36\x32\x20\x35\x34\x39\x2e\x39\x38\x20\x36\
\x32\x68\x30\x2e\x30\x34\x35\x7a\x20\x6d\x32\x2e\x34\x37\x35\x20\
\x31\x32\x38\x2e\x30\x37\x61\x37\x34\x2e\x34\x33\x20\x37\x34\x2e\
\x34\x33\x20\x30\x20\x30\x20\x30\x2d\x37\x30\x2e\x35\x36\x20\x39\
\x38\x2e\x31\x4c\x33\x39\x34\x2e\x33\x37\x20\x33\x36\x32\x2e\x35\
\x31\x61\x39\x39\x2e\x32\x37\x20\x39\x39\x2e\x32\x37\x20\x30\x20\
\x31\x20\x30\x20\x35\x32\x2e\x32\x39\x20\x31\x32\x30\x2e\x31\x35\
\x6c\x31\x37\x36\x2e\x34\x39\x20\x32\x34\x2e\x37\x30\x35\x61\x38\
\x36\x2e\x38\x35\x20\x38\x36\x2e\x38\x35\x20\x30\x20\x31\x20\x30\
\x20\x34\x2e\x35\x39\x2d\x34\x39\x2e\x35\x6c\x2d\x31\x37\x38\x2e\
\x32\x34\x35\x2d\x32\x34\x2e\x39\x37\x35\x61\x39\x38\x2e\x37\x37\
\x35\x20\x39\x38\x2e\x37\x37\x35\x20\x30\x20\x30\x20\x30\x2d\x31\
\x36\x2e\x34\x32\x35\x2d\x33\x38\x2e\x30\x37\x6c\x37\x39\x2e\x34\
\x32\x35\x2d\x36\x37\x2e\x35\x61\x37\x34\x2e\x34\x33\x20\x37\x34\
\x2e\x34\x33\x20\x30\x20\x31\x20\x30\x20\x33\x39\x2e\x39\x36\x2d\
\x31\x33\x37\x2e\x32\x39\x35\x7a\x22\x20\x66\x69\x6c\x6c\x3d\x22\
\x23\x33\x33\x33\x33\x33\x33\x22\x20\x70\x2d\x69\x64\x3d\x22\x39\
\x37\x36\x39\x22\x3e\x3c\x2f\x70\x61\x74\x68\x3e\x3c\x2f\x73\x76\
\x67\x3e\
\x00\x00\x03\xf1\
\x3c\
\x3f\x78\x6d\x6c\x20\x76\x65\x72\x73\x69\x6f\x6e\x3d\x22\x31\x2e\
\x30\x22\x20\x73\x74\x61\x6e\x64\x61\x6c\x6f\x6e\x65\x3d\x22\x6e\
\x6f\x22\x3f\x3e\x3c\x21\x44\x4f\x43\x54\x59\x50\x45\x20\x73\x76\
\x67\x20\x50\x55\x42\x4c\x49\x43\x20\x22\x2d\x2f\x2f\x57\x33\x43\
\x2f\x2f\x44\x54\x44\x20\x53\x56\x47\x20\x31\x2e\x31\x2f\x2f\x45\
\x4e\x22\x20\x22\x68\x74\x74\x70\x3a\x2f\x2f\x77\x77\x77\x2e\x77\
\x33\x2e\x6f\x72\x67\x2f\x47\x72\x61\x70\x68\x69\x63\x73\x2f\x53\
\x56\x47\x2f\x31\x2e\x31\x2f\x44\x54\x44\x2f\x73\x76\x67\x31\x31\
\x2e\x64\x74\x64\x22\x3e\x3c\x73\x76\x67\x20\x74\x3d\x22\x31\x37\
\x37\x32\x31\x36\x34\x39\x30\x30\x32\x35\x37\x22\x20\x63\x6c\x61\
\x73\x73\x3d\x22\x69\x63\x6f\x6e\x22\x20\x76\x69\x65\x77\x42\x6f\
\x78\x3d\x22\x30\x20\x30\x20\x31\x30\x32\x34\x20\x31\x30\x32\x34\
\x22\x20\x76\x65\x72\x73\x69\x6f\x6e\x3d\x22\x31\x2e\x31\x22\x20\
\x78\x6d\x6c\x6e\x73\x3d\x22\x68\x74\x74\x70\x3a\x2f\x2f\x77\x77\
\x77\x2e\x77\x33\x2e\x6f\x72\x67\x2f\x32\x30\x30\x30\x2f\x73\x76\
\x67\x22\x20\x70\x2d\x69\x64\x3d\x22\x31\x35\x36\x37\x37\x22\x20\
\x78\x6d\x6c\x6e\x73\x3a\x78\x6c\x69\x6e\x6b\x3d\x22\x68\x74\x74\
\x70\x3a\x2f\x2f\x77\x77\x77\x2e\x77\x33\x2e\x6f\x72\x67\x2f\x31\
\x39\x39\x39\x2f\x78\x6c\x69\x6e\x6b\x22\x20\x77\x69\x64\x74\x68\
\x3d\x22\x32\x30\x30\x22\x20\x68\x65\x69\x67\x68\x74\x3d\x22\x32\
\x30\x30\x22\x3e\x3c\x70\x61\x74\x68\x20\x64\x3d\x22\x4d\x30\x20\
\x30\x6d\x35\x31\x32\x20\x30\x6c\x30\x20\x30\x71\x35\x31\x32\x20\
\x30\x20\x35\x31\x32\x20\x35\x31\x32\x6c\x30\x20\x30\x71\x30\x20\
\x35\x31\x32\x2d\x35\x31\x32\x20\x35\x31\x32\x6c\x30\x20\x30\x71\
\x2d\x35\x31\x32\x20\x30\x2d\x35\x31\x32\x2d\x35\x31\x32\x6c\x30\
\x20\x30\x71\x30\x2d\x35\x31\x32\x20\x35\x31\x32\x2d\x35\x31\x32\
\x5a\x22\x20\x66\x69\x6c\x6c\x3d\x22\x23\x46\x35\x35\x30\x33\x36\
\x22\x20\x70\x2d\x69\x64\x3d\x22\x31\x35\x36\x37\x38\x22\x3e\x3c\
\x2f\x70\x61\x74\x68\x3e\x3c\x70\x61\x74\x68\x20\x64\x3d\x22\x4d\
\x35\x31\x38\x2e\x32\x32\x39\x33\x33\x33\x20\x32\x35\x36\x61\x31\
\x37\x35\x2e\x33\x31\x37\x33\x33\x33\x20\x31\x37\x35\x2e\x33\x31\
\x37\x33\x33\x33\x20\x30\x20\x30\x20\x30\x2d\x33\x2e\x32\x20\x33\
\x35\x30\x2e\x35\x39\x32\x48\x35\x37\x36\x56\x35\x34\x31\x2e\x30\
\x31\x33\x33\x33\x33\x68\x2d\x35\x37\x2e\x37\x32\x38\x61\x31\x30\
\x39\x2e\x35\x32\x35\x33\x33\x33\x20\x31\x30\x39\x2e\x35\x32\x35\
\x33\x33\x33\x20\x30\x20\x30\x20\x31\x2d\x31\x31\x30\x2e\x38\x30\
\x35\x33\x33\x33\x2d\x31\x30\x38\x2e\x33\x37\x33\x33\x33\x33\x20\
\x31\x30\x39\x2e\x35\x32\x35\x33\x33\x33\x20\x31\x30\x39\x2e\x35\
\x32\x35\x33\x33\x33\x20\x30\x20\x30\x20\x31\x20\x31\x30\x38\x2e\
\x33\x37\x33\x33\x33\x33\x2d\x31\x31\x30\x2e\x38\x30\x35\x33\x33\
\x33\x68\x32\x2e\x34\x33\x32\x61\x31\x30\x39\x2e\x38\x36\x36\x36\
\x36\x37\x20\x31\x30\x39\x2e\x38\x36\x36\x36\x36\x37\x20\x30\x20\
\x30\x20\x31\x20\x31\x30\x39\x2e\x38\x32\x34\x20\x31\x30\x39\x2e\
\x35\x36\x38\x76\x31\x36\x31\x2e\x34\x35\x30\x36\x36\x36\x61\x31\
\x31\x30\x2e\x31\x36\x35\x33\x33\x33\x20\x31\x31\x30\x2e\x31\x36\
\x35\x33\x33\x33\x20\x30\x20\x30\x20\x31\x2d\x31\x30\x38\x2e\x38\
\x34\x32\x36\x36\x37\x20\x31\x30\x39\x2e\x35\x36\x38\x20\x31\x30\
\x37\x2e\x30\x39\x33\x33\x33\x33\x20\x31\x30\x37\x2e\x30\x39\x33\
\x33\x33\x33\x20\x30\x20\x30\x20\x31\x2d\x37\x36\x2e\x31\x36\x2d\
\x33\x32\x2e\x32\x31\x33\x33\x33\x33\x6c\x2d\x34\x36\x2e\x34\x32\
\x31\x33\x33\x33\x20\x34\x36\x2e\x34\x36\x34\x41\x31\x37\x33\x2e\
\x39\x39\x34\x36\x36\x37\x20\x31\x37\x33\x2e\x39\x39\x34\x36\x36\
\x37\x20\x30\x20\x30\x20\x30\x20\x35\x31\x38\x2e\x32\x32\x39\x33\
\x33\x33\x20\x37\x36\x38\x68\x32\x2e\x34\x37\x34\x36\x36\x37\x61\
\x31\x37\x35\x2e\x34\x34\x35\x33\x33\x33\x20\x31\x37\x35\x2e\x34\
\x34\x35\x33\x33\x33\x20\x30\x20\x30\x20\x30\x20\x31\x37\x32\x2e\
\x39\x32\x38\x2d\x31\x37\x34\x2e\x34\x32\x31\x33\x33\x33\x76\x2d\
\x31\x36\x36\x2e\x35\x37\x30\x36\x36\x37\x41\x31\x37\x35\x2e\x33\
\x36\x20\x31\x37\x35\x2e\x33\x36\x20\x30\x20\x30\x20\x30\x20\x35\
\x31\x38\x2e\x34\x38\x35\x33\x33\x33\x20\x32\x35\x36\x68\x2d\x30\
\x2e\x32\x35\x36\x7a\x22\x20\x66\x69\x6c\x6c\x3d\x22\x23\x33\x33\
\x33\x33\x33\x33\x22\x20\x70\x2d\x69\x64\x3d\x22\x31\x35\x36\x37\
\x39\x22\x3e\x3c\x2f\x70\x61\x74\x68\x3e\x3c\x2f\x73\x76\x67\x3e\
\
\x00\x00\x0d\x5f\
\x3c\
\x3f\x78\x6d\x6c\x20\x76\x65\x72\x73\x69\x6f\x6e\x3d\x22\x31\x2e\
\x30\x22\x20\x73\x74\x61\x6e\x64\x61\x6c\x6f\x6e\x65\x3d\x22\x6e\
\x6f\x22\x3f\x3e\x3c\x21\x44\x4f\x43\x54\x59\x50\x45\x20\x73\x76\
\x67\x20\x50\x55\x42\x4c\x49\x43\x20\x22\x2d\x2f\x2f\x57\x33\x43\
\x2f\x2f\x44\x54\x44\x20\x53\x56\x47\x20\x31\x2e\x31\x2f\x2f\x45\
\x4e\x22\x20\x22\x68\x74\x74\x70\x3a\x2f\x2f\x77\x77\x77\x2e\x77\
\x33\x2e\x6f\x72\x67\x2f\x47\x72\x61\x70\x68\x69\x63\x73\x2f\x53\
\x56\x47\x2f\x31\x2e\x31\x2f\x44\x54\x44\x2f\x73\x76\x67\x31\x31\
\x2e\x64\x74\x64\x22\x3e\x3c\x73\x76\x67\x20\x74\x3d\x22\x31\x37\
\x37\x32\x30\x34\x32\x31\x34\x34\x36\x32\x31\x22\x20\x63\x6c\x61\
\x73\x73\x3d\x22\x69\x63\x6f\x6e\x22\x20\x76\x69\x65\x77\x42\x6f\
\x78\x3d\x22\x30\x20\x30\x20\x31\x30\x32\x34\x20\x31\x30\x32\x34\
\x22\x20\x76\x65\x72\x73\x69\x6f\x6e\x3d\x22\x31\x2e\x31\x22\x20\
\x78\x6d\x6c\x6e\x73\x3d\x22\x68\x74\x74\x70\x3a\x2f\x2f\x77\x77\
\x77\x2e\x77\x33\x2e\x6f\x72\x67\x2f\x32\x30\x30\x30\x2f\x73\x76\
\x67\x22\x20\x70\x2d\x69\x64\x3d\x22\x36\x32\x36\x38\x22\x20\x78\
\x6d\x6c\x6e\x73\x3a\x78\x6c\x69\x6e\x6b\x3d\x22\x68\x74\x74\x70\
\x3a\x2f\x2f\x77\x77\x77\x2e\x77\x33\x2e\x6f\x72\x67\x2f\x31\x39\
\x39\x39\x2f\x78\x6c\x69\x6e\x6b\x22\x20\x77\x69\x64\x74\x68\x3d\
\x22\x32\x30\x30\x22\x20\x68\x65\x69\x67\x68\x74\x3d\x22\x32\x30\
\x30\x22\x3e\x3c\x70\x61\x74\x68\x20\x64\x3d\x22\x4d\x35\x35\x37\
\x2e\x34\x34\x20\x35\x37\x2e\x36\x63\x31\x33\x32\x2e\x37\x33\x36\
\x20\x30\x20\x32\x33\x39\x2e\x33\x36\x20\x34\x39\x2e\x36\x20\x33\
\x31\x36\x2e\x35\x34\x34\x20\x31\x34\x37\x2e\x37\x31\x32\x20\x33\
\x30\x2e\x37\x38\x34\x20\x33\x39\x2e\x30\x34\x20\x35\x34\x2e\x33\
\x33\x36\x20\x38\x33\x2e\x32\x36\x34\x20\x37\x30\x2e\x34\x36\x34\
\x20\x31\x33\x32\x2e\x33\x35\x32\x20\x31\x32\x2e\x31\x36\x20\x33\
\x36\x2e\x39\x32\x38\x20\x31\x39\x2e\x33\x32\x38\x20\x37\x33\x2e\
\x34\x37\x32\x20\x32\x31\x2e\x33\x31\x32\x20\x31\x30\x39\x2e\x35\
\x36\x38\x6c\x30\x2e\x36\x34\x20\x32\x31\x2e\x36\x33\x32\x68\x2d\
\x37\x36\x2e\x38\x63\x30\x2d\x33\x34\x2e\x37\x35\x32\x2d\x36\x2e\
\x30\x31\x36\x2d\x37\x30\x2e\x34\x2d\x31\x38\x2e\x31\x31\x32\x2d\
\x31\x30\x37\x2e\x31\x33\x36\x61\x33\x35\x32\x20\x33\x35\x32\x20\
\x30\x20\x30\x20\x30\x2d\x35\x37\x2e\x38\x35\x36\x2d\x31\x30\x38\
\x2e\x39\x32\x38\x63\x2d\x36\x32\x2e\x32\x37\x32\x2d\x37\x39\x2e\
\x32\x33\x32\x2d\x31\x34\x36\x2e\x35\x36\x2d\x31\x31\x38\x2e\x34\
\x2d\x32\x35\x36\x2e\x31\x32\x38\x2d\x31\x31\x38\x2e\x34\x2d\x31\
\x35\x31\x2e\x39\x33\x36\x20\x30\x2d\x32\x33\x39\x2e\x31\x30\x34\
\x20\x35\x39\x2e\x39\x30\x34\x2d\x32\x37\x31\x2e\x33\x36\x20\x31\
\x38\x34\x2e\x33\x32\x6c\x2d\x33\x2e\x32\x20\x31\x33\x2e\x36\x33\
\x32\x2d\x33\x2e\x38\x34\x20\x31\x37\x2e\x36\x36\x34\x2d\x32\x39\
\x2e\x31\x38\x34\x20\x31\x35\x2e\x30\x34\x2d\x33\x35\x2e\x34\x35\
\x36\x20\x31\x38\x2e\x38\x31\x36\x2d\x33\x37\x2e\x38\x32\x34\x20\
\x32\x31\x2e\x30\x35\x36\x2d\x31\x34\x2e\x35\x39\x32\x20\x38\x2e\
\x35\x37\x36\x2d\x31\x36\x2e\x31\x39\x32\x20\x31\x30\x2e\x31\x37\
\x36\x2d\x36\x2e\x37\x38\x34\x20\x34\x2e\x38\x61\x32\x31\x2e\x34\
\x34\x20\x32\x31\x2e\x34\x34\x20\x30\x20\x30\x20\x30\x2d\x33\x2e\
\x34\x35\x36\x20\x33\x2e\x31\x33\x36\x63\x2d\x31\x2e\x30\x38\x38\
\x20\x31\x2e\x32\x38\x2d\x31\x2e\x34\x30\x38\x20\x31\x2e\x34\x30\
\x38\x2d\x31\x2e\x31\x35\x32\x20\x32\x2e\x30\x34\x38\x6c\x30\x2e\
\x36\x34\x20\x31\x2e\x35\x33\x36\x61\x31\x31\x2e\x37\x31\x32\x20\
\x31\x31\x2e\x37\x31\x32\x20\x30\x20\x30\x20\x30\x20\x33\x2e\x37\
\x31\x32\x20\x34\x2e\x30\x39\x36\x6c\x37\x2e\x33\x36\x20\x34\x2e\
\x39\x32\x38\x20\x38\x2e\x38\x39\x36\x20\x35\x2e\x31\x32\x63\x31\
\x33\x2e\x38\x32\x34\x20\x37\x2e\x36\x38\x20\x32\x33\x2e\x37\x34\
\x34\x20\x31\x34\x2e\x30\x31\x36\x20\x33\x31\x2e\x31\x30\x34\x20\
\x32\x30\x2e\x32\x38\x38\x6c\x34\x2e\x39\x39\x32\x20\x34\x2e\x37\
\x33\x36\x20\x31\x37\x2e\x32\x31\x36\x20\x31\x38\x2e\x30\x34\x38\
\x2d\x31\x31\x2e\x35\x38\x34\x20\x32\x38\x2e\x30\x33\x32\x2d\x39\
\x2e\x35\x33\x36\x20\x32\x30\x2e\x37\x33\x36\x2d\x34\x2e\x32\x32\
\x34\x20\x38\x2e\x39\x36\x63\x2d\x34\x2e\x30\x39\x36\x20\x38\x2e\
\x35\x37\x36\x2d\x37\x2e\x38\x30\x38\x20\x31\x36\x2e\x35\x37\x36\
\x2d\x31\x31\x2e\x32\x20\x32\x34\x2e\x30\x36\x34\x6c\x2d\x38\x2e\
\x39\x36\x20\x32\x30\x2e\x37\x33\x36\x2d\x36\x2e\x36\x35\x36\x20\
\x31\x37\x2e\x34\x37\x32\x61\x31\x39\x32\x2e\x37\x36\x38\x20\x31\
\x39\x32\x2e\x37\x36\x38\x20\x30\x20\x30\x20\x30\x2d\x34\x2e\x34\
\x31\x36\x20\x31\x34\x2e\x30\x31\x36\x63\x2d\x38\x2e\x30\x36\x34\
\x20\x33\x30\x2e\x32\x30\x38\x2d\x35\x2e\x36\x39\x36\x20\x35\x31\
\x2e\x35\x32\x20\x35\x2e\x32\x34\x38\x20\x36\x36\x2e\x38\x31\x36\
\x20\x37\x2e\x33\x36\x20\x31\x30\x2e\x33\x36\x38\x20\x31\x38\x2e\
\x35\x36\x20\x31\x37\x2e\x39\x38\x34\x20\x33\x34\x2e\x38\x31\x36\
\x20\x32\x33\x2e\x31\x36\x38\x20\x33\x2e\x30\x30\x38\x20\x30\x2e\
\x39\x36\x20\x36\x2e\x38\x34\x38\x20\x31\x2e\x39\x32\x20\x31\x31\
\x2e\x33\x39\x32\x20\x32\x2e\x39\x34\x34\x6c\x31\x36\x20\x33\x2e\
\x30\x30\x38\x20\x32\x30\x2e\x35\x34\x34\x20\x33\x2e\x30\x30\x38\
\x63\x34\x34\x2e\x36\x30\x38\x20\x35\x2e\x38\x32\x34\x20\x37\x35\
\x2e\x35\x32\x20\x31\x35\x2e\x30\x34\x20\x39\x35\x2e\x31\x36\x38\
\x20\x33\x30\x2e\x37\x32\x20\x33\x37\x2e\x38\x38\x38\x20\x33\x30\
\x2e\x30\x38\x20\x36\x35\x2e\x36\x20\x37\x35\x2e\x36\x34\x38\x20\
\x38\x33\x2e\x33\x39\x32\x20\x31\x33\x33\x2e\x38\x32\x34\x6c\x2d\
\x30\x2e\x32\x35\x36\x2d\x30\x2e\x32\x35\x36\x20\x32\x32\x2e\x30\
\x38\x20\x37\x33\x2e\x34\x30\x38\x63\x2d\x33\x38\x2e\x39\x31\x32\
\x20\x31\x31\x2e\x39\x30\x34\x2d\x38\x30\x2e\x32\x35\x36\x2d\x38\
\x2e\x38\x33\x32\x2d\x39\x34\x2e\x36\x35\x36\x2d\x34\x38\x2e\x38\
\x39\x36\x2d\x31\x34\x2e\x30\x38\x2d\x34\x36\x2e\x30\x38\x2d\x33\
\x33\x2e\x38\x35\x36\x2d\x37\x38\x2e\x34\x36\x34\x2d\x35\x38\x2e\
\x33\x36\x38\x2d\x39\x37\x2e\x39\x38\x34\x2d\x35\x2e\x31\x32\x2d\
\x34\x2e\x30\x39\x36\x2d\x32\x31\x2e\x33\x37\x36\x2d\x39\x2e\x32\
\x31\x36\x2d\x34\x37\x2e\x31\x36\x38\x2d\x31\x33\x2e\x31\x38\x34\
\x6c\x2d\x31\x30\x2e\x31\x31\x32\x2d\x31\x2e\x34\x37\x32\x63\x2d\
\x32\x36\x2e\x38\x38\x2d\x33\x2e\x35\x32\x2d\x34\x37\x2e\x31\x30\
\x34\x2d\x37\x2e\x33\x36\x2d\x36\x31\x2e\x33\x31\x32\x2d\x31\x31\
\x2e\x39\x36\x38\x2d\x33\x31\x2e\x33\x36\x2d\x39\x2e\x39\x32\x2d\
\x35\x36\x2e\x34\x34\x38\x2d\x32\x37\x2e\x31\x33\x36\x2d\x37\x33\
\x2e\x39\x38\x34\x2d\x35\x31\x2e\x35\x38\x34\x2d\x32\x35\x2e\x36\
\x2d\x33\x35\x2e\x38\x34\x2d\x33\x30\x2e\x35\x39\x32\x2d\x38\x30\
\x2e\x36\x34\x2d\x31\x36\x2e\x39\x36\x2d\x31\x33\x31\x2e\x34\x35\
\x36\x20\x32\x2e\x39\x34\x34\x2d\x31\x30\x2e\x39\x34\x34\x20\x37\
\x2e\x34\x32\x34\x2d\x32\x33\x2e\x38\x30\x38\x20\x31\x33\x2e\x34\
\x34\x2d\x33\x38\x2e\x37\x32\x6c\x31\x30\x2e\x31\x37\x36\x2d\x32\
\x33\x2e\x38\x37\x32\x20\x31\x33\x2e\x35\x36\x38\x2d\x32\x39\x2e\
\x32\x34\x38\x2d\x35\x2e\x36\x33\x32\x2d\x33\x2e\x31\x33\x36\x2d\
\x39\x2e\x34\x37\x32\x2d\x35\x2e\x38\x38\x38\x61\x31\x34\x33\x2e\
\x36\x38\x20\x31\x34\x33\x2e\x36\x38\x20\x30\x20\x30\x20\x31\x2d\
\x34\x2e\x30\x33\x32\x2d\x32\x2e\x37\x35\x32\x6c\x2d\x35\x2e\x31\
\x38\x34\x2d\x33\x2e\x38\x34\x61\x38\x37\x2e\x32\x33\x32\x20\x38\
\x37\x2e\x32\x33\x32\x20\x30\x20\x30\x20\x31\x2d\x32\x35\x2e\x38\
\x35\x36\x2d\x33\x33\x2e\x34\x37\x32\x20\x37\x37\x2e\x34\x34\x20\
\x37\x37\x2e\x34\x34\x20\x30\x20\x30\x20\x31\x20\x32\x31\x2e\x36\
\x33\x32\x2d\x39\x32\x2e\x35\x34\x34\x6c\x31\x30\x2e\x38\x38\x2d\
\x38\x2e\x35\x31\x32\x63\x34\x2e\x30\x39\x36\x2d\x33\x2e\x30\x30\
\x38\x20\x38\x2e\x37\x30\x34\x2d\x36\x2e\x31\x34\x34\x20\x31\x33\
\x2e\x38\x32\x34\x2d\x39\x2e\x34\x37\x32\x6c\x31\x36\x2e\x38\x33\
\x32\x2d\x31\x30\x2e\x35\x36\x20\x31\x39\x2e\x39\x36\x38\x2d\x31\
\x31\x2e\x36\x34\x38\x20\x32\x33\x2e\x32\x39\x36\x2d\x31\x32\x2e\
\x39\x32\x38\x20\x34\x31\x2e\x31\x35\x32\x2d\x32\x31\x2e\x39\x35\
\x32\x20\x33\x2e\x36\x34\x38\x2d\x31\x33\x2e\x30\x35\x36\x43\x32\
\x35\x39\x2e\x30\x37\x32\x20\x31\x33\x39\x2e\x37\x37\x36\x20\x33\
\x36\x39\x2e\x37\x32\x38\x20\x36\x32\x2e\x38\x34\x38\x20\x35\x33\
\x39\x2e\x37\x31\x32\x20\x35\x37\x2e\x38\x35\x36\x4c\x35\x35\x37\
\x2e\x34\x34\x20\x35\x37\x2e\x36\x7a\x4d\x37\x33\x36\x20\x35\x31\
\x32\x61\x32\x32\x34\x20\x32\x32\x34\x20\x30\x20\x31\x20\x31\x20\
\x30\x20\x34\x34\x38\x20\x32\x32\x34\x20\x32\x32\x34\x20\x30\x20\
\x30\x20\x31\x20\x30\x2d\x34\x34\x38\x7a\x20\x6d\x30\x20\x37\x36\
\x2e\x38\x61\x31\x34\x37\x2e\x32\x20\x31\x34\x37\x2e\x32\x20\x30\
\x20\x31\x20\x30\x20\x30\x20\x32\x39\x34\x2e\x34\x20\x31\x34\x37\
\x2e\x32\x20\x31\x34\x37\x2e\x32\x20\x30\x20\x30\x20\x30\x20\x30\
\x2d\x32\x39\x34\x2e\x34\x7a\x20\x6d\x33\x38\x2e\x34\x20\x34\x36\
\x2e\x39\x37\x36\x76\x38\x34\x2e\x36\x37\x32\x6c\x36\x34\x20\x36\
\x34\x2d\x35\x34\x2e\x34\x20\x35\x34\x2e\x32\x37\x32\x2d\x38\x36\
\x2e\x34\x2d\x38\x36\x2e\x34\x56\x36\x33\x35\x2e\x37\x31\x32\x68\
\x37\x36\x2e\x38\x7a\x4d\x35\x32\x35\x2e\x38\x32\x34\x20\x32\x31\
\x38\x2e\x30\x34\x38\x63\x32\x30\x2e\x37\x33\x36\x2d\x31\x2e\x34\
\x37\x32\x20\x33\x39\x2e\x32\x39\x36\x20\x30\x2e\x35\x31\x32\x20\
\x35\x35\x2e\x35\x35\x32\x20\x36\x2e\x34\x6c\x37\x2e\x34\x32\x34\
\x20\x33\x2e\x31\x33\x36\x20\x38\x2e\x36\x34\x20\x30\x2e\x32\x35\
\x36\x63\x31\x31\x2e\x32\x20\x30\x2e\x35\x31\x32\x20\x32\x31\x2e\
\x37\x36\x20\x31\x2e\x36\x20\x33\x31\x2e\x39\x33\x36\x20\x33\x2e\
\x32\x6c\x31\x34\x2e\x37\x32\x20\x32\x2e\x38\x38\x63\x31\x37\x2e\
\x39\x38\x34\x20\x34\x2e\x30\x33\x32\x20\x33\x33\x2e\x30\x38\x38\
\x20\x39\x2e\x38\x35\x36\x20\x34\x34\x2e\x38\x20\x31\x38\x2e\x32\
\x34\x6c\x35\x2e\x35\x36\x38\x20\x34\x2e\x34\x31\x36\x20\x34\x2e\
\x39\x32\x38\x20\x30\x2e\x33\x32\x63\x32\x36\x2e\x33\x30\x34\x20\
\x32\x2e\x36\x38\x38\x20\x34\x39\x2e\x30\x32\x34\x20\x31\x36\x2e\
\x30\x36\x34\x20\x36\x36\x2e\x38\x31\x36\x20\x33\x38\x2e\x33\x33\
\x36\x6c\x36\x2e\x34\x36\x34\x20\x38\x2e\x37\x30\x34\x63\x31\x37\
\x2e\x34\x37\x32\x20\x32\x35\x2e\x37\x39\x32\x20\x32\x34\x2e\x31\
\x32\x38\x20\x35\x34\x2e\x35\x32\x38\x20\x31\x39\x2e\x32\x20\x38\
\x34\x2e\x31\x36\x2d\x35\x2e\x38\x38\x38\x20\x33\x35\x2e\x33\x39\
\x32\x2d\x33\x30\x2e\x34\x20\x35\x39\x2e\x38\x34\x2d\x36\x37\x2e\
\x32\x20\x37\x30\x2e\x36\x35\x36\x61\x31\x34\x38\x2e\x34\x38\x20\
\x31\x34\x38\x2e\x34\x38\x20\x30\x20\x30\x20\x31\x2d\x33\x36\x2e\
\x34\x38\x20\x35\x2e\x36\x33\x32\x68\x2d\x31\x32\x2e\x33\x35\x32\
\x6c\x2d\x33\x2e\x33\x32\x38\x20\x32\x2e\x31\x37\x36\x63\x2d\x31\
\x36\x2e\x31\x32\x38\x20\x39\x2e\x33\x34\x34\x2d\x33\x35\x2e\x38\
\x34\x20\x31\x35\x2e\x31\x36\x38\x2d\x35\x38\x2e\x38\x38\x20\x31\
\x38\x2e\x30\x34\x38\x6c\x2d\x31\x34\x2e\x32\x37\x32\x20\x31\x2e\
\x33\x34\x34\x63\x2d\x34\x32\x2e\x31\x31\x32\x20\x32\x2e\x39\x34\
\x34\x2d\x37\x35\x2e\x39\x36\x38\x2d\x39\x2e\x33\x34\x34\x2d\x39\
\x36\x2d\x33\x39\x2e\x33\x36\x61\x37\x36\x2e\x38\x20\x37\x36\x2e\
\x38\x20\x30\x20\x30\x20\x31\x2d\x38\x2e\x30\x36\x34\x2d\x31\x35\
\x2e\x36\x38\x6c\x2d\x30\x2e\x36\x34\x2d\x31\x2e\x39\x38\x34\x2d\
\x31\x33\x2e\x37\x36\x2d\x33\x2e\x37\x31\x32\x61\x31\x37\x38\x2e\
\x38\x38\x20\x31\x37\x38\x2e\x38\x38\x20\x30\x20\x30\x20\x31\x2d\
\x33\x33\x2e\x37\x39\x32\x2d\x31\x34\x2e\x30\x31\x36\x6c\x2d\x39\
\x2e\x35\x33\x36\x2d\x35\x2e\x37\x36\x63\x2d\x34\x30\x2e\x35\x31\
\x32\x2d\x32\x36\x2e\x38\x38\x2d\x35\x30\x2e\x35\x36\x2d\x37\x31\
\x2e\x31\x36\x38\x2d\x33\x31\x2e\x33\x36\x2d\x31\x32\x31\x2e\x37\
\x32\x38\x6c\x30\x2e\x37\x30\x34\x2d\x31\x2e\x36\x63\x31\x36\x2e\
\x30\x36\x34\x2d\x33\x36\x2e\x32\x32\x34\x20\x35\x33\x2e\x31\x32\
\x2d\x35\x35\x2e\x38\x30\x38\x20\x31\x30\x36\x2e\x32\x34\x2d\x36\
\x32\x2e\x37\x32\x7a\x20\x6d\x33\x32\x2e\x34\x34\x38\x20\x38\x30\
\x2e\x31\x32\x38\x63\x2d\x35\x2e\x33\x37\x36\x2d\x33\x2e\x34\x35\
\x36\x2d\x31\x36\x2e\x38\x39\x36\x2d\x35\x2e\x30\x35\x36\x2d\x33\
\x35\x2e\x31\x33\x36\x2d\x32\x2e\x36\x38\x38\x2d\x32\x39\x2e\x33\
\x37\x36\x20\x33\x2e\x38\x34\x2d\x34\x33\x2e\x30\x37\x32\x20\x31\
\x31\x2e\x31\x33\x36\x2d\x34\x35\x2e\x36\x33\x32\x20\x31\x36\x2e\
\x38\x33\x32\x6c\x2d\x32\x2e\x31\x31\x32\x20\x36\x2e\x30\x31\x36\
\x63\x2d\x34\x2e\x32\x38\x38\x20\x31\x33\x2e\x34\x34\x2d\x32\x2e\
\x33\x36\x38\x20\x31\x38\x2e\x34\x33\x32\x20\x34\x2e\x36\x37\x32\
\x20\x32\x33\x2e\x31\x36\x38\x20\x31\x30\x2e\x37\x35\x32\x20\x37\
\x2e\x31\x30\x34\x20\x32\x38\x2e\x38\x36\x34\x20\x31\x33\x2e\x31\
\x32\x20\x35\x34\x2e\x32\x30\x38\x20\x31\x37\x2e\x30\x38\x38\x6c\
\x33\x33\x2e\x39\x32\x20\x35\x2e\x33\x31\x32\x2d\x31\x2e\x34\x37\
\x32\x20\x33\x34\x2e\x33\x30\x34\x63\x2d\x30\x2e\x31\x32\x38\x20\
\x33\x2e\x38\x34\x20\x30\x2e\x31\x39\x32\x20\x35\x2e\x33\x37\x36\
\x20\x30\x2e\x34\x34\x38\x20\x35\x2e\x37\x36\x20\x32\x2e\x37\x35\
\x32\x20\x34\x2e\x30\x33\x32\x20\x39\x2e\x37\x39\x32\x20\x36\x2e\
\x35\x39\x32\x20\x32\x36\x2e\x38\x38\x20\x35\x2e\x33\x37\x36\x20\
\x32\x33\x2e\x32\x39\x36\x2d\x31\x2e\x36\x20\x33\x37\x2e\x38\x38\
\x38\x2d\x36\x2e\x34\x20\x34\x34\x2e\x33\x35\x32\x2d\x31\x32\x2e\
\x33\x35\x32\x6c\x31\x32\x2e\x35\x34\x34\x2d\x31\x31\x2e\x33\x39\
\x32\x20\x31\x36\x2e\x38\x33\x32\x20\x31\x2e\x34\x37\x32\x63\x31\
\x34\x2e\x37\x32\x20\x31\x2e\x33\x34\x34\x20\x32\x36\x2e\x34\x39\
\x36\x20\x30\x2e\x35\x31\x32\x20\x33\x35\x2e\x32\x2d\x32\x2e\x30\
\x34\x38\x20\x31\x30\x2e\x31\x37\x36\x2d\x32\x2e\x39\x34\x34\x20\
\x31\x32\x2e\x33\x35\x32\x2d\x35\x2e\x31\x32\x20\x31\x33\x2e\x31\
\x32\x2d\x39\x2e\x35\x33\x36\x61\x33\x37\x2e\x31\x32\x20\x33\x37\
\x2e\x31\x32\x20\x30\x20\x30\x20\x30\x2d\x37\x2e\x30\x34\x2d\x32\
\x38\x2e\x34\x38\x63\x2d\x37\x2e\x30\x34\x2d\x31\x30\x2e\x34\x33\
\x32\x2d\x31\x32\x2e\x38\x2d\x31\x33\x2e\x38\x32\x34\x2d\x31\x39\
\x2e\x37\x31\x32\x2d\x31\x33\x2e\x38\x32\x34\x2d\x36\x2e\x34\x36\
\x34\x20\x30\x2d\x31\x32\x2e\x33\x35\x32\x2d\x30\x2e\x32\x35\x36\
\x2d\x31\x37\x2e\x36\x2d\x30\x2e\x38\x33\x32\x6c\x2d\x32\x31\x2e\
\x31\x38\x34\x2d\x32\x2e\x33\x36\x38\x2d\x39\x2e\x32\x31\x36\x2d\
\x31\x39\x2e\x32\x20\x30\x2e\x32\x35\x36\x20\x30\x2e\x38\x39\x36\
\x63\x30\x20\x30\x2e\x34\x34\x38\x2d\x30\x2e\x35\x37\x36\x20\x30\
\x2e\x35\x31\x32\x2d\x31\x2e\x36\x20\x30\x2e\x33\x38\x34\x4c\x36\
\x32\x37\x2e\x32\x20\x33\x30\x38\x2e\x38\x61\x32\x31\x33\x2e\x33\
\x37\x36\x20\x32\x31\x33\x2e\x33\x37\x36\x20\x30\x20\x30\x20\x30\
\x2d\x34\x36\x2e\x37\x32\x2d\x34\x2e\x36\x30\x38\x48\x35\x36\x37\
\x2e\x36\x38\x7a\x22\x20\x70\x2d\x69\x64\x3d\x22\x36\x32\x36\x39\
\x22\x20\x66\x69\x6c\x6c\x3d\x22\x23\x33\x33\x33\x33\x33\x33\x22\
\x3e\x3c\x2f\x70\x61\x74\x68\x3e\x3c\x2f\x73\x76\x67\x3e\
\x00\x00\x03\x1e\
\x3c\
\x3f\x78\x6d\x6c\x20\x76\x65\x72\x73\x69\x6f\x6e\x3d\x22\x31\x2e\
\x30\x22\x20\x73\x74\x61\x6e\x64\x61\x6c\x6f\x6e\x65\x3d\x22\x6e\
\x6f\x22\x3f\x3e\x3c\x21\x44\x4f\x43\x54\x59\x50\x45\x20\x73\x76\
\x67\x20\x50\x55\x42\x4c\x49\x43\x20\x22\x2d\x2f\x2f\x57\x33\x43\
\x2f\x2f\x44\x54\x44\x20\x53\x56\x47\x20\x31\x2e\x31\x2f\x2f\x45\
\x4e\x22\x20\x22\x68\x74\x74\x70\x3a\x2f\x2f\x77\x77\x77\x2e\x77\
\x33\x2e\x6f\x72\x67\x2f\x47\x72\x61\x70\x68\x69\x63\x73\x2f\x53\
\x56\x47\x2f\x31\x2e\x31\x2f\x44\x54\x44\x2f\x73\x76\x67\x31\x31\
\x2e\x64\x74\x64\x22\x3e\x3c\x73\x76\x67\x20\x74\x3d\x22\x31\x37\
\x36\x34\x38\x31\x36\x30\x36\x38\x37\x39\x30\x22\x20\x63\x6c\x61\
\x73\x73\x3d\x22\x69\x63\x6f\x6e\x22\x20\x76\x69\x65\x77\x42\x6f\
\x78\x3d\x22\x30\x20\x30\x20\x31\x30\x32\x34\x20\x31\x30\x32\x34\
\x22\x20\x76\x65\x72\x73\x69\x6f\x6e\x3d\x22\x31\x2e\x31\x22\x20\
\x78\x6d\x6c\x6e\x73\x3d\x22\x68\x74\x74\x70\x3a\x2f\x2f\x77\x77\
\x77\x2e\x77\x33\x2e\x6f\x72\x67\x2f\x32\x30\x30\x30\x2f\x73\x76\
\x67\x22\x20\x70\x2d\x69\x64\x3d\x22\x31\x31\x33\x34\x32\x22\x20\
\x78\x6d\x6c\x6e\x73\x3a\x78\x6c\x69\x6e\x6b\x3d\x22\x68\x74\x74\
\x70\x3a\x2f\x2f\x77\x77\x77\x2e\x77\x33\x2e\x6f\x72\x67\x2f\x31\
\x39\x39\x39\x2f\x78\x6c\x69\x6e\x6b\x22\x20\x77\x69\x64\x74\x68\
\x3d\x22\x32\x30\x30\x22\x20\x68\x65\x69\x67\x68\x74\x3d\x22\x32\
\x30\x30\x22\x3e\x3c\x70\x61\x74\x68\x20\x64\x3d\x22\x4d\x38\x33\
\x32\x20\x31\x32\x38\x20\x31\x39\x32\x20\x31\x32\x38\x43\x31\x35\
\x33\x2e\x36\x20\x31\x32\x38\x20\x31\x32\x38\x20\x31\x35\x33\x2e\
\x36\x20\x31\x32\x38\x20\x31\x39\x32\x6c\x30\x20\x36\x34\x30\x63\
\x30\x20\x33\x38\x2e\x34\x20\x32\x35\x2e\x36\x20\x36\x34\x20\x36\
\x34\x20\x36\x34\x6c\x36\x34\x30\x20\x30\x63\x33\x38\x2e\x34\x20\
\x30\x20\x36\x34\x2d\x32\x35\x2e\x36\x20\x36\x34\x2d\x36\x34\x4c\
\x38\x39\x36\x20\x31\x39\x32\x43\x38\x39\x36\x20\x31\x35\x33\x2e\
\x36\x20\x38\x37\x30\x2e\x34\x20\x31\x32\x38\x20\x38\x33\x32\x20\
\x31\x32\x38\x7a\x4d\x38\x33\x32\x20\x37\x36\x38\x63\x30\x20\x33\
\x38\x2e\x34\x2d\x32\x35\x2e\x36\x20\x36\x34\x2d\x36\x34\x20\x36\
\x34\x4c\x32\x35\x36\x20\x38\x33\x32\x63\x2d\x33\x38\x2e\x34\x20\
\x30\x2d\x36\x34\x2d\x32\x35\x2e\x36\x2d\x36\x34\x2d\x36\x34\x4c\
\x31\x39\x32\x20\x32\x35\x36\x63\x30\x2d\x33\x38\x2e\x34\x20\x32\
\x35\x2e\x36\x2d\x36\x34\x20\x36\x34\x2d\x36\x34\x6c\x35\x31\x32\
\x20\x30\x63\x33\x38\x2e\x34\x20\x30\x20\x36\x34\x20\x32\x35\x2e\
\x36\x20\x36\x34\x20\x36\x34\x4c\x38\x33\x32\x20\x37\x36\x38\x7a\
\x22\x20\x70\x2d\x69\x64\x3d\x22\x31\x31\x33\x34\x33\x22\x20\x66\
\x69\x6c\x6c\x3d\x22\x23\x33\x33\x33\x33\x33\x33\x22\x3e\x3c\x2f\
\x70\x61\x74\x68\x3e\x3c\x70\x61\x74\x68\x20\x64\x3d\x22\x4d\x32\
\x35\x36\x20\x34\x34\x31\x2e\x36\x6c\x35\x31\x32\x20\x30\x20\x30\
\x20\x31\x32\x38\x2d\x35\x31\x32\x20\x30\x20\x30\x2d\x31\x32\x38\
\x5a\x22\x20\x70\x2d\x69\x64\x3d\x22\x31\x31\x33\x34\x34\x22\x20\
\x66\x69\x6c\x6c\x3d\x22\x23\x33\x33\x33\x33\x33\x33\x22\x3e\x3c\
\x2f\x70\x61\x74\x68\x3e\x3c\x70\x61\x74\x68\x20\x64\x3d\x22\x4d\
\x34\x34\x38\x20\x32\x34\x39\x2e\x36\x6c\x31\x32\x38\x20\x30\x20\
\x30\x20\x35\x31\x32\x2d\x31\x32\x38\x20\x30\x20\x30\x2d\x35\x31\
\x32\x5a\x22\x20\x70\x2d\x69\x64\x3d\x22\x31\x31\x33\x34\x35\x22\
\x20\x66\x69\x6c\x6c\x3d\x22\x23\x33\x33\x33\x33\x33\x33\x22\x3e\
\x3c\x2f\x70\x61\x74\x68\x3e\x3c\x2f\x73\x76\x67\x3e\
\x00\x00\x04\x94\
\x3c\
\x3f\x78\x6d\x6c\x20\x76\x65\x72\x73\x69\x6f\x6e\x3d\x22\x31\x2e\
\x30\x22\x20\x73\x74\x61\x6e\x64\x61\x6c\x6f\x6e\x65\x3d\x22\x6e\
\x6f\x22\x3f\x3e\x3c\x21\x44\x4f\x43\x54\x59\x50\x45\x20\x73\x76\
\x67\x20\x50\x55\x42\x4c\x49\x43\x20\x22\x2d\x2f\x2f\x57\x33\x43\
\x2f\x2f\x44\x54\x44\x20\x53\x56\x47\x20\x31\x2e\x31\x2f\x2f\x45\
\x4e\x22\x20\x22\x68\x74\x74\x70\x3a\x2f\x2f\x77\x77\x77\x2e\x77\
\x33\x2e\x6f\x72\x67\x2f\x47\x72\x61\x70\x68\x69\x63\x73\x2f\x53\
\x56\x47\x2f\x31\x2e\x31\x2f\x44\x54\x44\x2f\x73\x76\x67\x31\x31\
\x2e\x64\x74\x64\x22\x3e\x3c\x73\x76\x67\x20\x74\x3d\x22\x31\x37\
\x37\x37\x36\x34\x37\x37\x38\x30\x35\x38\x30\x22\x20\x63\x6c\x61\
\x73\x73\x3d\x22\x69\x63\x6f\x6e\x22\x20\x76\x69\x65\x77\x42\x6f\
\x78\x3d\x22\x30\x20\x30\x20\x31\x30\x32\x34\x20\x31\x30\x32\x34\
\x22\x20\x76\x65\x72\x73\x69\x6f\x6e\x3d\x22\x31\x2e\x31\x22\x20\
\x78\x6d\x6c\x6e\x73\x3d\x22\x68\x74\x74\x70\x3a\x2f\x2f\x77\x77\
\x77\x2e\x77\x33\x2e\x6f\x72\x67\x2f\x32\x30\x30\x30\x2f\x73\x76\
\x67\x22\x20\x70\x2d\x69\x64\x3d\x22\x35\x32\x34\x30\x22\x20\x78\
\x6d\x6c\x6e\x73\x3a\x78\x6c\x69\x6e\x6b\x3d\x22\x68\x74\x74\x70\
\x3a\x2f\x2f\x77\x77\x77\x2e\x77\x33\x2e\x6f\x72\x67\x2f\x31\x39\
\x39\x39\x2f\x78\x6c\x69\x6e\x6b\x22\x20\x77\x69\x64\x74\x68\x3d\
\x22\x32\x30\x30\x22\x20\x68\x65\x69\x67\x68\x74\x3d\x22\x32\x30\
\x30\x22\x3e\x3c\x70\x61\x74\x68\x20\x64\x3d\x22\x4d\x33\x38\x35\
\x2e\x31\x35\x30\x38\x34\x39\x20\x33\x38\x35\x2e\x36\x36\x32\x33\
\x33\x38\x6c\x2d\x31\x32\x38\x2e\x38\x39\x35\x31\x30\x35\x20\x30\
\x20\x30\x2d\x31\x35\x30\x2e\x33\x37\x37\x36\x32\x32\x71\x30\x2d\
\x34\x39\x2e\x31\x30\x32\x38\x39\x37\x20\x31\x39\x2e\x34\x33\x36\
\x35\x36\x33\x2d\x39\x31\x2e\x35\x35\x36\x34\x34\x34\x74\x35\x33\
\x2e\x37\x30\x36\x32\x39\x34\x2d\x37\x34\x2e\x36\x37\x37\x33\x32\
\x33\x20\x38\x30\x2e\x38\x31\x35\x31\x38\x35\x2d\x35\x30\x2e\x36\
\x33\x37\x33\x36\x33\x20\x31\x30\x31\x2e\x37\x38\x36\x32\x31\x34\
\x2d\x31\x38\x2e\x34\x31\x33\x35\x38\x36\x71\x34\x39\x2e\x31\x30\
\x32\x38\x39\x37\x20\x30\x20\x39\x34\x2e\x36\x32\x35\x33\x37\x35\
\x20\x31\x38\x2e\x34\x31\x33\x35\x38\x36\x74\x38\x30\x2e\x38\x31\
\x35\x31\x38\x35\x20\x35\x30\x2e\x36\x33\x37\x33\x36\x33\x20\x35\
\x36\x2e\x32\x36\x33\x37\x33\x36\x20\x37\x34\x2e\x36\x37\x37\x33\
\x32\x33\x20\x32\x30\x2e\x39\x37\x31\x30\x32\x39\x20\x39\x31\x2e\
\x35\x35\x36\x34\x34\x34\x6c\x30\x20\x31\x35\x30\x2e\x33\x37\x37\
\x36\x32\x32\x2d\x31\x32\x33\x2e\x37\x38\x30\x32\x32\x20\x30\x20\
\x30\x2d\x31\x32\x31\x2e\x37\x33\x34\x32\x36\x36\x71\x30\x2d\x36\
\x34\x2e\x34\x34\x37\x35\x35\x32\x2d\x33\x35\x2e\x38\x30\x34\x31\
\x39\x36\x2d\x39\x39\x2e\x37\x34\x30\x32\x36\x74\x2d\x39\x37\x2e\
\x31\x38\x32\x38\x31\x37\x2d\x33\x35\x2e\x32\x39\x32\x37\x30\x37\
\x71\x2d\x35\x35\x2e\x32\x34\x30\x37\x35\x39\x20\x30\x2d\x38\x38\
\x2e\x39\x39\x39\x30\x30\x31\x20\x33\x35\x2e\x32\x39\x32\x37\x30\
\x37\x74\x2d\x33\x33\x2e\x37\x35\x38\x32\x34\x32\x20\x39\x39\x2e\
\x37\x34\x30\x32\x36\x6c\x30\x20\x31\x32\x31\x2e\x37\x33\x34\x32\
\x36\x36\x7a\x4d\x38\x32\x36\x2e\x30\x35\x33\x39\x34\x36\x20\x34\
\x34\x37\x2e\x30\x34\x30\x39\x35\x39\x71\x32\x37\x2e\x36\x32\x30\
\x33\x38\x20\x30\x20\x34\x37\x2e\x35\x36\x38\x34\x33\x32\x20\x31\
\x39\x2e\x39\x34\x38\x30\x35\x32\x74\x31\x39\x2e\x39\x34\x38\x30\
\x35\x32\x20\x34\x37\x2e\x35\x36\x38\x34\x33\x32\x6c\x30\x20\x33\
\x31\x37\x2e\x31\x32\x32\x38\x37\x37\x71\x30\x20\x32\x37\x2e\x36\
\x32\x30\x33\x38\x2d\x39\x2e\x37\x31\x38\x32\x38\x32\x20\x35\x31\
\x2e\x36\x36\x30\x33\x34\x74\x2d\x32\x36\x2e\x35\x39\x37\x34\x30\
\x33\x20\x34\x31\x2e\x39\x34\x32\x30\x35\x38\x2d\x33\x39\x2e\x38\
\x39\x36\x31\x30\x34\x20\x32\x38\x2e\x31\x33\x31\x38\x36\x38\x2d\
\x35\x30\x2e\x36\x33\x37\x33\x36\x33\x20\x31\x30\x2e\x32\x32\x39\
\x37\x37\x6c\x2d\x35\x31\x36\x2e\x36\x30\x33\x33\x39\x37\x20\x30\
\x71\x2d\x32\x37\x2e\x36\x32\x30\x33\x38\x20\x30\x2d\x35\x30\x2e\
\x31\x32\x35\x38\x37\x34\x2d\x31\x30\x2e\x32\x32\x39\x37\x37\x74\
\x2d\x33\x38\x2e\x33\x36\x31\x36\x33\x38\x2d\x32\x37\x2e\x31\x30\
\x38\x38\x39\x31\x2d\x32\x34\x2e\x35\x35\x31\x34\x34\x39\x2d\x33\
\x39\x2e\x33\x38\x34\x36\x31\x35\x2d\x38\x2e\x36\x39\x35\x33\x30\
\x35\x2d\x34\x38\x2e\x30\x37\x39\x39\x32\x6c\x30\x2d\x33\x32\x34\
\x2e\x32\x38\x33\x37\x31\x36\x71\x30\x2d\x32\x37\x2e\x36\x32\x30\
\x33\x38\x20\x31\x39\x2e\x34\x33\x36\x35\x36\x33\x2d\x34\x37\x2e\
\x35\x36\x38\x34\x33\x32\x74\x34\x37\x2e\x30\x35\x36\x39\x34\x33\
\x2d\x31\x39\x2e\x39\x34\x38\x30\x35\x32\x6c\x36\x31\x2e\x33\x37\
\x38\x36\x32\x31\x20\x30\x20\x31\x32\x38\x2e\x38\x39\x35\x31\x30\
\x35\x20\x30\x20\x32\x35\x35\x2e\x37\x34\x34\x32\x35\x36\x20\x30\
\x20\x31\x32\x33\x2e\x37\x38\x30\x32\x32\x20\x30\x20\x36\x31\x2e\
\x33\x37\x38\x36\x32\x31\x20\x30\x7a\x22\x20\x70\x2d\x69\x64\x3d\
\x22\x35\x32\x34\x31\x22\x20\x66\x69\x6c\x6c\x3d\x22\x23\x33\x33\
\x33\x33\x33\x33\x22\x3e\x3c\x2f\x70\x61\x74\x68\x3e\x3c\x2f\x73\
\x76\x67\x3e\
\x00\x00\x09\x30\
\x3c\
\x3f\x78\x6d\x6c\x20\x76\x65\x72\x73\x69\x6f\x6e\x3d\x22\x31\x2e\
\x30\x22\x20\x73\x74\x61\x6e\x64\x61\x6c\x6f\x6e\x65\x3d\x22\x6e\
\x6f\x22\x3f\x3e\x3c\x21\x44\x4f\x43\x54\x59\x50\x45\x20\x73\x76\
\x67\x20\x50\x55\x42\x4c\x49\x43\x20\x22\x2d\x2f\x2f\x57\x33\x43\
\x2f\x2f\x44\x54\x44\x20\x53\x56\x47\x20\x31\x2e\x31\x2f\x2f\x45\
\x4e\x22\x20\x22\x68\x74\x74\x70\x3a\x2f\x2f\x77\x77\x77\x2e\x77\
\x33\x2e\x6f\x72\x67\x2f\x47\x72\x61\x70\x68\x69\x63\x73\x2f\x53\
\x56\x47\x2f\x31\x2e\x31\x2f\x44\x54\x44\x2f\x73\x76\x67\x31\x31\
\x2e\x64\x74\x64\x22\x3e\x3c\x73\x76\x67\x20\x74\x3d\x22\x31\x37\
\x37\x37\x38\x39\x35\x36\x35\x31\x39\x37\x35\x22\x20\x63\x6c\x61\
\x73\x73\x3d\x22\x69\x63\x6f\x6e\x22\x20\x76\x69\x65\x77\x42\x6f\
\x78\x3d\x22\x30\x20\x30\x20\x31\x30\x32\x34\x20\x31\x30\x32\x34\
\x22\x20\x76\x65\x72\x73\x69\x6f\x6e\x3d\x22\x31\x2e\x31\x22\x20\
\x78\x6d\x6c\x6e\x73\x3d\x22\x68\x74\x74\x70\x3a\x2f\x2f\x77\x77\
\x77\x2e\x77\x33\x2e\x6f\x72\x67\x2f\x32\x30\x30\x30\x2f\x73\x76\
\x67\x22\x20\x70\x2d\x69\x64\x3d\x22\x36\x34\x37\x33\x22\x20\x78\
\x6d\x6c\x6e\x73\x3a\x78\x6c\x69\x6e\x6b\x3d\x22\x68\x74\x74\x70\
\x3a\x2f\x2f\x77\x77\x77\x2e\x77\x33\x2e\x6f\x72\x67\x2f\x31\x39\
\x39\x39\x2f\x78\x6c\x69\x6e\x6b\x22\x20\x77\x69\x64\x74\x68\x3d\
\x22\x32\x30\x30\x22\x20\x68\x65\x69\x67\x68\x74\x3d\x22\x32\x30\
\x30\x22\x3e\x3c\x70\x61\x74\x68\x20\x64\x3d\x22\x4d\x35\x34\x34\
\x2e\x30\x33\x33\x33\x30\x32\x20\x35\x31\x36\x2e\x30\x30\x30\x37\
\x37\x36\x56\x39\x36\x2e\x30\x30\x30\x35\x36\x34\x63\x30\x2d\x31\
\x37\x2e\x36\x37\x32\x30\x35\x31\x2d\x31\x34\x2e\x34\x37\x38\x36\
\x35\x35\x2d\x33\x31\x2e\x39\x39\x38\x39\x38\x34\x2d\x33\x32\x2e\
\x31\x35\x30\x37\x30\x36\x2d\x33\x31\x2e\x39\x39\x38\x39\x38\x34\
\x73\x2d\x33\x32\x2e\x31\x35\x30\x37\x30\x36\x20\x31\x34\x2e\x33\
\x32\x36\x39\x33\x33\x2d\x33\x32\x2e\x31\x35\x30\x37\x30\x37\x20\
\x33\x31\x2e\x39\x39\x38\x39\x38\x34\x76\x34\x32\x30\x2e\x30\x36\
\x31\x36\x32\x34\x63\x2d\x35\x34\x2e\x39\x30\x39\x30\x37\x32\x20\
\x31\x34\x2e\x32\x35\x31\x30\x37\x32\x2d\x39\x35\x2e\x38\x30\x39\
\x31\x30\x35\x20\x36\x34\x2e\x33\x33\x33\x39\x32\x35\x2d\x39\x35\
\x2e\x38\x30\x39\x31\x30\x35\x20\x31\x32\x33\x2e\x39\x33\x35\x35\
\x35\x34\x20\x30\x20\x35\x39\x2e\x36\x39\x31\x39\x34\x31\x20\x34\
\x30\x2e\x38\x32\x30\x35\x36\x20\x31\x30\x39\x2e\x38\x33\x36\x32\
\x30\x36\x20\x39\x36\x2e\x30\x39\x30\x38\x37\x36\x20\x31\x32\x34\
\x2e\x30\x30\x30\x35\x37\x39\x61\x33\x32\x2e\x32\x39\x38\x38\x31\
\x36\x20\x33\x32\x2e\x32\x39\x38\x38\x31\x36\x20\x30\x20\x30\x20\
\x30\x2d\x30\x2e\x32\x38\x31\x37\x37\x31\x20\x34\x2e\x30\x30\x36\
\x31\x39\x35\x76\x31\x35\x39\x2e\x39\x39\x34\x39\x32\x63\x30\x20\
\x31\x37\x2e\x36\x37\x32\x30\x35\x31\x20\x31\x34\x2e\x34\x37\x38\
\x36\x35\x35\x20\x33\x31\x2e\x39\x39\x38\x39\x38\x34\x20\x33\x32\
\x2e\x31\x35\x30\x37\x30\x37\x20\x33\x31\x2e\x39\x39\x38\x39\x38\
\x34\x73\x33\x32\x2e\x31\x35\x30\x37\x30\x36\x2d\x31\x34\x2e\x33\
\x32\x36\x39\x33\x33\x20\x33\x32\x2e\x31\x35\x30\x37\x30\x36\x2d\
\x33\x31\x2e\x39\x39\x38\x39\x38\x34\x56\x37\x36\x38\x2e\x30\x30\
\x34\x35\x31\x36\x61\x33\x32\x2e\x32\x38\x30\x37\x35\x34\x20\x33\
\x32\x2e\x32\x38\x30\x37\x35\x34\x20\x30\x20\x30\x20\x30\x2d\x30\
\x2e\x33\x31\x37\x38\x39\x34\x2d\x33\x2e\x39\x34\x31\x31\x37\x31\
\x63\x35\x35\x2e\x33\x38\x39\x35\x32\x36\x2d\x31\x34\x2e\x30\x38\
\x38\x35\x31\x32\x20\x39\x36\x2e\x33\x39\x37\x39\x33\x33\x2d\x36\
\x34\x2e\x33\x30\x31\x34\x31\x33\x20\x39\x36\x2e\x33\x39\x37\x39\
\x33\x32\x2d\x31\x32\x34\x2e\x30\x35\x38\x33\x37\x38\x20\x30\x2e\
\x30\x31\x30\x38\x33\x37\x2d\x35\x39\x2e\x36\x39\x31\x39\x34\x31\
\x2d\x34\x30\x2e\x38\x30\x39\x37\x32\x33\x2d\x31\x30\x39\x2e\x38\
\x33\x32\x35\x39\x33\x2d\x39\x36\x2e\x30\x38\x30\x30\x33\x38\x2d\
\x31\x32\x34\x2e\x30\x30\x34\x31\x39\x31\x7a\x20\x6d\x31\x33\x2e\
\x32\x32\x31\x35\x32\x37\x20\x31\x36\x39\x2e\x32\x34\x39\x39\x38\
\x39\x61\x36\x34\x2e\x30\x30\x31\x35\x38\x20\x36\x34\x2e\x30\x30\
\x31\x35\x38\x20\x30\x20\x31\x20\x31\x20\x31\x38\x2e\x37\x34\x34\
\x39\x34\x35\x2d\x34\x35\x2e\x32\x35\x36\x36\x33\x35\x20\x36\x33\
\x2e\x35\x37\x38\x39\x32\x35\x20\x36\x33\x2e\x35\x37\x38\x39\x32\
\x35\x20\x30\x20\x30\x20\x31\x2d\x31\x38\x2e\x37\x34\x34\x39\x34\
\x35\x20\x34\x35\x2e\x32\x36\x30\x32\x34\x37\x7a\x4d\x32\x32\x33\
\x2e\x36\x37\x38\x36\x30\x36\x20\x31\x39\x36\x2e\x30\x30\x33\x37\
\x31\x31\x61\x33\x32\x2e\x32\x38\x37\x39\x37\x39\x20\x33\x32\x2e\
\x32\x38\x37\x39\x37\x39\x20\x30\x20\x30\x20\x30\x20\x30\x2e\x32\
\x39\x32\x36\x30\x37\x2d\x34\x2e\x30\x30\x32\x35\x38\x32\x56\x39\
\x36\x2e\x30\x30\x30\x35\x36\x34\x61\x33\x31\x2e\x39\x37\x30\x30\
\x38\x34\x20\x33\x31\x2e\x39\x37\x30\x30\x38\x34\x20\x30\x20\x31\
\x20\x30\x2d\x36\x33\x2e\x39\x34\x30\x31\x36\x39\x20\x30\x56\x31\
\x39\x32\x2e\x30\x30\x31\x31\x32\x39\x61\x33\x32\x2e\x33\x37\x31\
\x30\x36\x35\x20\x33\x32\x2e\x33\x37\x31\x30\x36\x35\x20\x30\x20\
\x30\x20\x30\x20\x30\x2e\x31\x38\x30\x36\x32\x32\x20\x34\x2e\x30\
\x36\x30\x33\x38\x31\x63\x2d\x35\x35\x2e\x32\x37\x30\x33\x31\x36\
\x20\x31\x34\x2e\x31\x36\x30\x37\x36\x31\x2d\x39\x36\x2e\x31\x37\
\x33\x39\x36\x32\x20\x36\x34\x2e\x33\x30\x31\x34\x31\x33\x2d\x39\
\x36\x2e\x31\x37\x33\x39\x36\x31\x20\x31\x32\x34\x2e\x30\x30\x30\
\x35\x37\x39\x73\x34\x30\x2e\x39\x31\x30\x38\x37\x31\x20\x31\x30\
\x39\x2e\x38\x31\x38\x31\x34\x33\x20\x39\x36\x2e\x31\x38\x31\x31\
\x38\x36\x20\x31\x32\x33\x2e\x39\x39\x36\x39\x36\x36\x61\x33\x32\
\x2e\x33\x36\x30\x32\x32\x38\x20\x33\x32\x2e\x33\x36\x30\x32\x32\
\x38\x20\x30\x20\x30\x20\x30\x2d\x30\x2e\x31\x38\x34\x32\x33\x34\
\x20\x33\x2e\x39\x33\x37\x35\x35\x38\x56\x39\x32\x37\x2e\x39\x39\
\x39\x34\x33\x36\x61\x33\x31\x2e\x39\x37\x30\x30\x38\x34\x20\x33\
\x31\x2e\x39\x37\x30\x30\x38\x34\x20\x30\x20\x31\x20\x30\x20\x36\
\x33\x2e\x39\x34\x30\x31\x36\x39\x20\x30\x56\x34\x34\x38\x2e\x30\
\x30\x30\x32\x32\x36\x61\x33\x32\x2e\x32\x38\x37\x39\x37\x39\x20\
\x33\x32\x2e\x32\x38\x37\x39\x37\x39\x20\x30\x20\x30\x20\x30\x2d\
\x30\x2e\x32\x37\x38\x31\x35\x38\x2d\x33\x2e\x38\x38\x33\x33\x37\
\x32\x63\x35\x35\x2e\x33\x38\x35\x39\x31\x34\x2d\x31\x34\x2e\x30\
\x38\x38\x35\x31\x32\x20\x39\x36\x2e\x33\x35\x30\x39\x37\x31\x2d\
\x36\x34\x2e\x33\x30\x31\x34\x31\x33\x20\x39\x36\x2e\x33\x35\x30\
\x39\x37\x31\x2d\x31\x32\x34\x2e\x30\x35\x34\x37\x36\x35\x53\x32\
\x37\x39\x2e\x30\x37\x31\x37\x34\x34\x20\x32\x31\x30\x2e\x30\x38\
\x34\x39\x39\x38\x20\x32\x32\x33\x2e\x36\x37\x38\x36\x30\x36\x20\
\x31\x39\x36\x2e\x30\x30\x33\x37\x31\x31\x7a\x20\x6d\x31\x33\x2e\
\x35\x37\x35\x35\x34\x35\x20\x31\x36\x39\x2e\x33\x31\x35\x30\x31\
\x33\x41\x36\x34\x2e\x30\x30\x31\x35\x38\x20\x36\x34\x2e\x30\x30\
\x31\x35\x38\x20\x30\x20\x31\x20\x31\x20\x32\x35\x35\x2e\x39\x39\
\x39\x30\x39\x37\x20\x33\x32\x30\x2e\x30\x36\x32\x30\x38\x39\x61\
\x36\x33\x2e\x35\x37\x38\x39\x32\x35\x20\x36\x33\x2e\x35\x37\x38\
\x39\x32\x35\x20\x30\x20\x30\x20\x31\x2d\x31\x38\x2e\x37\x34\x34\
\x39\x34\x36\x20\x34\x35\x2e\x32\x35\x36\x36\x33\x35\x7a\x4d\x39\
\x35\x39\x2e\x39\x39\x38\x34\x32\x20\x33\x32\x30\x2e\x30\x36\x32\
\x30\x38\x39\x63\x30\x2d\x35\x39\x2e\x37\x37\x35\x30\x32\x37\x2d\
\x34\x31\x2e\x30\x34\x38\x31\x34\x34\x2d\x31\x30\x39\x2e\x39\x37\
\x37\x30\x39\x31\x2d\x39\x36\x2e\x34\x35\x32\x31\x32\x2d\x31\x32\
\x34\x2e\x30\x35\x38\x33\x37\x38\x61\x33\x32\x2e\x33\x36\x30\x32\
\x32\x38\x20\x33\x32\x2e\x33\x36\x30\x32\x32\x38\x20\x30\x20\x30\
\x20\x30\x20\x30\x2e\x31\x37\x33\x33\x39\x37\x2d\x34\x2e\x30\x30\
\x32\x35\x38\x32\x56\x39\x36\x2e\x30\x30\x30\x35\x36\x34\x61\x33\
\x31\x2e\x39\x37\x30\x30\x38\x34\x20\x33\x31\x2e\x39\x37\x30\x30\
\x38\x34\x20\x30\x20\x31\x20\x30\x2d\x36\x33\x2e\x39\x34\x30\x31\
\x36\x39\x20\x30\x56\x31\x39\x32\x2e\x30\x30\x31\x31\x32\x39\x61\
\x33\x32\x2e\x32\x39\x31\x35\x39\x32\x20\x33\x32\x2e\x32\x39\x31\
\x35\x39\x32\x20\x30\x20\x30\x20\x30\x20\x30\x2e\x32\x39\x39\x38\
\x33\x33\x20\x34\x2e\x30\x36\x30\x33\x38\x31\x63\x2d\x35\x35\x2e\
\x32\x37\x30\x33\x31\x36\x20\x31\x34\x2e\x31\x36\x30\x37\x36\x31\
\x2d\x39\x36\x2e\x31\x31\x36\x31\x36\x32\x20\x36\x34\x2e\x33\x30\
\x31\x34\x31\x33\x2d\x39\x36\x2e\x31\x31\x36\x31\x36\x33\x20\x31\
\x32\x34\x2e\x30\x30\x30\x35\x37\x39\x73\x34\x30\x2e\x38\x32\x30\
\x35\x36\x20\x31\x30\x39\x2e\x38\x33\x36\x32\x30\x36\x20\x39\x36\
\x2e\x30\x39\x30\x38\x37\x36\x20\x31\x32\x34\x2e\x30\x30\x30\x35\
\x37\x38\x61\x33\x32\x2e\x32\x39\x38\x38\x31\x36\x20\x33\x32\x2e\
\x32\x39\x38\x38\x31\x36\x20\x30\x20\x30\x20\x30\x2d\x30\x2e\x32\
\x38\x31\x37\x37\x31\x20\x33\x2e\x39\x39\x38\x39\x37\x56\x39\x32\
\x37\x2e\x39\x39\x39\x34\x33\x36\x61\x33\x31\x2e\x39\x37\x30\x30\
\x38\x34\x20\x33\x31\x2e\x39\x37\x30\x30\x38\x34\x20\x30\x20\x31\
\x20\x30\x20\x36\x33\x2e\x39\x34\x30\x31\x36\x39\x20\x30\x56\x34\
\x34\x38\x2e\x30\x36\x31\x36\x33\x37\x61\x33\x32\x2e\x33\x38\x31\
\x39\x30\x33\x20\x33\x32\x2e\x33\x38\x31\x39\x30\x33\x20\x30\x20\
\x30\x20\x30\x2d\x30\x2e\x31\x36\x36\x31\x37\x32\x2d\x33\x2e\x39\
\x34\x31\x31\x37\x31\x63\x35\x35\x2e\x34\x30\x37\x35\x38\x38\x2d\
\x31\x34\x2e\x30\x38\x34\x38\x39\x39\x20\x39\x36\x2e\x34\x35\x32\
\x31\x31\x39\x2d\x36\x34\x2e\x32\x38\x36\x39\x36\x33\x20\x39\x36\
\x2e\x34\x35\x32\x31\x32\x2d\x31\x32\x34\x2e\x30\x35\x38\x33\x37\
\x37\x7a\x20\x6d\x2d\x38\x32\x2e\x37\x34\x36\x35\x32\x36\x20\x34\
\x35\x2e\x32\x35\x33\x30\x32\x32\x61\x36\x33\x2e\x39\x39\x37\x39\
\x36\x38\x20\x36\x33\x2e\x39\x39\x37\x39\x36\x38\x20\x30\x20\x31\
\x20\x31\x20\x31\x38\x2e\x37\x34\x38\x35\x35\x38\x2d\x34\x35\x2e\
\x32\x35\x33\x30\x32\x32\x20\x36\x33\x2e\x35\x37\x38\x39\x32\x35\
\x20\x36\x33\x2e\x35\x37\x38\x39\x32\x35\x20\x30\x20\x30\x20\x31\
\x2d\x31\x38\x2e\x37\x34\x38\x35\x35\x38\x20\x34\x35\x2e\x32\x35\
\x33\x30\x32\x32\x7a\x22\x20\x66\x69\x6c\x6c\x3d\x22\x23\x33\x33\
\x33\x33\x33\x33\x22\x20\x70\x2d\x69\x64\x3d\x22\x36\x34\x37\x34\
\x22\x3e\x3c\x2f\x70\x61\x74\x68\x3e\x3c\x2f\x73\x76\x67\x3e\
\x00\x00\x06\x00\
\x3c\
\x3f\x78\x6d\x6c\x20\x76\x65\x72\x73\x69\x6f\x6e\x3d\x22\x31\x2e\
\x30\x22\x20\x73\x74\x61\x6e\x64\x61\x6c\x6f\x6e\x65\x3d\x22\x6e\
\x6f\x22\x3f\x3e\x3c\x21\x44\x4f\x43\x54\x59\x50\x45\x20\x73\x76\
\x67\x20\x50\x55\x42\x4c\x49\x43\x20\x22\x2d\x2f\x2f\x57\x33\x43\
\x2f\x2f\x44\x54\x44\x20\x53\x56\x47\x20\x31\x2e\x31\x2f\x2f\x45\
\x4e\x22\x20\x22\x68\x74\x74\x70\x3a\x2f\x2f\x77\x77\x77\x2e\x77\
\x33\x2e\x6f\x72\x67\x2f\x47\x72\x61\x70\x68\x69\x63\x73\x2f\x53\
\x56\x47\x2f\x31\x2e\x31\x2f\x44\x54\x44\x2f\x73\x76\x67\x31\x31\
\x2e\x64\x74\x64\x22\x3e\x3c\x73\x76\x67\x20\x74\x3d\x22\x31\x37\
\x37\x39\x37\x30\x35\x35\x39\x37\x32\x37\x33\x22\x20\x63\x6c\x61\
\x73\x73\x3d\x22\x69\x63\x6f\x6e\x22\x20\x76\x69\x65\x77\x42\x6f\
\x78\x3d\x22\x30\x20\x30\x20\x31\x30\x32\x34\x20\x31\x30\x32\x34\
\x22\x20\x76\x65\x72\x73\x69\x6f\x6e\x3d\x22\x31\x2e\x31\x22\x20\
\x78\x6d\x6c\x6e\x73\x3d\x22\x68\x74\x74\x70\x3a\x2f\x2f\x77\x77\
\x77\x2e\x77\x33\x2e\x6f\x72\x67\x2f\x32\x30\x30\x30\x2f\x73\x76\
\x67\x22\x20\x70\x2d\x69\x64\x3d\x22\x37\x33\x31\x36\x22\x20\x78\
\x6d\x6c\x6e\x73\x3a\x78\x6c\x69\x6e\x6b\x3d\x22\x68\x74\x74\x70\
\x3a\x2f\x2f\x77\x77\x77\x2e\x77\x33\x2e\x6f\x72\x67\x2f\x31\x39\
\x39\x39\x2f\x78\x6c\x69\x6e\x6b\x22\x20\x77\x69\x64\x74\x68\x3d\
\x22\x32\x30\x30\x22\x20\x68\x65\x69\x67\x68\x74\x3d\x22\x32\x30\
\x30\x22\x3e\x3c\x70\x61\x74\x68\x20\x64\x3d\x22\x4d\x31\x30\x30\
\x34\x2e\x30\x33\x34\x38\x36\x37\x20\x32\x36\x35\x2e\x32\x31\x36\
\x4c\x38\x33\x34\x2e\x35\x36\x32\x38\x36\x37\x20\x39\x35\x2e\x37\
\x34\x34\x61\x36\x37\x2e\x32\x37\x36\x38\x20\x36\x37\x2e\x32\x37\
\x36\x38\x20\x30\x20\x30\x20\x30\x2d\x34\x38\x2e\x36\x34\x2d\x31\
\x39\x2e\x39\x36\x38\x68\x2d\x34\x31\x2e\x39\x38\x34\x61\x36\x37\
\x2e\x31\x37\x34\x34\x20\x36\x37\x2e\x31\x37\x34\x34\x20\x30\x20\
\x30\x20\x30\x2d\x35\x36\x2e\x38\x33\x32\x20\x33\x31\x2e\x37\x34\
\x34\x63\x2d\x33\x35\x2e\x33\x32\x38\x20\x35\x32\x2e\x32\x32\x34\
\x2d\x31\x30\x30\x2e\x38\x36\x34\x20\x38\x35\x2e\x35\x30\x34\x2d\
\x31\x37\x36\x2e\x31\x32\x38\x20\x38\x35\x2e\x35\x30\x34\x53\x33\
\x36\x39\x2e\x31\x35\x34\x38\x36\x37\x20\x31\x35\x37\x2e\x36\x39\
\x36\x20\x33\x33\x33\x2e\x38\x32\x36\x38\x36\x37\x20\x31\x30\x37\
\x2e\x35\x32\x61\x36\x30\x2e\x34\x31\x36\x20\x36\x30\x2e\x34\x31\
\x36\x20\x30\x20\x30\x20\x30\x2d\x35\x33\x2e\x37\x36\x2d\x33\x31\
\x2e\x37\x34\x34\x68\x2d\x33\x36\x2e\x38\x36\x34\x63\x2d\x32\x33\
\x2e\x35\x35\x32\x20\x30\x2d\x34\x30\x2e\x34\x34\x38\x20\x36\x2e\
\x36\x35\x36\x2d\x35\x32\x2e\x32\x32\x34\x20\x31\x39\x2e\x39\x36\
\x38\x4c\x31\x39\x2e\x39\x37\x30\x38\x36\x37\x20\x32\x36\x35\x2e\
\x32\x31\x36\x61\x36\x35\x2e\x35\x33\x36\x20\x36\x35\x2e\x35\x33\
\x36\x20\x30\x20\x30\x20\x30\x20\x30\x20\x39\x34\x2e\x32\x30\x38\
\x6c\x39\x38\x2e\x38\x31\x36\x20\x39\x38\x2e\x38\x31\x36\x61\x36\
\x34\x2e\x30\x35\x31\x32\x20\x36\x34\x2e\x30\x35\x31\x32\x20\x30\
\x20\x30\x20\x30\x20\x34\x33\x2e\x35\x32\x20\x31\x38\x2e\x34\x33\
\x32\x20\x36\x33\x2e\x30\x37\x38\x34\x20\x36\x33\x2e\x30\x37\x38\
\x34\x20\x30\x20\x30\x20\x30\x20\x34\x33\x2e\x35\x32\x2d\x31\x38\
\x2e\x34\x33\x32\x68\x31\x2e\x35\x33\x36\x63\x31\x2e\x35\x33\x36\
\x20\x30\x20\x31\x2e\x35\x33\x36\x20\x30\x20\x31\x2e\x35\x33\x36\
\x20\x31\x2e\x35\x33\x36\x56\x38\x31\x34\x2e\x30\x38\x41\x31\x33\
\x34\x2e\x36\x30\x34\x38\x20\x31\x33\x34\x2e\x36\x30\x34\x38\x20\
\x30\x20\x30\x20\x30\x20\x33\x34\x33\x2e\x30\x34\x32\x38\x36\x37\
\x20\x39\x34\x38\x2e\x32\x32\x34\x68\x33\x33\x35\x2e\x38\x37\x32\
\x61\x31\x33\x34\x2e\x36\x30\x34\x38\x20\x31\x33\x34\x2e\x36\x30\
\x34\x38\x20\x30\x20\x30\x20\x30\x20\x31\x33\x34\x2e\x31\x34\x34\
\x2d\x31\x33\x34\x2e\x31\x34\x34\x56\x34\x35\x39\x2e\x37\x37\x36\
\x63\x30\x2d\x31\x2e\x35\x33\x36\x20\x30\x2d\x31\x2e\x35\x33\x36\
\x20\x31\x2e\x35\x33\x36\x2d\x31\x2e\x35\x33\x36\x68\x31\x2e\x35\
\x33\x36\x61\x36\x34\x2e\x30\x35\x31\x32\x20\x36\x34\x2e\x30\x35\
\x31\x32\x20\x30\x20\x30\x20\x30\x20\x34\x33\x2e\x35\x32\x20\x31\
\x38\x2e\x34\x33\x32\x20\x36\x30\x2e\x34\x31\x36\x20\x36\x30\x2e\
\x34\x31\x36\x20\x30\x20\x30\x20\x30\x20\x34\x33\x2e\x35\x32\x2d\
\x31\x38\x2e\x34\x33\x32\x6c\x39\x38\x2e\x38\x31\x36\x2d\x39\x38\
\x2e\x38\x31\x36\x63\x32\x38\x2e\x36\x37\x32\x2d\x32\x37\x2e\x31\
\x33\x36\x20\x32\x38\x2e\x36\x37\x32\x2d\x36\x39\x2e\x31\x32\x20\
\x32\x2e\x30\x34\x38\x2d\x39\x34\x2e\x32\x30\x38\x7a\x20\x6d\x2d\
\x31\x34\x32\x2e\x38\x34\x38\x20\x31\x34\x32\x2e\x38\x34\x38\x61\
\x36\x36\x2e\x35\x36\x20\x36\x36\x2e\x35\x36\x20\x30\x20\x30\x20\
\x30\x2d\x34\x35\x2e\x35\x36\x38\x2d\x31\x36\x2e\x38\x39\x36\x20\
\x36\x37\x2e\x39\x34\x32\x34\x20\x36\x37\x2e\x39\x34\x32\x34\x20\
\x30\x20\x30\x20\x30\x2d\x36\x38\x2e\x36\x30\x38\x20\x36\x38\x2e\
\x36\x30\x38\x56\x38\x31\x34\x2e\x30\x38\x61\x36\x37\x2e\x32\x37\
\x36\x38\x20\x36\x37\x2e\x32\x37\x36\x38\x20\x30\x20\x30\x20\x31\
\x2d\x36\x37\x2e\x30\x37\x32\x20\x36\x37\x2e\x30\x37\x32\x48\x33\
\x34\x34\x2e\x30\x36\x36\x38\x36\x37\x41\x36\x37\x2e\x32\x37\x36\
\x38\x20\x36\x37\x2e\x32\x37\x36\x38\x20\x30\x20\x30\x20\x31\x20\
\x32\x37\x36\x2e\x39\x39\x34\x38\x36\x37\x20\x38\x31\x34\x2e\x30\
\x38\x56\x34\x35\x39\x2e\x37\x37\x36\x61\x36\x37\x2e\x39\x34\x32\
\x34\x20\x36\x37\x2e\x39\x34\x32\x34\x20\x30\x20\x30\x20\x30\x2d\
\x36\x38\x2e\x36\x30\x38\x2d\x36\x38\x2e\x36\x30\x38\x20\x37\x31\
\x2e\x32\x37\x30\x34\x20\x37\x31\x2e\x32\x37\x30\x34\x20\x30\x20\
\x30\x20\x30\x2d\x34\x35\x2e\x35\x36\x38\x20\x31\x36\x2e\x38\x39\
\x36\x4c\x36\x37\x2e\x30\x37\x34\x38\x36\x37\x20\x33\x31\x32\x2e\
\x33\x32\x6c\x31\x36\x39\x2e\x34\x37\x32\x2d\x31\x36\x39\x2e\x34\
\x37\x32\x68\x34\x31\x2e\x39\x38\x34\x6c\x31\x2e\x35\x33\x36\x20\
\x31\x2e\x35\x33\x36\x43\x33\x32\x37\x2e\x31\x37\x30\x38\x36\x37\
\x20\x32\x31\x35\x2e\x30\x34\x20\x34\x31\x36\x2e\x32\x35\x38\x38\
\x36\x37\x20\x32\x36\x30\x2e\x30\x39\x36\x20\x35\x31\x32\x2e\x30\
\x30\x32\x38\x36\x37\x20\x32\x36\x30\x2e\x30\x39\x36\x73\x31\x38\
\x34\x2e\x38\x33\x32\x2d\x34\x33\x2e\x35\x32\x20\x32\x33\x31\x2e\
\x34\x32\x34\x2d\x31\x31\x35\x2e\x37\x31\x32\x61\x31\x2e\x34\x38\
\x34\x38\x20\x31\x2e\x34\x38\x34\x38\x20\x30\x20\x30\x20\x31\x20\
\x31\x2e\x35\x33\x36\x2d\x31\x2e\x35\x33\x36\x68\x34\x30\x2e\x34\
\x34\x38\x4c\x39\x35\x36\x2e\x39\x33\x30\x38\x36\x37\x20\x33\x31\
\x32\x2e\x33\x32\x7a\x22\x20\x66\x69\x6c\x6c\x3d\x22\x23\x33\x33\
\x33\x33\x33\x33\x22\x20\x70\x2d\x69\x64\x3d\x22\x37\x33\x31\x37\
\x22\x3e\x3c\x2f\x70\x61\x74\x68\x3e\x3c\x2f\x73\x76\x67\x3e\
\x00\x00\x02\x25\
\x3c\
\x3f\x78\x6d\x6c\x20\x76\x65\x72\x73\x69\x6f\x6e\x3d\x22\x31\x2e\
\x30\x22\x20\x73\x74\x61\x6e\x64\x61\x6c\x6f\x6e\x65\x3d\x22\x6e\
\x6f\x22\x3f\x3e\x3c\x21\x44\x4f\x43\x54\x59\x50\x45\x20\x73\x76\
\x67\x20\x50\x55\x42\x4c\x49\x43\x20\x22\x2d\x2f\x2f\x57\x33\x43\
\x2f\x2f\x44\x54\x44\x20\x53\x56\x47\x20\x31\x2e\x31\x2f\x2f\x45\
\x4e\x22\x20\x22\x68\x74\x74\x70\x3a\x2f\x2f\x77\x77\x77\x2e\x77\
\x33\x2e\x6f\x72\x67\x2f\x47\x72\x61\x70\x68\x69\x63\x73\x2f\x53\
\x56\x47\x2f\x31\x2e\x31\x2f\x44\x54\x44\x2f\x73\x76\x67\x31\x31\
\x2e\x64\x74\x64\x22\x3e\x3c\x73\x76\x67\x20\x74\x3d\x22\x31\x37\
\x36\x36\x35\x30\x34\x39\x39\x33\x35\x36\x35\x22\x20\x63\x6c\x61\
\x73\x73\x3d\x22\x69\x63\x6f\x6e\x22\x20\x76\x69\x65\x77\x42\x6f\
\x78\x3d\x22\x30\x20\x30\x20\x31\x30\x32\x34\x20\x31\x30\x32\x34\
\x22\x20\x76\x65\x72\x73\x69\x6f\x6e\x3d\x22\x31\x2e\x31\x22\x20\
\x78\x6d\x6c\x6e\x73\x3d\x22\x68\x74\x74\x70\x3a\x2f\x2f\x77\x77\
\x77\x2e\x77\x33\x2e\x6f\x72\x67\x2f\x32\x30\x30\x30\x2f\x73\x76\
\x67\x22\x20\x70\x2d\x69\x64\x3d\x22\x33\x33\x36\x32\x30\x22\x20\
\x78\x6d\x6c\x6e\x73\x3a\x78\x6c\x69\x6e\x6b\x3d\x22\x68\x74\x74\
\x70\x3a\x2f\x2f\x77\x77\x77\x2e\x77\x33\x2e\x6f\x72\x67\x2f\x31\
\x39\x39\x39\x2f\x78\x6c\x69\x6e\x6b\x22\x20\x77\x69\x64\x74\x68\
\x3d\x22\x32\x30\x30\x22\x20\x68\x65\x69\x67\x68\x74\x3d\x22\x32\
\x30\x30\x22\x3e\x3c\x70\x61\x74\x68\x20\x64\x3d\x22\x4d\x33\x33\
\x32\x2e\x31\x36\x20\x38\x38\x33\x2e\x38\x34\x61\x34\x30\x2e\x39\
\x36\x20\x34\x30\x2e\x39\x36\x20\x30\x20\x30\x20\x30\x20\x35\x38\
\x2e\x32\x34\x20\x30\x6c\x33\x33\x38\x2e\x35\x36\x2d\x33\x34\x33\
\x2e\x30\x34\x61\x34\x30\x2e\x39\x36\x20\x34\x30\x2e\x39\x36\x20\
\x30\x20\x30\x20\x30\x20\x30\x2d\x35\x38\x2e\x32\x34\x4c\x33\x39\
\x30\x2e\x34\x20\x31\x34\x30\x2e\x31\x36\x61\x34\x30\x2e\x39\x36\
\x20\x34\x30\x2e\x39\x36\x20\x30\x20\x30\x20\x30\x2d\x35\x38\x2e\
\x32\x34\x20\x35\x38\x2e\x32\x34\x4c\x36\x34\x30\x20\x35\x31\x32\
\x6c\x2d\x33\x30\x37\x2e\x38\x34\x20\x33\x31\x34\x2e\x32\x34\x61\
\x34\x30\x2e\x39\x36\x20\x34\x30\x2e\x39\x36\x20\x30\x20\x30\x20\
\x30\x20\x30\x20\x35\x37\x2e\x36\x7a\x22\x20\x66\x69\x6c\x6c\x3d\
\x22\x23\x33\x33\x33\x33\x33\x33\x22\x20\x70\x2d\x69\x64\x3d\x22\
\x33\x33\x36\x32\x31\x22\x3e\x3c\x2f\x70\x61\x74\x68\x3e\x3c\x2f\
\x73\x76\x67\x3e\
\x00\x00\x05\x28\
\x3c\
\x3f\x78\x6d\x6c\x20\x76\x65\x72\x73\x69\x6f\x6e\x3d\x22\x31\x2e\
\x30\x22\x20\x73\x74\x61\x6e\x64\x61\x6c\x6f\x6e\x65\x3d\x22\x6e\
\x6f\x22\x3f\x3e\x3c\x21\x44\x4f\x43\x54\x59\x50\x45\x20\x73\x76\
\x67\x20\x50\x55\x42\x4c\x49\x43\x20\x22\x2d\x2f\x2f\x57\x33\x43\
\x2f\x2f\x44\x54\x44\x20\x53\x56\x47\x20\x31\x2e\x31\x2f\x2f\x45\
\x4e\x22\x20\x22\x68\x74\x74\x70\x3a\x2f\x2f\x77\x77\x77\x2e\x77\
\x33\x2e\x6f\x72\x67\x2f\x47\x72\x61\x70\x68\x69\x63\x73\x2f\x53\
\x56\x47\x2f\x31\x2e\x31\x2f\x44\x54\x44\x2f\x73\x76\x67\x31\x31\
\x2e\x64\x74\x64\x22\x3e\x3c\x73\x76\x67\x20\x74\x3d\x22\x31\x37\
\x38\x33\x38\x32\x33\x31\x33\x39\x37\x32\x30\x22\x20\x63\x6c\x61\
\x73\x73\x3d\x22\x69\x63\x6f\x6e\x22\x20\x76\x69\x65\x77\x42\x6f\
\x78\x3d\x22\x30\x20\x30\x20\x31\x30\x32\x34\x20\x31\x30\x32\x34\
\x22\x20\x76\x65\x72\x73\x69\x6f\x6e\x3d\x22\x31\x2e\x31\x22\x20\
\x78\x6d\x6c\x6e\x73\x3d\x22\x68\x74\x74\x70\x3a\x2f\x2f\x77\x77\
\x77\x2e\x77\x33\x2e\x6f\x72\x67\x2f\x32\x30\x30\x30\x2f\x73\x76\
\x67\x22\x20\x70\x2d\x69\x64\x3d\x22\x35\x31\x32\x39\x22\x20\x78\
\x6d\x6c\x6e\x73\x3a\x78\x6c\x69\x6e\x6b\x3d\x22\x68\x74\x74\x70\
\x3a\x2f\x2f\x77\x77\x77\x2e\x77\x33\x2e\x6f\x72\x67\x2f\x31\x39\
\x39\x39\x2f\x78\x6c\x69\x6e\x6b\x22\x20\x77\x69\x64\x74\x68\x3d\
\x22\x32\x30\x30\x22\x20\x68\x65\x69\x67\x68\x74\x3d\x22\x32\x30\
\x30\x22\x3e\x3c\x70\x61\x74\x68\x20\x64\x3d\x22\x4d\x38\x39\x34\
\x2e\x32\x35\x39\x32\x20\x30\x43\x39\x36\x35\x2e\x39\x33\x39\x32\
\x20\x30\x20\x31\x30\x32\x34\x20\x35\x38\x2e\x38\x38\x20\x31\x30\
\x32\x34\x20\x31\x33\x31\x2e\x34\x33\x30\x34\x76\x35\x32\x30\x2e\
\x31\x39\x32\x63\x30\x20\x37\x32\x2e\x36\x30\x31\x36\x2d\x35\x38\
\x2e\x30\x36\x30\x38\x20\x31\x33\x31\x2e\x34\x33\x30\x34\x2d\x31\
\x32\x39\x2e\x37\x34\x30\x38\x20\x31\x33\x31\x2e\x34\x33\x30\x34\
\x68\x2d\x32\x34\x2e\x37\x32\x39\x36\x63\x30\x20\x36\x36\x2e\x35\
\x36\x2d\x35\x33\x2e\x39\x31\x33\x36\x20\x31\x32\x30\x2e\x34\x37\
\x33\x36\x2d\x31\x32\x30\x2e\x34\x37\x33\x36\x20\x31\x32\x30\x2e\
\x34\x37\x33\x36\x48\x33\x36\x31\x2e\x34\x37\x32\x4c\x31\x38\x30\
\x2e\x36\x38\x34\x38\x20\x31\x30\x32\x34\x76\x2d\x31\x32\x30\x2e\
\x34\x37\x33\x36\x48\x31\x32\x30\x2e\x34\x37\x33\x36\x41\x31\x32\
\x30\x2e\x34\x37\x33\x36\x20\x31\x32\x30\x2e\x34\x37\x33\x36\x20\
\x30\x20\x30\x20\x31\x20\x30\x20\x37\x38\x33\x2e\x30\x35\x32\x38\
\x56\x32\x37\x35\x2e\x34\x35\x36\x63\x30\x2d\x36\x36\x2e\x35\x36\
\x20\x35\x33\x2e\x39\x31\x33\x36\x2d\x31\x32\x30\x2e\x34\x37\x33\
\x36\x20\x31\x32\x30\x2e\x34\x37\x33\x36\x2d\x31\x32\x30\x2e\x34\
\x37\x33\x36\x68\x36\x30\x2e\x32\x31\x31\x32\x76\x2d\x32\x33\x2e\
\x35\x35\x32\x43\x31\x38\x30\x2e\x37\x33\x36\x20\x35\x38\x2e\x38\
\x32\x38\x38\x20\x32\x33\x38\x2e\x37\x39\x36\x38\x20\x30\x20\x33\
\x31\x30\x2e\x34\x32\x35\x36\x20\x30\x68\x35\x38\x33\x2e\x38\x33\
\x33\x36\x7a\x20\x6d\x2d\x31\x37\x32\x2e\x32\x38\x38\x20\x32\x34\
\x31\x2e\x36\x36\x34\x48\x31\x35\x31\x2e\x35\x35\x32\x63\x2d\x33\
\x33\x2e\x32\x38\x20\x30\x2d\x36\x30\x2e\x32\x36\x32\x34\x20\x32\
\x36\x2e\x39\x38\x32\x34\x2d\x36\x30\x2e\x32\x36\x32\x34\x20\x36\
\x30\x2e\x32\x36\x32\x34\x76\x34\x35\x31\x2e\x37\x33\x37\x36\x63\
\x30\x20\x33\x33\x2e\x32\x38\x20\x32\x36\x2e\x39\x33\x31\x32\x20\
\x36\x30\x2e\x32\x31\x31\x32\x20\x36\x30\x2e\x32\x31\x31\x32\x20\
\x36\x30\x2e\x32\x31\x31\x32\x68\x31\x30\x34\x2e\x38\x30\x36\x34\
\x76\x36\x33\x2e\x38\x39\x37\x36\x6c\x37\x31\x2e\x36\x38\x2d\x35\
\x33\x2e\x37\x36\x20\x31\x35\x2e\x31\x35\x35\x32\x2d\x31\x30\x2e\
\x31\x33\x37\x36\x48\x37\x32\x31\x2e\x39\x32\x63\x33\x33\x2e\x32\
\x38\x20\x30\x20\x36\x30\x2e\x32\x31\x31\x32\x2d\x32\x36\x2e\x39\
\x38\x32\x34\x20\x36\x30\x2e\x32\x31\x31\x32\x2d\x36\x30\x2e\x32\
\x31\x31\x32\x56\x33\x30\x31\x2e\x39\x32\x36\x34\x63\x30\x2d\x33\
\x33\x2e\x32\x38\x2d\x32\x36\x2e\x39\x33\x31\x32\x2d\x36\x30\x2e\
\x32\x36\x32\x34\x2d\x36\x30\x2e\x32\x31\x31\x32\x2d\x36\x30\x2e\
\x32\x36\x32\x34\x7a\x4d\x34\x35\x31\x2e\x34\x33\x30\x34\x20\x33\
\x32\x39\x2e\x38\x33\x30\x34\x76\x32\x33\x31\x2e\x34\x32\x34\x6c\
\x31\x36\x31\x2e\x34\x38\x34\x38\x20\x39\x33\x2e\x38\x34\x39\x36\
\x2d\x34\x36\x2e\x39\x35\x30\x34\x20\x37\x37\x2e\x33\x31\x32\x2d\
\x32\x30\x35\x2e\x33\x31\x32\x2d\x31\x31\x39\x2e\x32\x39\x36\x20\
\x30\x2e\x37\x36\x38\x2d\x31\x2e\x32\x32\x38\x38\x56\x33\x32\x39\
\x2e\x38\x33\x30\x34\x68\x39\x30\x2e\x30\x30\x39\x36\x7a\x20\x6d\
\x34\x32\x36\x2e\x31\x38\x38\x38\x2d\x32\x34\x31\x2e\x31\x35\x32\
\x48\x33\x33\x35\x2e\x34\x36\x32\x34\x63\x2d\x33\x33\x2e\x32\x38\
\x20\x30\x2d\x36\x30\x2e\x32\x31\x31\x32\x20\x32\x36\x2e\x39\x33\
\x31\x32\x2d\x36\x30\x2e\x32\x31\x31\x32\x20\x36\x30\x2e\x32\x31\
\x31\x32\x6c\x2d\x30\x2e\x30\x35\x31\x32\x20\x36\x2e\x30\x39\x32\
\x38\x68\x34\x37\x33\x2e\x38\x35\x36\x63\x36\x36\x2e\x35\x36\x20\
\x30\x20\x31\x32\x30\x2e\x34\x37\x33\x36\x20\x35\x33\x2e\x39\x31\
\x33\x36\x20\x31\x32\x30\x2e\x34\x37\x33\x36\x20\x31\x32\x30\x2e\
\x34\x37\x33\x36\x76\x34\x31\x35\x2e\x34\x38\x38\x68\x38\x2e\x30\
\x38\x39\x36\x63\x33\x33\x2e\x32\x38\x20\x30\x20\x36\x30\x2e\x32\
\x31\x31\x32\x2d\x32\x36\x2e\x39\x33\x31\x32\x20\x36\x30\x2e\x32\
\x31\x31\x32\x2d\x36\x30\x2e\x32\x31\x31\x32\x56\x31\x34\x38\x2e\
\x38\x38\x39\x36\x63\x30\x2d\x33\x33\x2e\x32\x38\x2d\x32\x36\x2e\
\x39\x38\x32\x34\x2d\x36\x30\x2e\x32\x36\x32\x34\x2d\x36\x30\x2e\
\x32\x31\x31\x32\x2d\x36\x30\x2e\x32\x36\x32\x34\x7a\x22\x20\x70\
\x2d\x69\x64\x3d\x22\x35\x31\x33\x30\x22\x20\x66\x69\x6c\x6c\x3d\
\x22\x23\x33\x33\x33\x33\x33\x33\x22\x3e\x3c\x2f\x70\x61\x74\x68\
\x3e\x3c\x2f\x73\x76\x67\x3e\
\x00\x00\x02\x1a\
\x3c\
\x3f\x78\x6d\x6c\x20\x76\x65\x72\x73\x69\x6f\x6e\x3d\x22\x31\x2e\
\x30\x22\x20\x73\x74\x61\x6e\x64\x61\x6c\x6f\x6e\x65\x3d\x22\x6e\
\x6f\x22\x3f\x3e\x3c\x21\x44\x4f\x43\x54\x59\x50\x45\x20\x73\x76\
\x67\x20\x50\x55\x42\x4c\x49\x43\x20\x22\x2d\x2f\x2f\x57\x33\x43\
\x2f\x2f\x44\x54\x44\x20\x53\x56\x47\x20\x31\x2e\x31\x2f\x2f\x45\
\x4e\x22\x20\x22\x68\x74\x74\x70\x3a\x2f\x2f\x77\x77\x77\x2e\x77\
\x33\x2e\x6f\x72\x67\x2f\x47\x72\x61\x70\x68\x69\x63\x73\x2f\x53\
\x56\x47\x2f\x31\x2e\x31\x2f\x44\x54\x44\x2f\x73\x76\x67\x31\x31\
\x2e\x64\x74\x64\x22\x3e\x3c\x73\x76\x67\x20\x74\x3d\x22\x31\x37\
\x38\x33\x38\x33\x37\x36\x38\x36\x33\x39\x36\x22\x20\x63\x6c\x61\
\x73\x73\x3d\x22\x69\x63\x6f\x6e\x22\x20\x76\x69\x65\x77\x42\x6f\
\x78\x3d\x22\x30\x20\x30\x20\x31\x30\x32\x34\x20\x31\x30\x32\x34\
\x22\x20\x76\x65\x72\x73\x69\x6f\x6e\x3d\x22\x31\x2e\x31\x22\x20\
\x78\x6d\x6c\x6e\x73\x3d\x22\x68\x74\x74\x70\x3a\x2f\x2f\x77\x77\
\x77\x2e\x77\x33\x2e\x6f\x72\x67\x2f\x32\x30\x30\x30\x2f\x73\x76\
\x67\x22\x20\x70\x2d\x69\x64\x3d\x22\x35\x31\x34\x35\x22\x20\x78\
\x6d\x6c\x6e\x73\x3a\x78\x6c\x69\x6e\x6b\x3d\x22\x68\x74\x74\x70\
\x3a\x2f\x2f\x77\x77\x77\x2e\x77\x33\x2e\x6f\x72\x67\x2f\x31\x39\
\x39\x39\x2f\x78\x6c\x69\x6e\x6b\x22\x20\x77\x69\x64\x74\x68\x3d\
\x22\x32\x30\x30\x22\x20\x68\x65\x69\x67\x68\x74\x3d\x22\x32\x30\
\x30\x22\x3e\x3c\x70\x61\x74\x68\x20\x64\x3d\x22\x4d\x35\x34\x34\
\x20\x30\x76\x39\x36\x68\x34\x33\x37\x2e\x33\x34\x34\x61\x33\x32\
\x20\x33\x32\x20\x30\x20\x30\x20\x31\x20\x33\x32\x20\x33\x32\x76\
\x37\x36\x38\x61\x33\x32\x20\x33\x32\x20\x30\x20\x30\x20\x31\x2d\
\x33\x32\x20\x33\x32\x48\x35\x34\x34\x76\x39\x36\x68\x2d\x36\x34\
\x76\x2d\x39\x36\x48\x34\x32\x2e\x36\x35\x36\x61\x33\x32\x20\x33\
\x32\x20\x30\x20\x30\x20\x31\x2d\x33\x32\x2d\x33\x32\x56\x31\x32\
\x38\x61\x33\x32\x20\x33\x32\x20\x30\x20\x30\x20\x31\x20\x33\x32\
\x2d\x33\x32\x48\x34\x38\x30\x56\x30\x68\x36\x34\x7a\x20\x6d\x34\
\x30\x35\x2e\x33\x34\x34\x20\x31\x36\x30\x48\x35\x34\x34\x76\x37\
\x30\x34\x68\x34\x30\x35\x2e\x33\x34\x34\x56\x31\x36\x30\x7a\x22\
\x20\x70\x2d\x69\x64\x3d\x22\x35\x31\x34\x36\x22\x20\x66\x69\x6c\
\x6c\x3d\x22\x23\x33\x33\x33\x33\x33\x33\x22\x3e\x3c\x2f\x70\x61\
\x74\x68\x3e\x3c\x2f\x73\x76\x67\x3e\
\x00\x00\x04\x7e\
\x3c\
\x3f\x78\x6d\x6c\x20\x76\x65\x72\x73\x69\x6f\x6e\x3d\x22\x31\x2e\
\x30\x22\x20\x73\x74\x61\x6e\x64\x61\x6c\x6f\x6e\x65\x3d\x22\x6e\
\x6f\x22\x3f\x3e\x3c\x21\x44\x4f\x43\x54\x59\x50\x45\x20\x73\x76\
\x67\x20\x50\x55\x42\x4c\x49\x43\x20\x22\x2d\x2f\x2f\x57\x33\x43\
\x2f\x2f\x44\x54\x44\x20\x53\x56\x47\x20\x31\x2e\x31\x2f\x2f\x45\
\x4e\x22\x20\x22\x68\x74\x74\x70\x3a\x2f\x2f\x77\x77\x77\x2e\x77\
\x33\x2e\x6f\x72\x67\x2f\x47\x72\x61\x70\x68\x69\x63\x73\x2f\x53\
\x56\x47\x2f\x31\x2e\x31\x2f\x44\x54\x44\x2f\x73\x76\x67\x31\x31\
\x2e\x64\x74\x64\x22\x3e\x3c\x73\x76\x67\x20\x74\x3d\x22\x31\x37\
\x37\x39\x37\x36\x36\x30\x39\x33\x34\x32\x39\x22\x20\x63\x6c\x61\
\x73\x73\x3d\x22\x69\x63\x6f\x6e\x22\x20\x76\x69\x65\x77\x42\x6f\
\x78\x3d\x22\x30\x20\x30\x20\x31\x30\x32\x34\x20\x31\x30\x32\x34\
\x22\x20\x76\x65\x72\x73\x69\x6f\x6e\x3d\x22\x31\x2e\x31\x22\x20\
\x78\x6d\x6c\x6e\x73\x3d\x22\x68\x74\x74\x70\x3a\x2f\x2f\x77\x77\
\x77\x2e\x77\x33\x2e\x6f\x72\x67\x2f\x32\x30\x30\x30\x2f\x73\x76\
\x67\x22\x20\x70\x2d\x69\x64\x3d\x22\x31\x37\x35\x38\x37\x22\x20\
\x78\x6d\x6c\x6e\x73\x3a\x78\x6c\x69\x6e\x6b\x3d\x22\x68\x74\x74\
\x70\x3a\x2f\x2f\x77\x77\x77\x2e\x77\x33\x2e\x6f\x72\x67\x2f\x31\
\x39\x39\x39\x2f\x78\x6c\x69\x6e\x6b\x22\x20\x77\x69\x64\x74\x68\
\x3d\x22\x32\x30\x30\x22\x20\x68\x65\x69\x67\x68\x74\x3d\x22\x32\
\x30\x30\x22\x3e\x3c\x70\x61\x74\x68\x20\x64\x3d\x22\x4d\x34\x38\
\x36\x2e\x34\x20\x38\x35\x2e\x37\x36\x61\x34\x32\x2e\x32\x34\x20\
\x34\x32\x2e\x32\x34\x20\x30\x20\x31\x20\x31\x20\x30\x20\x38\x34\
\x2e\x34\x38\x48\x33\x30\x37\x2e\x32\x41\x31\x33\x36\x2e\x39\x36\
\x20\x31\x33\x36\x2e\x39\x36\x20\x30\x20\x30\x20\x30\x20\x31\x37\
\x30\x2e\x32\x34\x20\x33\x30\x37\x2e\x32\x76\x34\x30\x39\x2e\x36\
\x41\x31\x33\x36\x2e\x39\x36\x20\x31\x33\x36\x2e\x39\x36\x20\x30\
\x20\x30\x20\x30\x20\x33\x30\x37\x2e\x32\x20\x38\x35\x33\x2e\x37\
\x36\x68\x34\x30\x39\x2e\x36\x41\x31\x33\x36\x2e\x39\x36\x20\x31\
\x33\x36\x2e\x39\x36\x20\x30\x20\x30\x20\x30\x20\x38\x35\x33\x2e\
\x37\x36\x20\x37\x31\x36\x2e\x38\x76\x2d\x31\x37\x39\x2e\x32\x61\
\x34\x32\x2e\x32\x34\x20\x34\x32\x2e\x32\x34\x20\x30\x20\x30\x20\
\x31\x20\x38\x34\x2e\x34\x38\x20\x30\x56\x37\x31\x36\x2e\x38\x41\
\x32\x32\x31\x2e\x34\x34\x20\x32\x32\x31\x2e\x34\x34\x20\x30\x20\
\x30\x20\x31\x20\x37\x31\x36\x2e\x38\x20\x39\x33\x38\x2e\x32\x34\
\x48\x33\x30\x37\x2e\x32\x41\x32\x32\x31\x2e\x34\x34\x20\x32\x32\
\x31\x2e\x34\x34\x20\x30\x20\x30\x20\x31\x20\x38\x35\x2e\x37\x36\
\x20\x37\x31\x36\x2e\x38\x56\x33\x30\x37\x2e\x32\x41\x32\x32\x31\
\x2e\x34\x34\x20\x32\x32\x31\x2e\x34\x34\x20\x30\x20\x30\x20\x31\
\x20\x33\x30\x37\x2e\x32\x20\x38\x35\x2e\x37\x36\x68\x31\x37\x39\
\x2e\x32\x7a\x20\x6d\x34\x34\x34\x2e\x37\x32\x33\x32\x20\x37\x2e\
\x39\x38\x37\x32\x61\x31\x34\x34\x2e\x36\x34\x20\x31\x34\x34\x2e\
\x36\x34\x20\x30\x20\x30\x20\x31\x20\x30\x20\x32\x30\x34\x2e\x35\
\x34\x34\x6c\x2d\x32\x36\x34\x2e\x31\x39\x32\x20\x32\x36\x34\x2e\
\x31\x39\x32\x61\x31\x34\x34\x2e\x36\x34\x20\x31\x34\x34\x2e\x36\
\x34\x20\x30\x20\x30\x20\x31\x2d\x38\x36\x2e\x33\x32\x33\x32\x20\
\x34\x31\x2e\x34\x37\x32\x6c\x2d\x31\x32\x37\x2e\x32\x33\x32\x20\
\x31\x34\x2e\x31\x38\x32\x34\x61\x34\x32\x2e\x32\x34\x20\x34\x32\
\x2e\x32\x34\x20\x30\x20\x30\x20\x31\x2d\x34\x36\x2e\x35\x39\x32\
\x2d\x34\x36\x2e\x36\x34\x33\x32\x6c\x31\x34\x2e\x30\x38\x2d\x31\
\x32\x37\x2e\x32\x33\x32\x63\x33\x2e\x36\x33\x35\x32\x2d\x33\x32\
\x2e\x36\x31\x34\x34\x20\x31\x38\x2e\x32\x37\x38\x34\x2d\x36\x33\
\x2e\x30\x37\x38\x34\x20\x34\x31\x2e\x34\x37\x32\x2d\x38\x36\x2e\
\x32\x37\x32\x6c\x32\x36\x34\x2e\x32\x34\x33\x32\x2d\x32\x36\x34\
\x2e\x32\x34\x33\x32\x61\x31\x34\x34\x2e\x36\x34\x20\x31\x34\x34\
\x2e\x36\x34\x20\x30\x20\x30\x20\x31\x20\x32\x30\x34\x2e\x35\x34\
\x34\x20\x30\x7a\x20\x6d\x2d\x31\x34\x34\x2e\x37\x39\x33\x36\x20\
\x35\x39\x2e\x37\x35\x30\x34\x6c\x2d\x32\x36\x34\x2e\x31\x39\x32\
\x20\x32\x36\x34\x2e\x31\x39\x32\x61\x36\x30\x2e\x31\x36\x20\x36\
\x30\x2e\x31\x36\x20\x30\x20\x30\x20\x30\x2d\x31\x37\x2e\x33\x30\
\x35\x36\x20\x33\x35\x2e\x38\x39\x31\x32\x6c\x2d\x38\x2e\x32\x39\
\x34\x34\x20\x37\x34\x2e\x37\x35\x32\x20\x37\x34\x2e\x37\x35\x32\
\x2d\x38\x2e\x32\x39\x34\x34\x63\x31\x31\x2e\x32\x36\x34\x2d\x31\
\x2e\x32\x38\x20\x32\x32\x2e\x30\x31\x36\x2d\x35\x2e\x36\x38\x33\
\x32\x20\x33\x30\x2e\x38\x32\x32\x34\x2d\x31\x32\x2e\x37\x34\x38\
\x38\x6c\x35\x2e\x30\x36\x38\x38\x2d\x34\x2e\x35\x30\x35\x36\x20\
\x32\x36\x34\x2e\x31\x39\x32\x2d\x32\x36\x34\x2e\x31\x39\x32\x61\
\x36\x30\x2e\x31\x36\x20\x36\x30\x2e\x31\x36\x20\x30\x20\x31\x20\
\x30\x2d\x38\x35\x2e\x30\x34\x33\x32\x2d\x38\x35\x2e\x30\x39\x34\
\x34\x7a\x22\x20\x70\x2d\x69\x64\x3d\x22\x31\x37\x35\x38\x38\x22\
\x20\x66\x69\x6c\x6c\x3d\x22\x23\x33\x33\x33\x33\x33\x33\x22\x3e\
\x3c\x2f\x70\x61\x74\x68\x3e\x3c\x2f\x73\x76\x67\x3e\
\x00\x00\x02\x9c\
\x3c\
\x3f\x78\x6d\x6c\x20\x76\x65\x72\x73\x69\x6f\x6e\x3d\x22\x31\x2e\
\x30\x22\x20\x73\x74\x61\x6e\x64\x61\x6c\x6f\x6e\x65\x3d\x22\x6e\
\x6f\x22\x3f\x3e\x3c\x21\x44\x4f\x43\x54\x59\x50\x45\x20\x73\x76\
\x67\x20\x50\x55\x42\x4c\x49\x43\x20\x22\x2d\x2f\x2f\x57\x33\x43\
\x2f\x2f\x44\x54\x44\x20\x53\x56\x47\x20\x31\x2e\x31\x2f\x2f\x45\
\x4e\x22\x20\x22\x68\x74\x74\x70\x3a\x2f\x2f\x77\x77\x77\x2e\x77\
\x33\x2e\x6f\x72\x67\x2f\x47\x72\x61\x70\x68\x69\x63\x73\x2f\x53\
\x56\x47\x2f\x31\x2e\x31\x2f\x44\x54\x44\x2f\x73\x76\x67\x31\x31\
\x2e\x64\x74\x64\x22\x3e\x3c\x73\x76\x67\x20\x74\x3d\x22\x31\x37\
\x37\x36\x30\x39\x38\x35\x36\x34\x36\x36\x38\x22\x20\x63\x6c\x61\
\x73\x73\x3d\x22\x69\x63\x6f\x6e\x22\x20\x76\x69\x65\x77\x42\x6f\
\x78\x3d\x22\x30\x20\x30\x20\x31\x31\x30\x32\x20\x31\x30\x32\x34\
\x22\x20\x76\x65\x72\x73\x69\x6f\x6e\x3d\x22\x31\x2e\x31\x22\x20\
\x78\x6d\x6c\x6e\x73\x3d\x22\x68\x74\x74\x70\x3a\x2f\x2f\x77\x77\
\x77\x2e\x77\x33\x2e\x6f\x72\x67\x2f\x32\x30\x30\x30\x2f\x73\x76\
\x67\x22\x20\x70\x2d\x69\x64\x3d\x22\x39\x34\x30\x39\x22\x20\x78\
\x6d\x6c\x6e\x73\x3a\x78\x6c\x69\x6e\x6b\x3d\x22\x68\x74\x74\x70\
\x3a\x2f\x2f\x77\x77\x77\x2e\x77\x33\x2e\x6f\x72\x67\x2f\x31\x39\
\x39\x39\x2f\x78\x6c\x69\x6e\x6b\x22\x20\x77\x69\x64\x74\x68\x3d\
\x22\x32\x31\x35\x2e\x32\x33\x34\x33\x37\x35\x22\x20\x68\x65\x69\
\x67\x68\x74\x3d\x22\x32\x30\x30\x22\x3e\x3c\x70\x61\x74\x68\x20\
\x64\x3d\x22\x4d\x30\x20\x30\x76\x31\x30\x32\x34\x68\x31\x31\x30\
\x32\x2e\x37\x36\x39\x32\x33\x31\x56\x30\x7a\x20\x6d\x31\x30\x32\
\x34\x20\x37\x38\x37\x2e\x36\x39\x32\x33\x30\x38\x68\x2d\x32\x33\
\x36\x2e\x33\x30\x37\x36\x39\x32\x76\x31\x35\x37\x2e\x35\x33\x38\
\x34\x36\x31\x48\x33\x31\x35\x2e\x30\x37\x36\x39\x32\x33\x76\x2d\
\x31\x35\x37\x2e\x35\x33\x38\x34\x36\x31\x48\x37\x38\x2e\x37\x36\
\x39\x32\x33\x31\x56\x37\x38\x2e\x37\x36\x39\x32\x33\x31\x68\x39\
\x34\x35\x2e\x32\x33\x30\x37\x36\x39\x7a\x22\x20\x66\x69\x6c\x6c\
\x3d\x22\x23\x33\x33\x33\x33\x33\x33\x22\x20\x70\x2d\x69\x64\x3d\
\x22\x39\x34\x31\x30\x22\x3e\x3c\x2f\x70\x61\x74\x68\x3e\x3c\x70\
\x61\x74\x68\x20\x64\x3d\x22\x4d\x35\x35\x31\x2e\x33\x38\x34\x36\
\x31\x35\x20\x37\x30\x38\x2e\x39\x32\x33\x30\x37\x37\x6c\x33\x31\
\x35\x2e\x30\x37\x36\x39\x32\x33\x2d\x32\x33\x36\x2e\x33\x30\x37\
\x36\x39\x32\x48\x37\x30\x38\x2e\x39\x32\x33\x30\x37\x37\x56\x32\
\x33\x36\x2e\x33\x30\x37\x36\x39\x32\x48\x33\x39\x33\x2e\x38\x34\
\x36\x31\x35\x34\x76\x32\x33\x36\x2e\x33\x30\x37\x36\x39\x33\x48\
\x32\x33\x36\x2e\x33\x30\x37\x36\x39\x32\x6c\x33\x31\x35\x2e\x30\
\x37\x36\x39\x32\x33\x20\x32\x33\x36\x2e\x33\x30\x37\x36\x39\x32\
\x7a\x22\x20\x66\x69\x6c\x6c\x3d\x22\x23\x33\x33\x33\x33\x33\x33\
\x22\x20\x70\x2d\x69\x64\x3d\x22\x39\x34\x31\x31\x22\x3e\x3c\x2f\
\x70\x61\x74\x68\x3e\x3c\x2f\x73\x76\x67\x3e\
\x00\x00\x03\xd4\
\x3c\
\x3f\x78\x6d\x6c\x20\x76\x65\x72\x73\x69\x6f\x6e\x3d\x22\x31\x2e\
\x30\x22\x20\x73\x74\x61\x6e\x64\x61\x6c\x6f\x6e\x65\x3d\x22\x6e\
\x6f\x22\x3f\x3e\x3c\x21\x44\x4f\x43\x54\x59\x50\x45\x20\x73\x76\
\x67\x20\x50\x55\x42\x4c\x49\x43\x20\x22\x2d\x2f\x2f\x57\x33\x43\
\x2f\x2f\x44\x54\x44\x20\x53\x56\x47\x20\x31\x2e\x31\x2f\x2f\x45\
\x4e\x22\x20\x22\x68\x74\x74\x70\x3a\x2f\x2f\x77\x77\x77\x2e\x77\
\x33\x2e\x6f\x72\x67\x2f\x47\x72\x61\x70\x68\x69\x63\x73\x2f\x53\
\x56\x47\x2f\x31\x2e\x31\x2f\x44\x54\x44\x2f\x73\x76\x67\x31\x31\
\x2e\x64\x74\x64\x22\x3e\x3c\x73\x76\x67\x20\x74\x3d\x22\x31\x37\
\x36\x31\x35\x34\x34\x38\x39\x37\x36\x33\x34\x22\x20\x63\x6c\x61\
\x73\x73\x3d\x22\x69\x63\x6f\x6e\x22\x20\x76\x69\x65\x77\x42\x6f\
\x78\x3d\x22\x30\x20\x30\x20\x31\x30\x32\x34\x20\x31\x30\x32\x34\
\x22\x20\x76\x65\x72\x73\x69\x6f\x6e\x3d\x22\x31\x2e\x31\x22\x20\
\x78\x6d\x6c\x6e\x73\x3d\x22\x68\x74\x74\x70\x3a\x2f\x2f\x77\x77\
\x77\x2e\x77\x33\x2e\x6f\x72\x67\x2f\x32\x30\x30\x30\x2f\x73\x76\
\x67\x22\x20\x70\x2d\x69\x64\x3d\x22\x36\x33\x31\x36\x22\x20\x78\
\x6d\x6c\x6e\x73\x3a\x78\x6c\x69\x6e\x6b\x3d\x22\x68\x74\x74\x70\
\x3a\x2f\x2f\x77\x77\x77\x2e\x77\x33\x2e\x6f\x72\x67\x2f\x31\x39\
\x39\x39\x2f\x78\x6c\x69\x6e\x6b\x22\x20\x77\x69\x64\x74\x68\x3d\
\x22\x32\x30\x30\x22\x20\x68\x65\x69\x67\x68\x74\x3d\x22\x32\x30\
\x30\x22\x3e\x3c\x70\x61\x74\x68\x20\x64\x3d\x22\x4d\x35\x31\x32\
\x20\x35\x31\x32\x6d\x2d\x35\x31\x32\x20\x30\x61\x35\x31\x32\x20\
\x35\x31\x32\x20\x30\x20\x31\x20\x30\x20\x31\x30\x32\x34\x20\x30\
\x20\x35\x31\x32\x20\x35\x31\x32\x20\x30\x20\x31\x20\x30\x2d\x31\
\x30\x32\x34\x20\x30\x5a\x22\x20\x66\x69\x6c\x6c\x3d\x22\x23\x45\
\x35\x32\x42\x32\x37\x22\x20\x70\x2d\x69\x64\x3d\x22\x36\x33\x31\
\x37\x22\x3e\x3c\x2f\x70\x61\x74\x68\x3e\x3c\x70\x61\x74\x68\x20\
\x64\x3d\x22\x4d\x35\x31\x34\x2e\x30\x34\x38\x20\x37\x34\x38\x2e\
\x33\x30\x37\x36\x39\x32\x63\x31\x37\x2e\x36\x30\x34\x39\x32\x33\
\x20\x30\x20\x33\x31\x2e\x32\x37\x31\x33\x38\x35\x20\x34\x2e\x39\
\x36\x32\x34\x36\x32\x20\x34\x32\x2e\x39\x36\x38\x36\x31\x35\x20\
\x31\x36\x2e\x38\x39\x36\x20\x31\x30\x2e\x37\x35\x32\x20\x31\x30\
\x2e\x39\x30\x39\x35\x33\x38\x20\x31\x36\x2e\x36\x32\x30\x33\x30\
\x38\x20\x32\x34\x2e\x38\x31\x32\x33\x30\x38\x20\x31\x36\x2e\x36\
\x32\x30\x33\x30\x38\x20\x34\x31\x2e\x36\x36\x38\x39\x32\x33\x20\
\x30\x20\x31\x37\x2e\x38\x38\x30\x36\x31\x35\x2d\x35\x2e\x38\x36\
\x38\x33\x30\x38\x20\x33\x31\x2e\x37\x38\x33\x33\x38\x35\x2d\x31\
\x36\x2e\x36\x32\x30\x33\x30\x38\x20\x34\x32\x2e\x36\x39\x32\x39\
\x32\x33\x2d\x31\x31\x2e\x36\x39\x37\x32\x33\x31\x20\x31\x30\x2e\
\x39\x34\x38\x39\x32\x33\x2d\x32\x36\x2e\x33\x38\x37\x36\x39\x32\
\x20\x31\x36\x2e\x38\x39\x36\x2d\x34\x32\x2e\x39\x32\x39\x32\x33\
\x20\x31\x36\x2e\x38\x39\x36\x2d\x31\x36\x2e\x36\x32\x30\x33\x30\
\x38\x20\x30\x2d\x33\x30\x2e\x33\x32\x36\x31\x35\x34\x2d\x35\x2e\
\x39\x34\x37\x30\x37\x37\x2d\x34\x31\x2e\x30\x33\x38\x37\x37\x2d\
\x31\x36\x2e\x38\x39\x36\x61\x35\x38\x2e\x32\x31\x30\x34\x36\x32\
\x20\x35\x38\x2e\x32\x31\x30\x34\x36\x32\x20\x30\x20\x30\x20\x31\
\x2d\x31\x37\x2e\x35\x36\x35\x35\x33\x38\x2d\x34\x32\x2e\x36\x39\
\x32\x39\x32\x33\x63\x30\x2d\x31\x36\x2e\x38\x35\x36\x36\x31\x35\
\x20\x35\x2e\x38\x36\x38\x33\x30\x38\x2d\x33\x30\x2e\x37\x35\x39\
\x33\x38\x35\x20\x31\x37\x2e\x35\x36\x35\x35\x33\x38\x2d\x34\x31\
\x2e\x36\x36\x38\x39\x32\x33\x20\x31\x30\x2e\x37\x35\x32\x2d\x31\
\x31\x2e\x39\x33\x33\x35\x33\x38\x20\x32\x34\x2e\x34\x31\x38\x34\
\x36\x32\x2d\x31\x36\x2e\x38\x39\x36\x20\x34\x30\x2e\x39\x39\x39\
\x33\x38\x35\x2d\x31\x36\x2e\x38\x39\x36\x7a\x4d\x34\x37\x32\x2e\
\x36\x31\x35\x33\x38\x35\x20\x36\x37\x33\x2e\x31\x36\x31\x38\x34\
\x36\x4c\x34\x35\x31\x2e\x35\x38\x34\x20\x31\x35\x37\x2e\x35\x33\
\x38\x34\x36\x32\x68\x31\x32\x38\x4c\x35\x35\x31\x2e\x33\x38\x34\
\x36\x31\x35\x20\x36\x37\x33\x2e\x31\x36\x31\x38\x34\x36\x68\x2d\
\x37\x38\x2e\x37\x36\x39\x32\x33\x7a\x22\x20\x66\x69\x6c\x6c\x3d\
\x22\x23\x33\x33\x33\x33\x33\x33\x22\x20\x70\x2d\x69\x64\x3d\x22\
\x36\x33\x31\x38\x22\x3e\x3c\x2f\x70\x61\x74\x68\x3e\x3c\x2f\x73\
\x76\x67\x3e\
\x00\x00\x0a\x70\
\x3c\
\x3f\x78\x6d\x6c\x20\x76\x65\x72\x73\x69\x6f\x6e\x3d\x22\x31\x2e\
\x30\x22\x20\x73\x74\x61\x6e\x64\x61\x6c\x6f\x6e\x65\x3d\x22\x6e\
\x6f\x22\x3f\x3e\x3c\x21\x44\x4f\x43\x54\x59\x50\x45\x20\x73\x76\
\x67\x20\x50\x55\x42\x4c\x49\x43\x20\x22\x2d\x2f\x2f\x57\x33\x43\
\x2f\x2f\x44\x54\x44\x20\x53\x56\x47\x20\x31\x2e\x31\x2f\x2f\x45\
\x4e\x22\x20\x22\x68\x74\x74\x70\x3a\x2f\x2f\x77\x77\x77\x2e\x77\
\x33\x2e\x6f\x72\x67\x2f\x47\x72\x61\x70\x68\x69\x63\x73\x2f\x53\
\x56\x47\x2f\x31\x2e\x31\x2f\x44\x54\x44\x2f\x73\x76\x67\x31\x31\
\x2e\x64\x74\x64\x22\x3e\x3c\x73\x76\x67\x20\x74\x3d\x22\x31\x37\
\x37\x37\x34\x32\x34\x35\x34\x37\x32\x37\x37\x22\x20\x63\x6c\x61\
\x73\x73\x3d\x22\x69\x63\x6f\x6e\x22\x20\x76\x69\x65\x77\x42\x6f\
\x78\x3d\x22\x30\x20\x30\x20\x31\x30\x32\x34\x20\x31\x30\x32\x34\
\x22\x20\x76\x65\x72\x73\x69\x6f\x6e\x3d\x22\x31\x2e\x31\x22\x20\
\x78\x6d\x6c\x6e\x73\x3d\x22\x68\x74\x74\x70\x3a\x2f\x2f\x77\x77\
\x77\x2e\x77\x33\x2e\x6f\x72\x67\x2f\x32\x30\x30\x30\x2f\x73\x76\
\x67\x22\x20\x70\x2d\x69\x64\x3d\x22\x35\x37\x37\x34\x22\x20\x78\
\x6d\x6c\x6e\x73\x3a\x78\x6c\x69\x6e\x6b\x3d\x22\x68\x74\x74\x70\
\x3a\x2f\x2f\x77\x77\x77\x2e\x77\x33\x2e\x6f\x72\x67\x2f\x31\x39\
\x39\x39\x2f\x78\x6c\x69\x6e\x6b\x22\x20\x77\x69\x64\x74\x68\x3d\
\x22\x32\x30\x30\x22\x20\x68\x65\x69\x67\x68\x74\x3d\x22\x32\x30\
\x30\x22\x3e\x3c\x70\x61\x74\x68\x20\x64\x3d\x22\x4d\x36\x35\x33\
\x2e\x31\x36\x35\x37\x31\x34\x20\x37\x39\x35\x2e\x36\x34\x38\x68\
\x33\x32\x36\x2e\x35\x30\x39\x37\x31\x35\x61\x34\x35\x2e\x33\x34\
\x38\x35\x37\x31\x20\x34\x35\x2e\x33\x34\x38\x35\x37\x31\x20\x30\
\x20\x30\x20\x30\x20\x33\x39\x2e\x36\x34\x33\x34\x32\x38\x2d\x32\
\x37\x2e\x34\x32\x38\x35\x37\x31\x63\x34\x2e\x36\x38\x31\x31\x34\
\x33\x2d\x31\x35\x2e\x39\x34\x35\x31\x34\x33\x20\x30\x2d\x33\x34\
\x2e\x33\x30\x34\x2d\x31\x33\x2e\x39\x37\x30\x32\x38\x36\x2d\x34\
\x33\x2e\x34\x34\x36\x38\x35\x38\x6c\x2d\x31\x32\x31\x2e\x32\x37\
\x30\x38\x35\x37\x2d\x39\x31\x2e\x34\x32\x38\x35\x37\x31\x63\x2d\
\x31\x38\x2e\x37\x32\x34\x35\x37\x31\x2d\x31\x33\x2e\x37\x35\x30\
\x38\x35\x37\x2d\x34\x34\x2e\x33\x32\x34\x35\x37\x31\x2d\x31\x31\
\x2e\x34\x31\x30\x32\x38\x36\x2d\x35\x38\x2e\x33\x36\x38\x20\x36\
\x2e\x38\x37\x35\x34\x32\x39\x2d\x31\x33\x2e\x39\x37\x30\x32\x38\
\x36\x20\x31\x38\x2e\x32\x38\x35\x37\x31\x34\x2d\x31\x31\x2e\x37\
\x30\x32\x38\x35\x37\x20\x34\x33\x2e\x34\x34\x36\x38\x35\x37\x20\
\x37\x2e\x30\x32\x31\x37\x31\x35\x20\x35\x37\x2e\x31\x32\x34\x35\
\x37\x31\x6c\x32\x35\x2e\x36\x20\x32\x30\x2e\x36\x32\x36\x32\x38\
\x36\x48\x36\x35\x30\x2e\x38\x32\x35\x31\x34\x33\x61\x34\x31\x2e\
\x33\x39\x38\x38\x35\x37\x20\x34\x31\x2e\x33\x39\x38\x38\x35\x37\
\x20\x30\x20\x30\x20\x30\x2d\x34\x31\x2e\x39\x38\x34\x20\x34\x31\
\x2e\x31\x30\x36\x32\x38\x35\x63\x30\x20\x32\x32\x2e\x38\x39\x33\
\x37\x31\x34\x20\x32\x33\x2e\x34\x30\x35\x37\x31\x34\x20\x33\x36\
\x2e\x35\x37\x31\x34\x32\x39\x20\x34\x34\x2e\x33\x32\x34\x35\x37\
\x31\x20\x33\x36\x2e\x35\x37\x31\x34\x32\x39\x7a\x20\x6d\x33\x32\
\x36\x2e\x35\x30\x39\x37\x31\x35\x20\x35\x37\x2e\x31\x39\x37\x37\
\x31\x34\x48\x36\x35\x33\x2e\x31\x36\x35\x37\x31\x34\x61\x34\x35\
\x2e\x33\x34\x38\x35\x37\x31\x20\x34\x35\x2e\x33\x34\x38\x35\x37\
\x31\x20\x30\x20\x30\x20\x30\x2d\x33\x39\x2e\x36\x34\x33\x34\x32\
\x38\x20\x32\x37\x2e\x34\x32\x38\x35\x37\x32\x63\x2d\x34\x2e\x36\
\x38\x31\x31\x34\x33\x20\x31\x36\x2e\x30\x31\x38\x32\x38\x36\x20\
\x30\x20\x33\x34\x2e\x33\x30\x34\x20\x31\x34\x2e\x30\x34\x33\x34\
\x32\x38\x20\x34\x33\x2e\x34\x34\x36\x38\x35\x37\x6c\x31\x32\x31\
\x2e\x32\x37\x30\x38\x35\x37\x20\x39\x31\x2e\x34\x32\x38\x35\x37\
\x31\x63\x31\x38\x2e\x36\x35\x31\x34\x32\x39\x20\x31\x33\x2e\x37\
\x35\x30\x38\x35\x37\x20\x34\x34\x2e\x33\x32\x34\x35\x37\x31\x20\
\x31\x31\x2e\x34\x38\x33\x34\x32\x39\x20\x35\x38\x2e\x32\x39\x34\
\x38\x35\x38\x2d\x36\x2e\x38\x30\x32\x32\x38\x35\x20\x31\x34\x2e\
\x30\x34\x33\x34\x32\x39\x2d\x31\x38\x2e\x32\x38\x35\x37\x31\x34\
\x20\x31\x31\x2e\x37\x30\x32\x38\x35\x37\x2d\x34\x33\x2e\x34\x34\
\x36\x38\x35\x37\x2d\x37\x2e\x30\x32\x31\x37\x31\x35\x2d\x35\x37\
\x2e\x31\x39\x37\x37\x31\x35\x6c\x2d\x32\x35\x2e\x36\x2d\x32\x30\
\x2e\x35\x35\x33\x31\x34\x33\x68\x32\x30\x37\x2e\x35\x37\x39\x34\
\x32\x39\x63\x32\x33\x2e\x33\x33\x32\x35\x37\x31\x20\x30\x20\x34\
\x31\x2e\x39\x38\x34\x2d\x31\x38\x2e\x32\x38\x35\x37\x31\x34\x20\
\x34\x31\x2e\x39\x38\x34\x2d\x34\x31\x2e\x31\x37\x39\x34\x32\x38\
\x20\x30\x2d\x32\x32\x2e\x38\x32\x30\x35\x37\x31\x2d\x32\x30\x2e\
\x39\x39\x32\x2d\x33\x36\x2e\x35\x37\x31\x34\x32\x39\x2d\x34\x34\
\x2e\x33\x32\x34\x35\x37\x32\x2d\x33\x36\x2e\x35\x37\x31\x34\x32\
\x39\x7a\x20\x6d\x2d\x31\x39\x35\x2e\x39\x34\x39\x37\x31\x35\x2d\
\x35\x32\x33\x2e\x36\x32\x39\x37\x31\x34\x63\x2d\x31\x31\x2e\x37\
\x30\x32\x38\x35\x37\x2d\x32\x30\x2e\x34\x38\x2d\x33\x39\x2e\x36\
\x34\x33\x34\x32\x39\x2d\x32\x37\x2e\x34\x32\x38\x35\x37\x31\x2d\
\x36\x30\x2e\x36\x33\x35\x34\x32\x38\x2d\x31\x35\x2e\x39\x34\x35\
\x31\x34\x33\x4c\x34\x37\x33\x2e\x35\x32\x36\x38\x35\x37\x20\x34\
\x34\x33\x2e\x35\x33\x38\x32\x38\x36\x20\x32\x32\x33\x2e\x39\x36\
\x33\x34\x32\x39\x20\x33\x31\x33\x2e\x32\x37\x30\x38\x35\x37\x61\
\x34\x36\x2e\x31\x35\x33\x31\x34\x33\x20\x34\x36\x2e\x31\x35\x33\
\x31\x34\x33\x20\x30\x20\x30\x20\x30\x2d\x36\x30\x2e\x37\x30\x38\
\x35\x37\x32\x20\x31\x35\x2e\x39\x34\x35\x31\x34\x33\x20\x34\x31\
\x2e\x31\x30\x36\x32\x38\x36\x20\x34\x31\x2e\x31\x30\x36\x32\x38\
\x36\x20\x30\x20\x30\x20\x30\x20\x31\x36\x2e\x33\x38\x34\x20\x35\
\x37\x2e\x31\x39\x37\x37\x31\x34\x4c\x34\x33\x31\x2e\x35\x34\x32\
\x38\x35\x37\x20\x35\x31\x39\x2e\x30\x32\x31\x37\x31\x34\x76\x32\
\x38\x33\x2e\x35\x30\x31\x37\x31\x35\x63\x30\x20\x31\x36\x2e\x30\
\x39\x31\x34\x32\x39\x20\x39\x2e\x32\x38\x39\x31\x34\x33\x20\x32\
\x39\x2e\x37\x36\x39\x31\x34\x33\x20\x32\x33\x2e\x33\x33\x32\x35\
\x37\x32\x20\x33\x36\x2e\x35\x37\x31\x34\x32\x38\x61\x35\x30\x2e\
\x33\x32\x32\x32\x38\x36\x20\x35\x30\x2e\x33\x32\x32\x32\x38\x36\
\x20\x30\x20\x30\x20\x30\x20\x34\x34\x2e\x33\x32\x34\x35\x37\x31\
\x20\x30\x20\x34\x30\x2e\x36\x36\x37\x34\x32\x39\x20\x34\x30\x2e\
\x36\x36\x37\x34\x32\x39\x20\x30\x20\x30\x20\x30\x20\x32\x33\x2e\
\x33\x33\x32\x35\x37\x31\x2d\x33\x36\x2e\x35\x37\x31\x34\x32\x38\
\x56\x35\x31\x36\x2e\x37\x35\x34\x32\x38\x36\x6c\x32\x34\x34\x2e\
\x38\x38\x32\x32\x38\x36\x2d\x31\x32\x38\x61\x34\x33\x2e\x37\x33\
\x39\x34\x32\x39\x20\x34\x33\x2e\x37\x33\x39\x34\x32\x39\x20\x30\
\x20\x30\x20\x30\x20\x31\x36\x2e\x33\x31\x30\x38\x35\x37\x2d\x35\
\x39\x2e\x35\x33\x38\x32\x38\x36\x7a\x20\x6d\x2d\x36\x34\x38\x2e\
\x34\x31\x31\x34\x32\x38\x2d\x34\x37\x2e\x35\x34\x32\x38\x35\x37\
\x6c\x37\x2e\x33\x31\x34\x32\x38\x35\x2d\x37\x2e\x33\x31\x34\x32\
\x38\x36\x2d\x33\x2e\x36\x35\x37\x31\x34\x32\x20\x37\x2e\x33\x31\
\x34\x32\x38\x36\x68\x2d\x33\x2e\x36\x35\x37\x31\x34\x33\x7a\x22\
\x20\x70\x2d\x69\x64\x3d\x22\x35\x37\x37\x35\x22\x20\x66\x69\x6c\
\x6c\x3d\x22\x23\x33\x33\x33\x33\x33\x33\x22\x3e\x3c\x2f\x70\x61\
\x74\x68\x3e\x3c\x70\x61\x74\x68\x20\x64\x3d\x22\x4d\x34\x35\x30\
\x2e\x31\x39\x34\x32\x38\x36\x20\x39\x30\x33\x2e\x31\x36\x38\x6c\
\x2d\x31\x33\x2e\x39\x37\x30\x32\x38\x36\x2d\x36\x2e\x38\x37\x35\
\x34\x32\x39\x4c\x31\x30\x39\x2e\x36\x34\x31\x31\x34\x33\x20\x37\
\x32\x37\x2e\x30\x34\x6c\x2d\x32\x2e\x33\x34\x30\x35\x37\x32\x2d\
\x32\x2e\x33\x34\x30\x35\x37\x31\x63\x2d\x32\x2e\x33\x34\x30\x35\
\x37\x31\x2d\x32\x2e\x31\x39\x34\x32\x38\x36\x2d\x34\x2e\x36\x38\
\x31\x31\x34\x33\x2d\x34\x2e\x35\x33\x34\x38\x35\x37\x2d\x34\x2e\
\x36\x38\x31\x31\x34\x32\x2d\x36\x2e\x38\x30\x32\x32\x38\x36\x2d\
\x32\x2e\x33\x34\x30\x35\x37\x31\x2d\x32\x2e\x33\x34\x30\x35\x37\
\x31\x2d\x32\x2e\x33\x34\x30\x35\x37\x31\x2d\x34\x2e\x36\x30\x38\
\x2d\x32\x2e\x33\x34\x30\x35\x37\x32\x2d\x36\x2e\x38\x37\x35\x34\
\x32\x39\x56\x33\x30\x34\x2e\x31\x32\x38\x63\x30\x2d\x36\x2e\x38\
\x37\x35\x34\x32\x39\x20\x34\x2e\x36\x38\x31\x31\x34\x33\x2d\x31\
\x33\x2e\x37\x35\x30\x38\x35\x37\x20\x31\x31\x2e\x37\x30\x32\x38\
\x35\x37\x2d\x31\x38\x2e\x32\x38\x35\x37\x31\x34\x4c\x34\x36\x38\
\x2e\x38\x34\x35\x37\x31\x34\x20\x39\x33\x2e\x36\x39\x36\x63\x34\
\x2e\x36\x38\x31\x31\x34\x33\x2d\x32\x2e\x33\x34\x30\x35\x37\x31\
\x20\x37\x2e\x30\x32\x31\x37\x31\x34\x2d\x32\x2e\x33\x34\x30\x35\
\x37\x31\x20\x31\x31\x2e\x37\x30\x32\x38\x35\x37\x2d\x32\x2e\x33\
\x34\x30\x35\x37\x31\x20\x34\x2e\x36\x30\x38\x20\x30\x20\x39\x2e\
\x32\x38\x39\x31\x34\x33\x20\x30\x20\x31\x31\x2e\x36\x32\x39\x37\
\x31\x35\x20\x32\x2e\x33\x34\x30\x35\x37\x31\x6c\x33\x35\x39\x2e\
\x32\x30\x34\x35\x37\x31\x20\x31\x39\x32\x63\x37\x2e\x30\x32\x31\
\x37\x31\x34\x20\x34\x2e\x36\x30\x38\x20\x31\x31\x2e\x37\x30\x32\
\x38\x35\x37\x20\x31\x31\x2e\x34\x38\x33\x34\x32\x39\x20\x31\x31\
\x2e\x37\x30\x32\x38\x35\x37\x20\x31\x38\x2e\x32\x38\x35\x37\x31\
\x34\x76\x31\x35\x33\x2e\x32\x33\x34\x32\x38\x36\x63\x30\x20\x32\
\x37\x2e\x34\x32\x38\x35\x37\x31\x20\x32\x30\x2e\x39\x39\x32\x20\
\x34\x37\x2e\x39\x38\x31\x37\x31\x34\x20\x34\x39\x2e\x30\x30\x35\
\x37\x31\x35\x20\x34\x37\x2e\x39\x38\x31\x37\x31\x34\x20\x32\x37\
\x2e\x39\x34\x30\x35\x37\x31\x20\x30\x20\x34\x38\x2e\x39\x33\x32\
\x35\x37\x31\x2d\x32\x30\x2e\x34\x38\x20\x34\x38\x2e\x39\x33\x32\
\x35\x37\x31\x2d\x34\x37\x2e\x39\x38\x31\x37\x31\x34\x56\x33\x30\
\x34\x2e\x31\x32\x38\x63\x30\x2d\x33\x36\x2e\x35\x37\x31\x34\x32\
\x39\x2d\x32\x30\x2e\x39\x39\x32\x2d\x37\x30\x2e\x39\x34\x38\x35\
\x37\x31\x2d\x35\x33\x2e\x36\x38\x36\x38\x35\x37\x2d\x39\x31\x2e\
\x34\x32\x38\x35\x37\x31\x6c\x2d\x36\x2e\x39\x34\x38\x35\x37\x32\
\x2d\x34\x2e\x36\x30\x38\x4c\x35\x33\x38\x2e\x38\x34\x33\x34\x32\
\x39\x20\x31\x36\x2e\x30\x31\x38\x32\x38\x36\x43\x35\x32\x30\x2e\
\x31\x39\x32\x20\x36\x2e\x38\x37\x35\x34\x32\x39\x20\x34\x39\x39\
\x2e\x32\x20\x30\x20\x34\x37\x38\x2e\x31\x33\x34\x38\x35\x37\x20\
\x30\x63\x2d\x32\x30\x2e\x39\x31\x38\x38\x35\x37\x20\x30\x2d\x34\
\x31\x2e\x39\x31\x30\x38\x35\x37\x20\x34\x2e\x36\x30\x38\x2d\x36\
\x30\x2e\x36\x33\x35\x34\x32\x38\x20\x31\x36\x2e\x30\x31\x38\x32\
\x38\x36\x4c\x36\x30\x2e\x37\x30\x38\x35\x37\x31\x20\x32\x30\x38\
\x2e\x30\x39\x31\x34\x32\x39\x43\x32\x33\x2e\x34\x30\x35\x37\x31\
\x34\x20\x32\x32\x38\x2e\x36\x34\x34\x35\x37\x31\x20\x30\x20\x32\
\x36\x35\x2e\x32\x31\x36\x20\x30\x20\x33\x30\x34\x2e\x31\x32\x38\
\x76\x34\x30\x36\x2e\x39\x36\x36\x38\x35\x37\x63\x30\x20\x34\x31\
\x2e\x31\x37\x39\x34\x32\x39\x20\x32\x33\x2e\x33\x33\x32\x35\x37\
\x31\x20\x37\x37\x2e\x37\x35\x30\x38\x35\x37\x20\x36\x30\x2e\x37\
\x30\x38\x35\x37\x31\x20\x39\x36\x2e\x30\x33\x36\x35\x37\x32\x6c\
\x33\x35\x39\x2e\x31\x33\x31\x34\x32\x39\x20\x31\x38\x35\x2e\x31\
\x39\x37\x37\x31\x34\x61\x34\x37\x2e\x34\x36\x39\x37\x31\x34\x20\
\x34\x37\x2e\x34\x36\x39\x37\x31\x34\x20\x30\x20\x30\x20\x30\x20\
\x35\x38\x2e\x33\x36\x38\x2d\x34\x35\x2e\x37\x31\x34\x32\x38\x36\
\x63\x30\x2d\x31\x38\x2e\x32\x38\x35\x37\x31\x34\x2d\x31\x31\x2e\
\x37\x30\x32\x38\x35\x37\x2d\x33\x34\x2e\x33\x37\x37\x31\x34\x33\
\x2d\x32\x38\x2e\x30\x31\x33\x37\x31\x34\x2d\x34\x33\x2e\x34\x34\
\x36\x38\x35\x37\x7a\x22\x20\x70\x2d\x69\x64\x3d\x22\x35\x37\x37\
\x36\x22\x20\x66\x69\x6c\x6c\x3d\x22\x23\x33\x33\x33\x33\x33\x33\
\x22\x3e\x3c\x2f\x70\x61\x74\x68\x3e\x3c\x2f\x73\x76\x67\x3e\
\x00\x00\x02\x38\
\x3c\
\x3f\x78\x6d\x6c\x20\x76\x65\x72\x73\x69\x6f\x6e\x3d\x22\x31\x2e\
\x30\x22\x20\x73\x74\x61\x6e\x64\x61\x6c\x6f\x6e\x65\x3d\x22\x6e\
\x6f\x22\x3f\x3e\x3c\x21\x44\x4f\x43\x54\x59\x50\x45\x20\x73\x76\
\x67\x20\x50\x55\x42\x4c\x49\x43\x20\x22\x2d\x2f\x2f\x57\x33\x43\
\x2f\x2f\x44\x54\x44\x20\x53\x56\x47\x20\x31\x2e\x31\x2f\x2f\x45\
\x4e\x22\x20\x22\x68\x74\x74\x70\x3a\x2f\x2f\x77\x77\x77\x2e\x77\
\x33\x2e\x6f\x72\x67\x2f\x47\x72\x61\x70\x68\x69\x63\x73\x2f\x53\
\x56\x47\x2f\x31\x2e\x31\x2f\x44\x54\x44\x2f\x73\x76\x67\x31\x31\
\x2e\x64\x74\x64\x22\x3e\x3c\x73\x76\x67\x20\x74\x3d\x22\x31\x37\
\x37\x36\x39\x39\x36\x35\x34\x36\x39\x37\x36\x22\x20\x63\x6c\x61\
\x73\x73\x3d\x22\x69\x63\x6f\x6e\x22\x20\x76\x69\x65\x77\x42\x6f\
\x78\x3d\x22\x30\x20\x30\x20\x31\x30\x32\x34\x20\x31\x30\x32\x34\
\x22\x20\x76\x65\x72\x73\x69\x6f\x6e\x3d\x22\x31\x2e\x31\x22\x20\
\x78\x6d\x6c\x6e\x73\x3d\x22\x68\x74\x74\x70\x3a\x2f\x2f\x77\x77\
\x77\x2e\x77\x33\x2e\x6f\x72\x67\x2f\x32\x30\x30\x30\x2f\x73\x76\
\x67\x22\x20\x70\x2d\x69\x64\x3d\x22\x35\x32\x39\x31\x22\x20\x78\
\x6d\x6c\x6e\x73\x3a\x78\x6c\x69\x6e\x6b\x3d\x22\x68\x74\x74\x70\
\x3a\x2f\x2f\x77\x77\x77\x2e\x77\x33\x2e\x6f\x72\x67\x2f\x31\x39\
\x39\x39\x2f\x78\x6c\x69\x6e\x6b\x22\x20\x77\x69\x64\x74\x68\x3d\
\x22\x32\x30\x30\x22\x20\x68\x65\x69\x67\x68\x74\x3d\x22\x32\x30\
\x30\x22\x3e\x3c\x70\x61\x74\x68\x20\x64\x3d\x22\x4d\x37\x30\x34\
\x20\x33\x35\x32\x48\x31\x37\x33\x2e\x34\x6c\x31\x33\x37\x2e\x33\
\x2d\x31\x33\x37\x2e\x34\x61\x33\x32\x20\x33\x32\x20\x30\x20\x30\
\x20\x30\x2d\x34\x35\x2e\x32\x2d\x34\x35\x2e\x32\x4c\x37\x33\x2e\
\x39\x20\x33\x36\x30\x2e\x39\x61\x33\x32\x20\x33\x32\x20\x30\x20\
\x30\x20\x30\x20\x30\x20\x34\x35\x2e\x38\x6c\x31\x39\x31\x2e\x34\
\x20\x31\x39\x31\x2e\x39\x61\x33\x32\x20\x33\x32\x20\x30\x20\x31\
\x20\x30\x20\x34\x35\x2e\x33\x2d\x34\x35\x2e\x33\x4c\x31\x37\x33\
\x2e\x33\x20\x34\x31\x36\x48\x37\x30\x34\x61\x31\x39\x32\x20\x31\
\x39\x32\x20\x30\x20\x30\x20\x31\x20\x30\x20\x33\x38\x34\x68\x2d\
\x33\x32\x30\x61\x33\x32\x20\x33\x32\x20\x30\x20\x31\x20\x30\x20\
\x30\x20\x36\x34\x68\x33\x32\x30\x61\x32\x35\x36\x20\x32\x35\x36\
\x20\x30\x20\x30\x20\x30\x20\x30\x2d\x35\x31\x32\x7a\x22\x20\x66\
\x69\x6c\x6c\x3d\x22\x23\x33\x33\x33\x33\x33\x33\x22\x20\x70\x2d\
\x69\x64\x3d\x22\x35\x32\x39\x32\x22\x3e\x3c\x2f\x70\x61\x74\x68\
\x3e\x3c\x2f\x73\x76\x67\x3e\
\x00\x00\x06\xbc\
\x3c\
\x3f\x78\x6d\x6c\x20\x76\x65\x72\x73\x69\x6f\x6e\x3d\x22\x31\x2e\
\x30\x22\x20\x73\x74\x61\x6e\x64\x61\x6c\x6f\x6e\x65\x3d\x22\x6e\
\x6f\x22\x3f\x3e\x3c\x21\x44\x4f\x43\x54\x59\x50\x45\x20\x73\x76\
\x67\x20\x50\x55\x42\x4c\x49\x43\x20\x22\x2d\x2f\x2f\x57\x33\x43\
\x2f\x2f\x44\x54\x44\x20\x53\x56\x47\x20\x31\x2e\x31\x2f\x2f\x45\
\x4e\x22\x20\x22\x68\x74\x74\x70\x3a\x2f\x2f\x77\x77\x77\x2e\x77\
\x33\x2e\x6f\x72\x67\x2f\x47\x72\x61\x70\x68\x69\x63\x73\x2f\x53\
\x56\x47\x2f\x31\x2e\x31\x2f\x44\x54\x44\x2f\x73\x76\x67\x31\x31\
\x2e\x64\x74\x64\x22\x3e\x3c\x73\x76\x67\x20\x74\x3d\x22\x31\x37\
\x36\x31\x33\x36\x31\x35\x37\x30\x30\x30\x31\x22\x20\x63\x6c\x61\
\x73\x73\x3d\x22\x69\x63\x6f\x6e\x22\x20\x76\x69\x65\x77\x42\x6f\
\x78\x3d\x22\x30\x20\x30\x20\x31\x30\x32\x34\x20\x31\x30\x32\x34\
\x22\x20\x76\x65\x72\x73\x69\x6f\x6e\x3d\x22\x31\x2e\x31\x22\x20\
\x78\x6d\x6c\x6e\x73\x3d\x22\x68\x74\x74\x70\x3a\x2f\x2f\x77\x77\
\x77\x2e\x77\x33\x2e\x6f\x72\x67\x2f\x32\x30\x30\x30\x2f\x73\x76\
\x67\x22\x20\x70\x2d\x69\x64\x3d\x22\x34\x37\x35\x33\x22\x20\x78\
\x6d\x6c\x6e\x73\x3a\x78\x6c\x69\x6e\x6b\x3d\x22\x68\x74\x74\x70\
\x3a\x2f\x2f\x77\x77\x77\x2e\x77\x33\x2e\x6f\x72\x67\x2f\x31\x39\
\x39\x39\x2f\x78\x6c\x69\x6e\x6b\x22\x20\x77\x69\x64\x74\x68\x3d\
\x22\x32\x30\x30\x22\x20\x68\x65\x69\x67\x68\x74\x3d\x22\x32\x30\
\x30\x22\x3e\x3c\x70\x61\x74\x68\x20\x64\x3d\x22\x4d\x39\x38\x31\
\x2e\x39\x31\x37\x38\x30\x38\x20\x32\x37\x37\x2e\x37\x34\x32\x34\
\x36\x36\x48\x38\x31\x33\x2e\x35\x38\x39\x30\x34\x31\x56\x31\x32\
\x32\x2e\x30\x33\x38\x33\x35\x36\x63\x30\x2d\x31\x39\x2e\x36\x33\
\x38\x33\x35\x36\x2d\x31\x35\x2e\x34\x33\x30\x31\x33\x37\x2d\x33\
\x35\x2e\x30\x36\x38\x34\x39\x33\x2d\x33\x35\x2e\x30\x36\x38\x34\
\x39\x33\x2d\x33\x35\x2e\x30\x36\x38\x34\x39\x33\x48\x32\x35\x32\
\x2e\x34\x39\x33\x31\x35\x31\x63\x2d\x31\x39\x2e\x36\x33\x38\x33\
\x35\x36\x20\x30\x2d\x33\x35\x2e\x30\x36\x38\x34\x39\x33\x20\x31\
\x35\x2e\x34\x33\x30\x31\x33\x37\x2d\x33\x35\x2e\x30\x36\x38\x34\
\x39\x33\x20\x33\x35\x2e\x30\x36\x38\x34\x39\x33\x76\x31\x35\x35\
\x2e\x37\x30\x34\x31\x31\x48\x34\x32\x2e\x30\x38\x32\x31\x39\x32\
\x63\x2d\x31\x39\x2e\x36\x33\x38\x33\x35\x36\x20\x30\x2d\x33\x35\
\x2e\x30\x36\x38\x34\x39\x33\x20\x31\x35\x2e\x34\x33\x30\x31\x33\
\x37\x2d\x33\x35\x2e\x30\x36\x38\x34\x39\x33\x20\x33\x35\x2e\x30\
\x36\x38\x34\x39\x33\x56\x39\x31\x31\x2e\x37\x38\x30\x38\x32\x32\
\x63\x30\x20\x31\x39\x2e\x36\x33\x38\x33\x35\x36\x20\x31\x35\x2e\
\x34\x33\x30\x31\x33\x37\x20\x33\x35\x2e\x30\x36\x38\x34\x39\x33\
\x20\x33\x35\x2e\x30\x36\x38\x34\x39\x33\x20\x33\x35\x2e\x30\x36\
\x38\x34\x39\x33\x68\x39\x33\x39\x2e\x38\x33\x35\x36\x31\x36\x63\
\x31\x39\x2e\x36\x33\x38\x33\x35\x36\x20\x30\x20\x33\x35\x2e\x30\
\x36\x38\x34\x39\x33\x2d\x31\x35\x2e\x34\x33\x30\x31\x33\x37\x20\
\x33\x35\x2e\x30\x36\x38\x34\x39\x33\x2d\x33\x35\x2e\x30\x36\x38\
\x34\x39\x33\x56\x33\x31\x32\x2e\x38\x31\x30\x39\x35\x39\x63\x30\
\x2d\x31\x39\x2e\x36\x33\x38\x33\x35\x36\x2d\x31\x35\x2e\x34\x33\
\x30\x31\x33\x37\x2d\x33\x35\x2e\x30\x36\x38\x34\x39\x33\x2d\x33\
\x35\x2e\x30\x36\x38\x34\x39\x33\x2d\x33\x35\x2e\x30\x36\x38\x34\
\x39\x33\x7a\x20\x6d\x2d\x36\x39\x34\x2e\x33\x35\x36\x31\x36\x34\
\x2d\x31\x32\x30\x2e\x36\x33\x35\x36\x31\x37\x48\x37\x34\x33\x2e\
\x34\x35\x32\x30\x35\x35\x76\x31\x32\x30\x2e\x36\x33\x35\x36\x31\
\x37\x48\x32\x38\x37\x2e\x35\x36\x31\x36\x34\x34\x76\x2d\x31\x32\
\x30\x2e\x36\x33\x35\x36\x31\x37\x7a\x4d\x32\x35\x32\x2e\x34\x39\
\x33\x31\x35\x31\x20\x33\x34\x37\x2e\x38\x37\x39\x34\x35\x32\x68\
\x36\x39\x34\x2e\x33\x35\x36\x31\x36\x34\x76\x31\x33\x33\x2e\x32\
\x36\x30\x32\x37\x34\x68\x2d\x37\x34\x2e\x33\x34\x35\x32\x30\x35\
\x76\x2d\x35\x30\x2e\x34\x39\x38\x36\x33\x63\x30\x2d\x31\x39\x2e\
\x36\x33\x38\x33\x35\x36\x2d\x31\x35\x2e\x34\x33\x30\x31\x33\x37\
\x2d\x33\x35\x2e\x30\x36\x38\x34\x39\x33\x2d\x33\x35\x2e\x30\x36\
\x38\x34\x39\x34\x2d\x33\x35\x2e\x30\x36\x38\x34\x39\x33\x68\x2d\
\x31\x31\x37\x2e\x38\x33\x30\x31\x33\x37\x63\x2d\x31\x39\x2e\x36\
\x33\x38\x33\x35\x36\x20\x30\x2d\x33\x35\x2e\x30\x36\x38\x34\x39\
\x33\x20\x31\x35\x2e\x34\x33\x30\x31\x33\x37\x2d\x33\x35\x2e\x30\
\x36\x38\x34\x39\x33\x20\x33\x35\x2e\x30\x36\x38\x34\x39\x33\x76\
\x35\x30\x2e\x34\x39\x38\x36\x33\x68\x2d\x33\x33\x36\x2e\x36\x35\
\x37\x35\x33\x34\x76\x2d\x35\x30\x2e\x34\x39\x38\x36\x33\x63\x30\
\x2d\x31\x39\x2e\x36\x33\x38\x33\x35\x36\x2d\x31\x35\x2e\x34\x33\
\x30\x31\x33\x37\x2d\x33\x35\x2e\x30\x36\x38\x34\x39\x33\x2d\x33\
\x35\x2e\x30\x36\x38\x34\x39\x33\x2d\x33\x35\x2e\x30\x36\x38\x34\
\x39\x33\x68\x2d\x31\x31\x37\x2e\x38\x33\x30\x31\x33\x37\x63\x2d\
\x31\x39\x2e\x36\x33\x38\x33\x35\x36\x20\x30\x2d\x33\x35\x2e\x30\
\x36\x38\x34\x39\x33\x20\x31\x35\x2e\x34\x33\x30\x31\x33\x37\x2d\
\x33\x35\x2e\x30\x36\x38\x34\x39\x33\x20\x33\x35\x2e\x30\x36\x38\
\x34\x39\x33\x76\x35\x30\x2e\x34\x39\x38\x36\x33\x48\x37\x37\x2e\
\x31\x35\x30\x36\x38\x35\x76\x2d\x31\x33\x33\x2e\x32\x36\x30\x32\
\x37\x34\x48\x32\x35\x32\x2e\x34\x39\x33\x31\x35\x31\x7a\x20\x6d\
\x35\x34\x39\x2e\x38\x37\x33\x39\x37\x32\x20\x31\x31\x39\x2e\x32\
\x33\x32\x38\x37\x37\x76\x31\x34\x30\x2e\x32\x37\x33\x39\x37\x32\
\x68\x2d\x34\x37\x2e\x36\x39\x33\x31\x35\x76\x2d\x31\x34\x30\x2e\
\x32\x37\x33\x39\x37\x32\x68\x34\x37\x2e\x36\x39\x33\x31\x35\x7a\
\x20\x6d\x2d\x35\x32\x36\x2e\x30\x32\x37\x33\x39\x37\x20\x30\x76\
\x31\x34\x30\x2e\x32\x37\x33\x39\x37\x32\x68\x2d\x34\x37\x2e\x36\
\x39\x33\x31\x35\x31\x76\x2d\x31\x34\x30\x2e\x32\x37\x33\x39\x37\
\x32\x68\x34\x37\x2e\x36\x39\x33\x31\x35\x31\x7a\x4d\x37\x37\x2e\
\x31\x35\x30\x36\x38\x35\x20\x38\x37\x36\x2e\x37\x31\x32\x33\x32\
\x39\x56\x35\x35\x31\x2e\x32\x37\x36\x37\x31\x32\x68\x38\x31\x2e\
\x33\x35\x38\x39\x30\x34\x76\x38\x39\x2e\x37\x37\x35\x33\x34\x33\
\x63\x30\x20\x31\x39\x2e\x36\x33\x38\x33\x35\x36\x20\x31\x35\x2e\
\x34\x33\x30\x31\x33\x37\x20\x33\x35\x2e\x30\x36\x38\x34\x39\x33\
\x20\x33\x35\x2e\x30\x36\x38\x34\x39\x33\x20\x33\x35\x2e\x30\x36\
\x38\x34\x39\x33\x68\x31\x31\x37\x2e\x38\x33\x30\x31\x33\x37\x63\
\x31\x39\x2e\x36\x33\x38\x33\x35\x36\x20\x30\x20\x33\x35\x2e\x30\
\x36\x38\x34\x39\x33\x2d\x31\x35\x2e\x34\x33\x30\x31\x33\x37\x20\
\x33\x35\x2e\x30\x36\x38\x34\x39\x33\x2d\x33\x35\x2e\x30\x36\x38\
\x34\x39\x33\x76\x2d\x38\x39\x2e\x37\x37\x35\x33\x34\x33\x68\x33\
\x33\x36\x2e\x36\x35\x37\x35\x33\x35\x76\x38\x39\x2e\x37\x37\x35\
\x33\x34\x33\x63\x30\x20\x31\x39\x2e\x36\x33\x38\x33\x35\x36\x20\
\x31\x35\x2e\x34\x33\x30\x31\x33\x37\x20\x33\x35\x2e\x30\x36\x38\
\x34\x39\x33\x20\x33\x35\x2e\x30\x36\x38\x34\x39\x33\x20\x33\x35\
\x2e\x30\x36\x38\x34\x39\x33\x68\x31\x31\x37\x2e\x38\x33\x30\x31\
\x33\x37\x63\x31\x39\x2e\x36\x33\x38\x33\x35\x36\x20\x30\x20\x33\
\x35\x2e\x30\x36\x38\x34\x39\x33\x2d\x31\x35\x2e\x34\x33\x30\x31\
\x33\x37\x20\x33\x35\x2e\x30\x36\x38\x34\x39\x33\x2d\x33\x35\x2e\
\x30\x36\x38\x34\x39\x33\x76\x2d\x38\x39\x2e\x37\x37\x35\x33\x34\
\x33\x68\x37\x34\x2e\x33\x34\x35\x32\x30\x35\x76\x33\x32\x34\x2e\
\x30\x33\x32\x38\x37\x37\x48\x37\x37\x2e\x31\x35\x30\x36\x38\x35\
\x7a\x22\x20\x66\x69\x6c\x6c\x3d\x22\x23\x33\x33\x33\x33\x33\x33\
\x22\x20\x70\x2d\x69\x64\x3d\x22\x34\x37\x35\x34\x22\x3e\x3c\x2f\
\x70\x61\x74\x68\x3e\x3c\x2f\x73\x76\x67\x3e\
"

qt_resource_name = b"\
\x00\x0b\
\x09\xbd\xb1\x54\
\x00\x69\
\x00\x63\x00\x6f\x00\x6e\x00\x73\x00\x5f\x00\x6c\x00\x69\x00\x67\x00\x68\x00\x74\
\x00\x07\
\x00\x9e\x9a\x87\
\x59\x27\
\x6a\x21\x57\x8b\x00\x2e\x00\x73\x00\x76\x00\x67\
\x00\x06\
\x01\x28\x56\xe7\
\x5b\xfc\
\x51\x65\x00\x2e\x00\x73\x00\x76\x00\x67\
\x00\x0e\
\x01\x55\x28\x47\
\x00\x70\
\x00\x6c\x00\x61\x00\x6e\x00\x2d\x00\x61\x00\x67\x00\x65\x00\x6e\x00\x74\x00\x2e\x00\x73\x00\x76\x00\x67\
\x00\x07\
\x01\x83\x5a\x67\
\x00\x4d\
\x00\x43\x00\x50\x00\x2e\x00\x73\x00\x76\x00\x67\
\x00\x08\
\x01\x8e\x4f\xa7\
\x5b\x57\
\x4f\x53\x59\x27\x5c\x0f\x00\x2e\x00\x73\x00\x76\x00\x67\
\x00\x07\
\x02\x84\xf5\x07\
\x4e\x91\
\x90\x1a\x4f\xe1\x00\x2e\x00\x73\x00\x76\x00\x67\
\x00\x06\
\x03\x09\x51\x07\
\x59\x0d\
\x52\x36\x00\x2e\x00\x73\x00\x76\x00\x67\
\x00\x06\
\x03\x34\x48\xa7\
\x89\xe3\
\x95\x01\x00\x2e\x00\x73\x00\x76\x00\x67\
\x00\x07\
\x03\xa3\x5a\x27\
\x00\x6c\
\x00\x73\x00\x70\x00\x2e\x00\x73\x00\x76\x00\x67\
\x00\x07\
\x04\x09\x80\xe7\
\x67\x00\
\x5c\x0f\x53\x16\x00\x2e\x00\x73\x00\x76\x00\x67\
\x00\x06\
\x04\x53\x56\x87\
\x5c\x55\
\x5f\x00\x00\x2e\x00\x73\x00\x76\x00\x67\
\x00\x06\
\x04\x53\x57\x27\
\x65\xe0\
\x96\x50\x00\x2e\x00\x73\x00\x76\x00\x67\
\x00\x06\
\x04\xc6\x56\xc7\
\x5b\x57\
\x4f\x53\x00\x2e\x00\x73\x00\x76\x00\x67\
\x00\x07\
\x05\x89\x83\x07\
\x67\x00\
\x59\x27\x53\x16\x00\x2e\x00\x73\x00\x76\x00\x67\
\x00\x06\
\x05\x92\x51\xc7\
\x52\x06\
\x65\x2f\x00\x2e\x00\x73\x00\x76\x00\x67\
\x00\x09\
\x06\x26\x84\x07\
\x00\x68\
\x00\x6f\x00\x6f\x00\x6b\x00\x73\x00\x2e\x00\x73\x00\x76\x00\x67\
\x00\x06\
\x06\x3d\x57\xa7\
\x63\xd0\
\x79\x3a\x00\x2e\x00\x73\x00\x76\x00\x67\
\x00\x07\
\x07\x38\xba\xc7\
\x68\x39\
\x76\xee\x5f\x55\x00\x2e\x00\x73\x00\x76\x00\x67\
\x00\x08\
\x07\x5b\xd9\x27\
\x65\xb0\
\x5e\xfa\x7a\x97\x53\xe3\x00\x2e\x00\x73\x00\x76\x00\x67\
\x00\x0a\
\x08\x3a\x9c\x87\
\x00\x4f\
\x00\x6c\x00\x6c\x00\x61\x00\x6d\x00\x61\x00\x2e\x00\x73\x00\x76\x00\x67\
\x00\x06\
\x08\x5d\x57\x47\
\x66\xf4\
\x59\x1a\x00\x2e\x00\x73\x00\x76\x00\x67\
\x00\x06\
\x08\x67\x51\xa7\
\x52\x20\
\x96\x64\x00\x2e\x00\x73\x00\x76\x00\x67\
\x00\x07\
\x08\xe1\x74\x07\
\x91\xcd\
\x54\x7d\x54\x0d\x00\x2e\x00\x73\x00\x76\x00\x67\
\x00\x0a\
\x09\x24\x3b\x67\
\x5f\x00\
\x67\x3a\x81\xea\x52\xa8\x54\x2f\x52\xa8\x00\x2e\x00\x73\x00\x76\x00\x67\
\x00\x07\
\x09\x26\x87\x67\
\x66\x7a\
\x80\xfd\x4f\x53\x00\x2e\x00\x73\x00\x76\x00\x67\
\x00\x08\
\x09\x64\x57\x07\
\x00\x67\
\x00\x72\x00\x6f\x00\x71\x00\x2e\x00\x73\x00\x76\x00\x67\
\x00\x08\
\x09\xda\xca\x87\
\x95\x7f\
\x67\x1f\x8b\xb0\x5f\xc6\x00\x2e\x00\x73\x00\x76\x00\x67\
\x00\x06\
\x09\xfd\x57\xa7\
\x65\xb0\
\x5e\xfa\x00\x2e\x00\x73\x00\x76\x00\x67\
\x00\x06\
\x0b\xad\x49\x87\
\x95\x01\
\x5b\x9a\x00\x2e\x00\x73\x00\x76\x00\x67\
\x00\x08\
\x0c\x0a\x62\x07\
\x91\x4d\
\x7f\x6e\x7b\xa1\x74\x06\x00\x2e\x00\x73\x00\x76\x00\x67\
\x00\x08\
\x0d\x14\x56\xa7\
\x4e\x3b\
\x98\x98\x98\xce\x68\x3c\x00\x2e\x00\x73\x00\x76\x00\x67\
\x00\x06\
\x0d\x63\x56\x27\
\x62\x98\
\x53\xe0\x00\x2e\x00\x73\x00\x76\x00\x67\
\x00\x08\
\x0d\x67\x7f\xe7\
\x53\x86\
\x53\xf2\x5b\xf9\x8b\xdd\x00\x2e\x00\x73\x00\x76\x00\x67\
\x00\x08\
\x0d\x6b\xd2\xc7\
\x5d\xee\
\x5f\x02\x5b\xf9\x6b\xd4\x00\x2e\x00\x73\x00\x76\x00\x67\
\x00\x07\
\x0d\x80\x8c\x87\
\x65\xb0\
\x4f\x1a\x8b\xdd\x00\x2e\x00\x73\x00\x76\x00\x67\
\x00\x06\
\x0d\x86\x56\x67\
\x5f\x52\
\x68\x63\x00\x2e\x00\x73\x00\x76\x00\x67\
\x00\x07\
\x0d\x8a\x96\x67\
\x60\xca\
\x53\xf9\x53\xf7\x00\x2e\x00\x73\x00\x76\x00\x67\
\x00\x08\
\x0e\x76\x5f\x27\
\x6a\x21\
\x57\x8b\x90\x09\x62\xe9\x00\x2e\x00\x73\x00\x76\x00\x67\
\x00\x06\
\x0f\x43\x57\x67\
\x64\xa4\
\x95\x00\x00\x2e\x00\x73\x00\x76\x00\x67\
\x00\x06\
\x0f\xca\x56\x87\
\x5d\xe5\
\x51\x77\x00\x2e\x00\x73\x00\x76\x00\x67\
"

qt_resource_struct_v1 = b"\
\x00\x00\x00\x00\x00\x02\x00\x00\x00\x01\x00\x00\x00\x01\
\x00\x00\x00\x00\x00\x02\x00\x00\x00\x28\x00\x00\x00\x02\
\x00\x00\x00\x1c\x00\x00\x00\x00\x00\x01\x00\x00\x00\x00\
\x00\x00\x00\x30\x00\x00\x00\x00\x00\x01\x00\x00\x11\xc2\
\x00\x00\x00\x42\x00\x00\x00\x00\x00\x01\x00\x00\x15\xd5\
\x00\x00\x00\x64\x00\x00\x00\x00\x00\x01\x00\x00\x19\x49\
\x00\x00\x00\x78\x00\x00\x00\x00\x00\x01\x00\x00\x25\x4a\
\x00\x00\x00\x8e\x00\x00\x00\x00\x00\x01\x00\x00\x29\x46\
\x00\x00\x00\xa2\x00\x00\x00\x00\x00\x01\x00\x00\x36\x2c\
\x00\x00\x00\xb4\x00\x00\x00\x00\x00\x01\x00\x00\x3a\x95\
\x00\x00\x00\xc6\x00\x00\x00\x00\x00\x01\x00\x00\x3f\x0a\
\x00\x00\x00\xda\x00\x00\x00\x00\x00\x01\x00\x00\x42\x7e\
\x00\x00\x00\xee\x00\x00\x00\x00\x00\x01\x00\x00\x44\x54\
\x00\x00\x01\x00\x00\x00\x00\x00\x00\x01\x00\x00\x47\x84\
\x00\x00\x01\x12\x00\x00\x00\x00\x00\x01\x00\x00\x4d\x89\
\x00\x00\x01\x24\x00\x00\x00\x00\x00\x01\x00\x00\x4f\x9b\
\x00\x00\x01\x38\x00\x00\x00\x00\x00\x01\x00\x00\x52\x46\
\x00\x00\x01\x4a\x00\x00\x00\x00\x00\x01\x00\x00\x56\xd0\
\x00\x00\x01\x62\x00\x00\x00\x00\x00\x01\x00\x00\x60\x0a\
\x00\x00\x01\x74\x00\x00\x00\x00\x00\x01\x00\x00\x6f\xa3\
\x00\x00\x01\x88\x00\x00\x00\x00\x00\x01\x00\x00\x72\xe3\
\x00\x00\x01\x9e\x00\x00\x00\x00\x00\x01\x00\x00\x76\x7d\
\x00\x00\x01\xb8\x00\x00\x00\x00\x00\x01\x00\x00\x81\x87\
\x00\x00\x01\xca\x00\x00\x00\x00\x00\x01\x00\x00\x83\xb3\
\x00\x00\x01\xdc\x00\x00\x00\x00\x00\x01\x00\x00\x8d\xf2\
\x00\x00\x01\xf0\x00\x00\x00\x00\x00\x01\x00\x00\x97\x43\
\x00\x00\x02\x0a\x00\x00\x00\x00\x00\x01\x00\x00\x9c\x81\
\x00\x00\x02\x1e\x00\x00\x00\x00\x00\x01\x00\x00\xa0\xa8\
\x00\x00\x02\x34\x00\x00\x00\x00\x00\x01\x00\x00\xa4\x9d\
\x00\x00\x02\x4a\x00\x00\x00\x00\x00\x01\x00\x00\xb2\x00\
\x00\x00\x02\x5c\x00\x00\x00\x00\x00\x01\x00\x00\xb5\x22\
\x00\x00\x02\x6e\x00\x00\x00\x00\x00\x01\x00\x00\xb9\xba\
\x00\x00\x02\x84\x00\x00\x00\x00\x00\x01\x00\x00\xc2\xee\
\x00\x00\x02\x9a\x00\x00\x00\x00\x00\x01\x00\x00\xc8\xf2\
\x00\x00\x02\xac\x00\x00\x00\x00\x00\x01\x00\x00\xcb\x1b\
\x00\x00\x02\xc2\x00\x00\x00\x00\x00\x01\x00\x00\xd0\x47\
\x00\x00\x02\xd8\x00\x00\x00\x00\x00\x01\x00\x00\xd2\x65\
\x00\x00\x02\xec\x00\x00\x00\x00\x00\x01\x00\x00\xd6\xe7\
\x00\x00\x02\xfe\x00\x00\x00\x00\x00\x01\x00\x00\xd9\x87\
\x00\x00\x03\x12\x00\x00\x00\x00\x00\x01\x00\x00\xdd\x5f\
\x00\x00\x03\x28\x00\x00\x00\x00\x00\x01\x00\x00\xe7\xd3\
\x00\x00\x03\x3a\x00\x00\x00\x00\x00\x01\x00\x00\xea\x0f\
"

qt_resource_struct_v2 = b"\
\x00\x00\x00\x00\x00\x02\x00\x00\x00\x01\x00\x00\x00\x01\
\x00\x00\x00\x00\x00\x00\x00\x00\
\x00\x00\x00\x00\x00\x02\x00\x00\x00\x28\x00\x00\x00\x02\
\x00\x00\x00\x00\x00\x00\x00\x00\
\x00\x00\x00\x1c\x00\x00\x00\x00\x00\x01\x00\x00\x00\x00\
\x00\x00\x01\x9f\x5a\x50\xd2\xac\
\x00\x00\x00\x30\x00\x00\x00\x00\x00\x01\x00\x00\x11\xc2\
\x00\x00\x01\x9f\x5a\x50\xd2\xbb\
\x00\x00\x00\x42\x00\x00\x00\x00\x00\x01\x00\x00\x15\xd5\
\x00\x00\x01\x9f\x5a\x50\xd2\x84\
\x00\x00\x00\x64\x00\x00\x00\x00\x00\x01\x00\x00\x19\x49\
\x00\x00\x01\x9f\x5a\x50\xd2\x79\
\x00\x00\x00\x78\x00\x00\x00\x00\x00\x01\x00\x00\x25\x4a\
\x00\x00\x01\x9f\x5a\x50\xd2\xb6\
\x00\x00\x00\x8e\x00\x00\x00\x00\x00\x01\x00\x00\x29\x46\
\x00\x00\x01\x9f\x5a\x50\xd2\x8f\
\x00\x00\x00\xa2\x00\x00\x00\x00\x00\x01\x00\x00\x36\x2c\
\x00\x00\x01\x9f\x5a\x50\xd2\xa5\
\x00\x00\x00\xb4\x00\x00\x00\x00\x00\x01\x00\x00\x3a\x95\
\x00\x00\x01\x9f\x5a\x50\xd3\x35\
\x00\x00\x00\xc6\x00\x00\x00\x00\x00\x01\x00\x00\x3f\x0a\
\x00\x00\x01\x9f\x5a\x50\xd2\x73\
\x00\x00\x00\xda\x00\x00\x00\x00\x00\x01\x00\x00\x42\x7e\
\x00\x00\x01\x9f\x5a\x50\xd3\x22\
\x00\x00\x00\xee\x00\x00\x00\x00\x00\x01\x00\x00\x44\x54\
\x00\x00\x01\x9f\x5a\x50\xd2\xbf\
\x00\x00\x01\x00\x00\x00\x00\x00\x00\x01\x00\x00\x47\x84\
\x00\x00\x01\x9f\x5a\x50\xd3\x10\
\x00\x00\x01\x12\x00\x00\x00\x00\x00\x01\x00\x00\x4d\x89\
\x00\x00\x01\x9f\x5a\x50\xd2\xb2\
\x00\x00\x01\x24\x00\x00\x00\x00\x00\x01\x00\x00\x4f\x9b\
\x00\x00\x01\x9f\x5a\x50\xd3\x1e\
\x00\x00\x01\x38\x00\x00\x00\x00\x00\x01\x00\x00\x52\x46\
\x00\x00\x01\x9f\x5a\x50\xd2\x96\
\x00\x00\x01\x4a\x00\x00\x00\x00\x00\x01\x00\x00\x56\xd0\
\x00\x00\x01\x9f\x5a\x50\xd2\x70\
\x00\x00\x01\x62\x00\x00\x00\x00\x00\x01\x00\x00\x60\x0a\
\x00\x00\x01\x9f\x5a\x50\xd2\xf1\
\x00\x00\x01\x74\x00\x00\x00\x00\x00\x01\x00\x00\x6f\xa3\
\x00\x00\x01\x9f\x5a\x50\xd3\x29\
\x00\x00\x01\x88\x00\x00\x00\x00\x00\x01\x00\x00\x72\xe3\
\x00\x00\x01\x9f\x5a\x50\xd3\x0c\
\x00\x00\x01\x9e\x00\x00\x00\x00\x00\x01\x00\x00\x76\x7d\
\x00\x00\x01\x9f\x5a\x50\xd2\x7e\
\x00\x00\x01\xb8\x00\x00\x00\x00\x00\x01\x00\x00\x81\x87\
\x00\x00\x01\x9f\x5a\x50\xd3\x1b\
\x00\x00\x01\xca\x00\x00\x00\x00\x00\x01\x00\x00\x83\xb3\
\x00\x00\x01\x9f\x5a\x50\xd2\x9b\
\x00\x00\x01\xdc\x00\x00\x00\x00\x00\x01\x00\x00\x8d\xf2\
\x00\x00\x01\x9f\x5a\x50\xd3\x3d\
\x00\x00\x01\xf0\x00\x00\x00\x00\x00\x01\x00\x00\x97\x43\
\x00\x00\x01\x9f\x5a\x50\xd2\xce\
\x00\x00\x02\x0a\x00\x00\x00\x00\x00\x01\x00\x00\x9c\x81\
\x00\x00\x01\x9f\x5a\x50\xd3\x16\
\x00\x00\x02\x1e\x00\x00\x00\x00\x00\x01\x00\x00\xa0\xa8\
\x00\x00\x01\x9f\x5a\x50\xd2\x6d\
\x00\x00\x02\x34\x00\x00\x00\x00\x00\x01\x00\x00\xa4\x9d\
\x00\x00\x01\x9f\x5a\x50\xd3\x46\
\x00\x00\x02\x4a\x00\x00\x00\x00\x00\x01\x00\x00\xb2\x00\
\x00\x00\x01\x9f\x5a\x50\xd3\x06\
\x00\x00\x02\x5c\x00\x00\x00\x00\x00\x01\x00\x00\xb5\x22\
\x00\x00\x01\x9f\x5a\x50\xd3\x42\
\x00\x00\x02\x6e\x00\x00\x00\x00\x00\x01\x00\x00\xb9\xba\
\x00\x00\x01\x9f\x5a\x50\xd3\x3a\
\x00\x00\x02\x84\x00\x00\x00\x00\x00\x01\x00\x00\xc2\xee\
\x00\x00\x01\x9f\x5a\x50\xd2\x8c\
\x00\x00\x02\x9a\x00\x00\x00\x00\x00\x01\x00\x00\xc8\xf2\
\x00\x00\x01\x9f\x5a\x50\xd2\xe7\
\x00\x00\x02\xac\x00\x00\x00\x00\x00\x01\x00\x00\xcb\x1b\
\x00\x00\x01\x9f\x5a\x50\xd2\x9f\
\x00\x00\x02\xc2\x00\x00\x00\x00\x00\x01\x00\x00\xd0\x47\
\x00\x00\x01\x9f\x5a\x50\xd2\xc8\
\x00\x00\x02\xd8\x00\x00\x00\x00\x00\x01\x00\x00\xd2\x65\
\x00\x00\x01\x9f\x5a\x50\xd2\xff\
\x00\x00\x02\xec\x00\x00\x00\x00\x00\x01\x00\x00\xd6\xe7\
\x00\x00\x01\x9f\x5a\x50\xd2\xd2\
\x00\x00\x02\xfe\x00\x00\x00\x00\x00\x01\x00\x00\xd9\x87\
\x00\x00\x01\x9f\x5a\x50\xd2\xd7\
\x00\x00\x03\x12\x00\x00\x00\x00\x00\x01\x00\x00\xdd\x5f\
\x00\x00\x01\x9f\x5a\x50\xd3\x2e\
\x00\x00\x03\x28\x00\x00\x00\x00\x00\x01\x00\x00\xe7\xd3\
\x00\x00\x01\x9f\x5a\x50\xd2\xf7\
\x00\x00\x03\x3a\x00\x00\x00\x00\x00\x01\x00\x00\xea\x0f\
\x00\x00\x01\x9f\x5a\x50\xd2\xc3\
"

qt_version = [int(v) for v in QtCore.qVersion().split('.')]
if qt_version < [5, 8, 0]:
    rcc_version = 1
    qt_resource_struct = qt_resource_struct_v1
else:
    rcc_version = 2
    qt_resource_struct = qt_resource_struct_v2

def qInitResources():
    QtCore.qRegisterResourceData(rcc_version, qt_resource_struct, qt_resource_name, qt_resource_data)

def qCleanupResources():
    QtCore.qUnregisterResourceData(rcc_version, qt_resource_struct, qt_resource_name, qt_resource_data)

qInitResources()
